hw_terminal,vasicek_terminal
0.04326807298744925,0.029168247260183154
0.043675347510813665,0.029575521783547533
0.05917007816374475,0.045070252436478664
0.060028046226950404,0.045928220499684286
0.04133671600676935,0.02723689027950325
0.036566677557167464,0.022466851829901355
0.04759623667366318,0.03349641094639708
0.05544625091159987,0.04134642518433375
0.06460657253561147,0.05050674680834537
0.056833230155971616,0.04273340442870548
0.043992129986654,0.029892304259387884
0.051194960808412994,0.037095135081146875
0.041270586990134625,0.027170761262868506
0.049020559094335954,0.034920733367069856
0.04165009558092977,0.02755026985366368
0.03144422678166617,0.017344401054400053
0.051855793382627816,0.03775596765536169
0.06007186408795146,0.04597203836068535
0.03528308656203363,0.02118326083476752
0.04356923025780491,0.029469404530538788
0.07011048223601446,0.056010656508748355
0.05958285899122254,0.04548303326395641
0.058915873866486834,0.04481604813922072
0.039602714196599394,0.02550288846933327
0.07269917695484807,0.05859935122758196
0.058853987625372646,0.04475416189810652
0.057445949486169115,0.04334612375890301
0.04156626535809256,0.027466439630826418
0.05613997355490038,0.04204014782763428
0.06789417887297802,0.0537943531457119
0.04993661158951429,0.035836785862248165
0.05833267972237928,0.04423285399511317
0.04798666161198948,0.03388683588472339
0.037517172187454255,0.02341734646018816
0.051037201693199453,0.03693737596593334
0.06089473732500005,0.04679491159773395
0.04769296765615916,0.03359314192889303
0.0574401809277763,0.04334035520051019
0.051839439976503705,0.037739614249237594
0.04657179157930922,0.03247196585204311
0.052493256939174573,0.03839343121190847
0.03655521059592054,0.02245538486865444
0.04612603522724497,0.03202620949997886
0.0562668704896064,0.04216704476234028
0.060803321067931744,0.04670349534066564
0.041888084175308586,0.02778825844804249
0.05596701764117852,0.041867191913912416
0.04609830462524386,0.03199847889797775
0.07455325871924945,0.060453432991983344
0.04443819593576268,0.03033837020849656
0.051828081460273095,0.03772825573300699
0.05324131676673532,0.03914149103946921
0.0638131718312678,0.04971334610400169
0.0590346006073635,0.044934774880097374
0.052915351848135325,0.03881552612086922
0.04313535603705754,0.02903553030979142
0.05161260655087175,0.03751278082360564
0.06443154647124029,0.050331720743974184
0.06402979624498832,0.049929970517722175
0.05602367257253923,0.04192384684527312
0.04352056740862964,0.02942074168136353
0.04756545069919959,0.03346562497193347
0.06349375505161459,0.04939392932434846
0.045703066136062155,0.031603240408796036
0.04487830232061331,0.030778476593347193
0.04501139479006453,0.030911569062798405
0.06042251613002189,0.04632269040275578
0.05389421215461559,0.03979438642734947
0.06446275734413127,0.05036293161686516
0.051786143091058806,0.03768631736379269
0.04370889044450765,0.02960906471724153
0.055000520108676246,0.04090069438141011
0.04900425639079619,0.03490443066353007
0.04942344284507153,0.035323617117805434
0.0365956268586046,0.022495801131338502
0.03641301703718633,0.022313191309920242
0.04839370841576864,0.03429388268850253
0.03566907146440026,0.02156924573713414
0.057073452346217156,0.042973626618951044
0.04738435469797533,0.0332845289707092
0.05892596125386336,0.04482613552659723
0.03652696972307577,0.022427143995809678
0.05395760644704314,0.03985778071977703
0.04885860329188414,0.03475877756461803
0.049948538347186794,0.035848712619920675
0.05411579599318965,0.04001597026592354
0.03845814891429038,0.024358323187024272
0.04417196983805835,0.03007214411079222
0.05540344040152689,0.041303614674260795
0.04971045547562657,0.035610629748360434
0.05772168017713731,0.043621854449871204
0.07606142681908186,0.061961601091815734
0.048263348359724643,0.03416352263245854
0.05794869669547645,0.043848870968210336
0.03700960270279404,0.022909776975527926
0.06825574584872195,0.05415592012145583
0.045603253397142496,0.03150342766987639
0.05298561231842716,0.03888578659116104
0.05935846019303442,0.0452586344657683
0.043008442692149824,0.028908616964883713
0.05225128759833971,0.03815146187107361
0.04192079747084256,0.027820971743576436
0.04984118586656614,0.03574136013930004
0.05159516114225422,0.03749533541498811
0.07450436847920555,0.060404542751939426
0.059298307017380106,0.045198481290114015
0.04487632629332285,0.03077650056605673
0.03553794952358331,0.0214381237963172
0.057311118128270284,0.043211292401004166
0.04541586333979147,0.031316037612525355
0.051071006740406606,0.036971181013140494
0.05312372862071017,0.03902390289344406
0.060216625298570754,0.0461167995713046
0.05911214395730153,0.0450123182300354
0.07916666419295602,0.0650668384656899
0.06566161743942582,0.05156179171215971
0.05067781155659895,0.03657798582933284
0.03268035743426219,0.018580531706996077
0.048439471842838755,0.03433964611557264
0.04019716175708599,0.026097336029819878
0.045321942723433456,0.031222116996167344
0.0650060429810177,0.05090621725375158
0.0594119657712711,0.04531214004400499
0.048433464359855134,0.03433363863258902
0.044814197198556796,0.030714371471290667
0.05809486736627281,0.0439950416390067
0.05323434138913553,0.03913451566186943
0.039721621350843665,0.02562179562357755
0.03783709730220267,0.023737271574936537
0.04562189328190382,0.03152206755463772
0.0733046738204931,0.059204848093227
0.05135754133784588,0.03725771561057976
0.05756004504012705,0.04346021931286094
0.047950843944887266,0.033851018217621154
0.044402131837130994,0.03030230610986488
0.051362722455931105,0.03726289672866499
0.05544111210543345,0.041341286378167336
0.0626973529805712,0.0485975272533051
0.04472386925824988,0.03062404353098377
0.05183373187279541,0.037733906145529315
0.058541173246196544,0.04444134751893043
0.05614186050555611,0.04204203477828995
0.06858038349243897,0.05448055776517287
0.05776438290929098,0.043664557182024846
0.05113186099509871,0.03703203526783261
0.06028085427126452,0.0461810285439984
0.06634184940472061,0.052242023677454515
0.0553239235628052,0.04122409783553909
0.049361359691615835,0.035261533964349744
0.05151440957585636,0.03741458384859026
0.08673513718873663,0.07263531146147051
0.0355565599396421,0.02145673421237599
0.04494148215417778,0.030841656426911668
0.044545671274595064,0.030445845547328956
0.05674394770434177,0.042644121977075636
0.06380095744131176,0.04970113171404563
0.06300639418757288,0.048906568460306776
0.05962497250431188,0.04552514677704577
0.04769909350234331,0.0335992677750772
0.05052533269993854,0.03642550697267242
0.06581096546149665,0.05171113973423053
0.057643452326183814,0.04354362659891769
0.04220923742856728,0.028109411701301164
0.08131565263791393,0.06721582691064783
0.04793700254691555,0.0338371768196494
0.07492706277005276,0.06082723704278662
0.06788937888591284,0.05378955315864674
0.04369732084633915,0.02959749511907305
0.06517275404787667,0.051072928320610576
0.07075811746950962,0.05665829174224353
0.0503210154817069,0.03622118975444079
0.04641305258146813,0.03231322685420202
0.060790297058013365,0.04669047133074726
0.06717299207754167,0.05307316635027554
0.052179127565324404,0.03807930183805829
0.03748433741105356,0.02338451168378745
0.05204056740484044,0.03794074167757433
0.056214450749538104,0.04211462502227197
0.05814667593662076,0.04404685020935463
0.057761008242808165,0.043661182515542046
0.04660690839715828,0.03250708266989217
0.051332771419402796,0.037232945692136685
0.07179369928493072,0.05769387355766461
0.04038148161294805,0.02628165588568194
0.05518141622471586,0.04108159049744974
0.04520347384167782,0.0311036481144117
0.04785457002820436,0.03375474430093825
0.05601416657087021,0.041914340843604105
0.04580553683445424,0.031705711107188145
0.04391109840067993,0.02981127267341381
0.04550887735063371,0.03140905162336761
0.06389895873998577,0.049799133012719654
0.05796695172640599,0.04386712599913986
0.06784124548462411,0.053741419757358015
0.06515872654071805,0.05105890081345194
0.04899055790927814,0.03489073218201204
0.047693394618684444,0.03359356889141832
0.051738908977758,0.0376390832504919
0.06345207511183011,0.049352249384564
0.03259290167071322,0.018493075943447103
0.05662606125900164,0.042526235531735526
0.056901974112297325,0.042802148385031207
0.06715811251526096,0.053058286787994846
0.06767007252951131,0.05357024680224524
0.051158205756630555,0.03705838002936444
0.06800425275248329,0.05390442702521716
0.05602297942703131,0.04192315369976518
0.047854119069281394,0.03375429334201529
0.035030670448137805,0.020930844720871696
0.05182567310949639,0.03772584738223027
0.03786145749895731,0.023761631771691202
0.056571755711725485,0.04247192998445937
0.06856173991918102,0.05446191419191489
0.051566655182439504,0.0374668294551734
0.06725506514172601,0.05315523941445991
0.047033295366016546,0.032933469638750434
0.045572565023183,0.031472739295916874
0.05708922859012404,0.04298940286285792
0.06325724274591017,0.04915741701864406
0.06681941524922622,0.05271958952196011
0.048423850815651974,0.034324025088385876
0.0557951737728831,0.041695348045616996
0.0432929781389858,0.02919315241171969
0.06819326480550662,0.0540934390782405
0.06176409363072939,0.047664267903463245
0.05519880013804437,0.041098974410778255
0.04458484039102433,0.030485014663758248
0.05707171169279916,0.04297188596553305
0.04428657137959595,0.03018674565232983
0.060570594862555165,0.04647076913528904
0.05618826199407167,0.04208843626680556
0.055103900581942006,0.04100407485467589
0.04824281635889332,0.034142990631627214
0.029976396299638285,0.015876570572372163
0.055607839728963666,0.041508014001697534
0.05062787197462123,0.036528046247355124
0.06590847752343315,0.05180865179616706
0.04467032254981803,0.03057049682255191
0.04532998137922737,0.031230155651961272
0.034527843184166226,0.020428017456900108
0.06588057683549176,0.05178075110822564
0.05045301544114754,0.03635318971388141
0.06988436428078555,0.055784538553519426
0.049909992002973524,0.03581016627570741
0.05740985770881655,0.04331003198155046
0.06419048968887435,0.05009066396160824
0.036206817812886385,0.022106992085620256
0.055373012208430154,0.04127318648116405
0.0445205663807615,0.0304207406534954
0.074973825755321,0.06087400002805489
0.056436310647309945,0.04233648492004381
0.0583815385148613,0.044281712787595205
0.05740415889477526,0.043304333167509125
0.04804127618420262,0.0339414504569365
0.048411241536149875,0.03431141580888376
0.04299523600494964,0.028895410277683515
0.05978066206628569,0.04568083633901961
0.0334697676840948,0.019369941956828684
0.05132007403742493,0.037220248310158806
0.05734075055072399,0.043240924823457885
0.05598758117252829,0.04188775544526217
0.04828968237633669,0.03418985664907057
0.056917022779758214,0.0428171970524921
0.05575454398139465,0.04165471825412853
0.050111540268034376,0.03601171454076828
0.04849914776454302,0.0343993220372769
0.05548790989200544,0.04138808416473933
0.06219579607154185,0.04809597034427575
0.0545889224482913,0.0404890967210252
0.06048100977956879,0.04638118405230267
0.06869015906791412,0.05459033334064803
0.05974606512698642,0.045646239399720304
0.07056452226780718,0.056464696540541086
0.056222689058741095,0.04212286333147498
0.04720061458259211,0.033100788855326004
0.06009299696702826,0.045993171239762154
0.044946436693046585,0.030846610965780476
0.034175546650780445,0.020075720923514333
0.05939515635028453,0.04529533062301841
0.058042625181361135,0.04394279945409502
0.045947671508928804,0.0318478457816627
0.06343407480827543,0.049334249081009314
0.03678262030172654,0.022682794574460433
0.06052715762784964,0.04642733190058353
0.05063861445132718,0.036538788724061085
0.06732410643953513,0.053224280712269
0.07156270759348965,0.057462881866223524
0.05199086443928764,0.03789103871202153
0.050734010114451084,0.03663418438718497
0.06006501852149213,0.04596519279422604
0.06261081130309278,0.048510985575826664
0.05807969245928558,0.04397986673201947
0.04581200056042993,0.03171217483316381
0.0666017343800189,0.05250190865275282
0.04748551338000803,0.03338568765274191
0.044297338860781715,0.030197513133515604
0.06742182621722058,0.05332200048995449
0.05855938444167529,0.04445955871440918
0.059567927161986875,0.045468101434720756
0.05393102269767464,0.03983119697040851
0.0543180864095813,0.04021826068231518
0.06914887435584646,0.055049048628580365
0.07225433532402131,0.058154509596755215
0.05462152518417686,0.040521699456910754
0.05398402450373969,0.039884198776473576
0.0437840153787582,0.029684189651492082
0.05695276564059389,0.0428529399133278
0.06010933152389977,0.04600950579663366
0.05978855204606132,0.04568872631879522
0.039910327644780946,0.02581050191751484
0.05750892725766135,0.04340910153039523
0.057136345082915554,0.043036519355649464
0.04208015007363547,0.027980324346369354
0.04448144095609943,0.030381615228833307
0.06478179982571969,0.05068197409845358
0.05427661167741718,0.040176785950151055
0.054755621404995826,0.040655795677729714
0.06759342836268306,0.053493602635416956
0.05910900365355508,0.045009177926288974
0.06010466296083324,0.046004837233567124
0.04963172030536184,0.03553189457809571
0.048453038670091146,0.03435321294282503
0.051557485041279515,0.0374576593140134
0.056333089207798344,0.042233263480532225
0.06318183013233392,0.0490820044050678
0.03570594198057319,0.021606116253307064
0.056833333172973566,0.04273350744570746
0.05389081789386606,0.03979099216659994
0.06384532062042311,0.04974549489315703
0.03719607877644564,0.02309625304917954
0.03607610767718178,0.02197628194991566
0.04141873225210693,0.027318906524840827
0.037221356544826126,0.023121530817560017
0.04940418166090707,0.03530435593364097
0.0509529868620977,0.03685316113483161
0.06736797490339554,0.05326814917612941
0.052706754988427015,0.03860692926116089
0.05079317989997728,0.03669335417271116
0.06082300318523912,0.046723177457973004
0.06687397887756467,0.05277415315029856
0.05798821272511877,0.04388838699785264
0.05684016404260404,0.042740338315337946
0.03680280112813687,0.022702975400870747
0.05858836357163218,0.04448853784436607
0.04776635100789846,0.033666525280632346
0.0435814427193207,0.029481616992054586
0.057314241659534325,0.04321441593226821
0.06442445137899407,0.05032462565172796
0.032857886232605465,0.018758060505339336
0.04733105508129633,0.03323122935403021
0.050171652337630525,0.036071826610364406
0.05050102034432959,0.03640119461706348
0.0412760471169211,0.027176221389654996
0.04905110223416258,0.034951276506896466
0.052232237308133395,0.03813241158086729
0.04834894982932433,0.03424912410205821
0.05784322570669332,0.04374339997942721
0.04816775445871317,0.03406792873144706
0.03881932126393574,0.024719495536669613
0.04510500280899841,0.03100517708173229
0.06360973468672931,0.04950990895946321
0.05672852453452501,0.04262869880725889
0.05493609890453176,0.04083627317726564
0.06452196458637925,0.050422138859113126
0.05666606887700305,0.04256624314973693
0.05474652667956441,0.0406467009522983
0.04919338379021154,0.03509355806294544
0.06542587551534941,0.0513260497880833
0.05059751027464957,0.03649768454738347
0.048413456750890795,0.03431363102362469
0.05948679962595656,0.04538697389869045
0.041716515606205304,0.02761668987893918
0.056522201680634106,0.042422375953368
0.06667530228194428,0.052575476554678174
0.06954396772749091,0.0554441420002248
0.04072865860590603,0.026628832878639916
0.07999231340090539,0.0658924876736393
0.06824307351568693,0.054143247788420786
0.0526825482211767,0.038582722493910565
0.045731625827970745,0.031631800100704634
0.04600291968030862,0.0319030939530425
0.045406246625765145,0.031306420898499034
0.054679461024063764,0.040579635296797666
0.048190536374031465,0.034090710646765346
0.05101167667208568,0.036911850944819566
0.05484829838620844,0.04074847265894232
0.05856991010329651,0.044470084376030415
0.057539603386093104,0.043439777658826964
0.05011336876893746,0.03601354304167136
0.05830226570447285,0.044202439977206735
0.0389449191825093,0.024845093455243186
0.07337945025673394,0.05927962452946783
0.055878148686487064,0.041778322959220945
0.07517900193587887,0.06107917620861274
0.05041586857136434,0.03631604284409823
0.04832127916779489,0.03422145344052879
0.05088596917496563,0.036786143447699524
0.04276816451155567,0.02866833878428953
0.05711416357284602,0.0430143378455799
0.041241841718562974,0.027142015991296863
0.038232141331775944,0.024132315604509843
0.049595248119790596,0.0354954223925245
0.05682717001533323,0.04272734428806711
0.061242804738366415,0.04714297901110031
0.0354198675114034,0.021320041784137284
0.04994024803794912,0.035840422310683025
0.046133746184707836,0.032033920457441724
0.06577297838406458,0.051673152656798484
0.05875988121332305,0.04466005548605692
0.06047185507369322,0.04637202934642712
0.06055404823901285,0.04645422251174673
0.03232972388884808,0.018229898161581954
0.064932715492072,0.05083288976480591
0.05988567086920134,0.045785845141935226
0.04924810426905376,0.03514827854178765
0.04453562482813392,0.030435799100867817
0.0556097024194622,0.041509876692196086
0.050509025143966046,0.03640919941669993
0.05972938048330467,0.045629554756038554
0.05571954574070063,0.041619720013434496
0.04794432881079291,0.03384450308352679
0.04079186245339328,0.026692036726127157
0.05185939375401863,0.0377595680267525
0.04641530248708889,0.03231547675982277
0.06236002319813355,0.04826019747086742
0.0453996001354521,0.031299774408185994
0.05629582701302342,0.042196001285757304
0.06403326888476764,0.04993344315750152
0.06074315502347796,0.04664332929621185
0.07143619271348253,0.057336366986216435
0.07011770504501551,0.05601787931774939
0.04932647250719053,0.03522664677992442
0.060420877880735656,0.04632105215346956
0.0495496064414992,0.0354497807142331
0.06213719494356388,0.048037369216297775
0.06650022266199493,0.052400396934728796
0.058268304306237674,0.044168478578971576
0.06387445734087191,0.04977463161360582
0.05992241082545107,0.04582258509818496
0.047763632559007174,0.033663806831741055
0.058885372116231974,0.044785546388965834
0.03000643344356088,0.015906607716294777
0.03947082368652916,0.025370997959263047
0.06042193378371782,0.0463221080564517
0.040319259437231025,0.02621943370996491
0.03152558589379625,0.01742576016653015
0.04954260337679391,0.0354427776495278
0.06460543434056146,0.05050560861329533
0.051003919962849975,0.03690409423558387
0.05057179558986468,0.036471969862598576
0.06598291854449884,0.05188309281723271
0.05320782419482339,0.039107998467557276
0.04066540849806894,0.026565582770802836
0.047386051084220907,0.03328622535695478
0.046189303204878907,0.032089477477612795
0.028456221936228192,0.014356396208962086
0.04900797903308758,0.034908153305821456
0.04794263809980491,0.033842812372538805
0.050704657096434076,0.036604831369167964
0.06066121210553457,0.046561386378268455
0.04692987897980165,0.03283005325253554
0.061214122106924646,0.04711429637965854
0.07998905062269294,0.06588922489542683
0.03700447279950459,0.02290464707223848
0.05983365223680981,0.0457338265095437
0.05659328037744942,0.04249345465018331
0.0602389138215004,0.0461390880942343
0.06302221081159674,0.048922385084330645
0.05181455396378622,0.0377147282365201
0.033141644371431266,0.019041818644165168
0.06530813180581625,0.05120830607855014
0.06557513225950812,0.051475306532242006
0.06939508615818268,0.05529526043091658
0.05820499811462376,0.04410517238735765
0.058675785424766334,0.04457595969750021
0.043918144027755276,0.02981831830048917
0.06626890746976782,0.0521690817425017
0.055908414627896044,0.041808588900629946
0.0651597801089817,0.0510599543817156
0.04605531433528571,0.03195548860801958
0.054945627096442906,0.04084580136917678
0.07702824968221543,0.06292842395494934
0.05849913694737783,0.04439931122011173
0.05382867333481447,0.039728847607548363
0.05924259494703255,0.04514276921976643
0.053677744452297,0.03957791872503088
0.04477125448615055,0.030671428758884452
0.042568814808652385,0.028468989081386276
0.06372535040224012,0.04962552467497401
0.04737644208212324,0.03327661635485714
0.0436573223755626,0.029557496648296485
0.057910959187069275,0.04381113345980316
0.05890518141201395,0.044805355684747854
0.05161253248173498,0.03751270675446886
0.05770177867688651,0.043601952949620396
0.0627754797734046,0.04867565404613846
0.039418184436936274,0.025318358709670166
0.06348239336558475,0.04938256763831863
0.054779050510586014,0.04067922478331991
0.05530277770446414,0.04120295197719802
0.05167056107247432,0.037570735345208196
0.053626112586076066,0.03952628685880997
0.04512596601456468,0.03102614028729857
0.05311694292382587,0.03901711719655977
0.04536173856950416,0.03126191284223803
0.054364440939837125,0.04026461521257099
0.025639079026633857,0.011539253299367738
0.04614928578338345,0.03204946005611733
0.05982844187519243,0.045728616147926344
0.0613602648356417,0.04726043910837559
0.04702542295514464,0.032925597227878516
0.05524483885707482,0.0411450131298087
0.045920954143455935,0.03182112841618982
0.06251938180414554,0.04841955607687943
0.06499518010375681,0.05089535437649072
0.04991278043548406,0.03581295470821796
0.057415016484787154,0.04331519075752105
0.0413656641858157,0.027265838458549588
0.06124920947073562,0.047149383743469504
0.05538334786793697,0.04128352214067085
0.051379567323664666,0.03727974159639856
0.053362248966020626,0.03926242323875451
0.04688453263487417,0.03278470690760804
0.06130360607426168,0.04720378034699558
0.0614144186039156,0.04731459287664948
0.045387253216357816,0.03128742748909169
0.05675345802900553,0.04265363230173941
0.06038140645529408,0.04628158072802798
0.05395999500832694,0.03986016928106082
0.06820186869824545,0.05410204297097933
0.03476827492000022,0.020668449192734077
0.06851319248713697,0.054413366759870886
0.05333539032156198,0.03923556459429586
0.04343865517400114,0.02933882944673502
0.047344712784888006,0.03324488705762189
0.04958306342544537,0.03548323769817925
0.0455956266026659,0.03149580087539977
0.05736007767092407,0.043260251943657964
0.047576496211984544,0.03347667048471843
0.046528792787423084,0.03242896706015696
0.037931264401358813,0.023831438674092698
0.03875419800411563,0.024654372276849513
0.03767511329528328,0.02357528756801717
0.06411147947351521,0.05001165374624909
0.05218454621250385,0.03808472048523773
0.06266247318415312,0.048562647456887
0.0628499831792886,0.048750157452022484
0.050745816178051434,0.03664599045078533
0.057766348599790435,0.04366652287252432
0.0349506545415488,0.0208508288142827
0.06490929712632544,0.05080947139905931
0.06692130049038898,0.05282147476312287
0.034492756650254745,0.02039293092298863
0.058651632157038565,0.04455180642977245
0.0599650219015269,0.0458651961742608
0.07391535053752304,0.05981552481025693
0.05725688754284865,0.04315706181558253
0.06787037046772984,0.05377054474046373
0.0585565023074585,0.044456676580192395
0.06744455495359974,0.053344729226333626
0.05770582222444823,0.04360599649718211
0.05696272986150308,0.04286290413423699
0.054462510369210376,0.040362684641944264
0.04465918295796297,0.030559357230696874
0.06513699329210261,0.0510371675648365
0.054034082927846235,0.03993425720058014
0.06258851136281235,0.04848868563554624
0.046952646325415466,0.03285282059814934
0.05249111718563698,0.03839129145837088
0.045622697329722524,0.03152287160245639
0.061770504322312784,0.04767067859504668
0.046013940420739925,0.031914114693473834
0.04206017694932904,0.02796035122206294
0.052354248477910405,0.03825442275064428
0.06536453520501545,0.051264709477749325
0.04029870901894651,0.0261988832916804
0.059952851005943344,0.045853025278677205
0.055292422620044766,0.04119259689277867
0.04732075284826744,0.033220927121001324
0.049138472623051904,0.03503864689578579
0.06207640906707538,0.04797658333980925
0.049825519749326294,0.03572569402206018
0.053831467574008474,0.03973164184674236
0.05559127621443828,0.04149145048717217
0.05477116825617814,0.04067134252891201
0.04607169606308366,0.03197187033581753
0.06144408838562715,0.04734426265836102
0.04335726518818345,0.02925743946091733
0.0669182515431452,0.052818425815879096
0.03168830164001019,0.01758847591274408
0.060669253956789966,0.04656942822952384
0.047018905698820335,0.032919079971554216
0.05256791369676672,0.03846808796950061
0.051231662666911544,0.037131836939645446
0.04272798456010595,0.028628158832839846
0.049842248456074156,0.035742422728808045
0.057618397607124804,0.0435185718798587
0.045256174445424485,0.031156348718158384
0.05176844722844964,0.03766862150118354
0.051256077139968305,0.037156251412702186
0.051508756789643034,0.03740893106237693
0.04567445333845939,0.03157462761119329
0.050424246763099846,0.036324421035833734
0.056378865661784947,0.04227903993451883
0.051578870041615245,0.03747904431434913
0.06121827374211018,0.04711844801484405
0.03632438167631678,0.022224555949050658
0.05520550256348384,0.04110567683621774
0.04388275531416219,0.029782929586896083
0.050687581652109626,0.03658775592484351
0.0508421211485314,0.036742295421265274
0.049313940189071495,0.03521411446180538
0.04256239740409085,0.028462571676824724
0.04838308951159935,0.034283263784333246
0.03936096142732244,0.025261135700056326
0.049378753706258556,0.03527892797899242
0.05934253417064236,0.045242708443376245
0.0551274596919301,0.041027633964663995
0.06038116490574579,0.0462813391784797
0.05452632023479361,0.0404264945075275
0.05937626768714886,0.045276441959882764
0.05474606641012104,0.04064624068285496
0.059836699669207016,0.045736873941940884
0.05870104769002204,0.04460122196275593
0.052952897054440604,0.0388530713271745
0.05075539276914442,0.036655567041878286
0.06419686325166299,0.05009703752439688
0.07129297673432348,0.057193151007057394
0.04801684320531752,0.033917017478051405
0.05663078399885625,0.04253095827159013
0.0388227145349999,0.024722888807733788
0.06106896153559082,0.04696913580832469
0.057951689804318925,0.04385186407705282
0.03780726951173229,0.02370744378446616
0.05052528460802674,0.03642545888076062
0.04469357354487263,0.030593747817606518
0.0490557527665085,0.03495592703924238
0.05646065283880215,0.042360827111536034
0.052665240555777176,0.038565414828511044
0.04817157917023296,0.03407175344296682
0.04592609447358545,0.03182626874631933
0.08441602172257967,0.07031619599531355
0.06131187438462434,0.047212048657358244
0.0605470184152282,0.0464471926879621
0.049649119192671565,0.03554929346540545
0.059528252629655456,0.04542842690238935
0.07063946819976614,0.05653964247250003
0.05396756072459016,0.039867734997324045
0.04740091262569016,0.033301086898424065
0.036178917182105426,0.022079091454839297
0.044699617960406,0.030599792233139883
0.04475952783601571,0.030659702108749583
0.031913530191978776,0.017813704464712657
0.043338815370913414,0.029238989643647306
0.0606565397850658,0.04655671405779969
0.048235620204970506,0.034135794477704394
0.04026862937659305,0.026168803649326944
0.06494988590650015,0.05085006017923404
0.04781482182956684,0.033714996102300714
0.05881251170839737,0.04471268598113125
0.044696077496398263,0.03059625176913213
0.06055093651313192,0.04645111078586582
0.037343504074564375,0.023243678347298256
0.05302274189207665,0.03892291616481054
0.055705933735708785,0.04160610800844268
0.06196556413854283,0.04786573841127672
0.07024069123472246,0.05614086550745633
0.058116037364986814,0.044016211637720695
0.07868300811539752,0.0645831823881314
0.0581763939605409,0.044076568233274785
0.05895719638887323,0.04485737066160712
0.0564176245486073,0.04231779882134119
0.04441293088969667,0.030313105162430555
0.06273749987876615,0.04863767415150002
0.06281731146867232,0.0487174857414062
0.05435686616548472,0.04025704043821861
0.047185641183955566,0.033085815456689455
0.04599496113256833,0.03189513540530222
0.024991128356096286,0.010891302628830177
0.058035907663768614,0.04393608193650252
0.05767475109251194,0.04357492536524583
0.061784122616420356,0.047684296889154244
0.050061445859126696,0.03596162013186058
0.03956971086922301,0.025469885141956878
0.04612433208228928,0.03202450635502313
0.0475104147437092,0.03341058901644308
0.061506063250034486,0.04740623752276838
0.05435233947004831,0.040252513742782194
0.046781892358412056,0.032682066631145944
0.048435282782246,0.03433545705497989
0.04551289851130857,0.031413072784042456
0.04833467110240673,0.03423484537514063
0.05133625591006832,0.03723643018280222
0.04807720651186428,0.033977380784598166
0.05015181203598188,0.03605198630871577
0.05290894337781833,0.03880911765055223
0.052483292239764535,0.03838346651249842
0.0704318989509101,0.05633207322364399
0.04386410355885552,0.029764277831589407
0.05973105636998785,0.04563123064272173
0.05722559818847554,0.04312577246120943
0.05573560714495937,0.04163578141769325
0.04709866928967487,0.03299884356240876
0.06322566784941237,0.049125842122146275
0.05936475938132141,0.04526493365405532
0.06655338220414513,0.05245355647687901
0.04678801604153257,0.03268819031426646
0.049688499076228555,0.03558867334896244
0.047567505414862196,0.03346767968759609
0.05343110245285396,0.039331276725587845
0.054325464473492936,0.04022563874622684
0.045388219084334123,0.03128839335706801
0.03154996659461499,0.017450140867348866
0.04070576135423512,0.026605935626968998
0.06072718845085919,0.04662736272359308
0.05991576319054088,0.045815937463274774
0.059493379643585184,0.04539355391631907
0.04691452855113717,0.03281470282387105
0.05480893149720004,0.04070910576993394
0.06822965039550159,0.05412982466823545
0.04577176032957561,0.03167193460230948
0.06983837451151055,0.055738548784244425
0.058431703991020816,0.04433187826375471
0.07009694843471703,0.0559971227074509
0.042522646084009234,0.028422820356743116
0.039804289507657534,0.02570446378039142
0.042219472075092516,0.02811964634782639
0.05747569625450427,0.04337587052723815
0.06859999600124259,0.054500170273976474
0.06844114210530182,0.054341316378035694
0.06341583564891563,0.04931600992164951
0.0475189668332969,0.03341914110603079
0.06457930846807587,0.05047948274080975
0.03745357096399501,0.023353745236728896
0.03505613400385509,0.02095630827658899
0.027573208836497404,0.013473383109231286
0.05177455324846574,0.037674727521199644
0.05577455841852032,0.04167473269125421
0.04225106036930125,0.02815123464203513
0.07261005621634231,0.058510230489076186
0.05844672152827028,0.04434689580100419
0.06800407503837742,0.05390424931111127
0.05372008302320345,0.03962025729593734
0.06620387671478038,0.05210405098751424
0.061074690988556245,0.04697486526129015
0.05357582971153745,0.03947600398427135
0.03663193723602644,0.022532111508760333
0.06233017816341637,0.048230352436150266
0.04538124694314888,0.031281421215882774
0.058443187905697164,0.04434336217843105
0.04728188131713383,0.03318205558986772
0.048495130728102624,0.03439530500083651
0.04552595543420266,0.03142612970693655
0.05830090965508901,0.04420108392782289
0.05227885834919842,0.03817903262193228
0.049668589717796585,0.03556876399053046
0.04219943315562993,0.02809960742836381
0.06051337825164289,0.04641355252437674
0.04564485410871584,0.031545028381449736
0.04220098477256069,0.02810115904529458
0.04308849722807352,0.028988671500807434
0.05466376227158891,0.04056393654432279
0.060615737680347115,0.046515911953080996
0.05893265318485444,0.044832827457588334
0.08360954912833483,0.06950972340106877
0.051991541487959494,0.03789171576069338
0.0636516587181488,0.04955183299088271
0.04570573539635736,0.03160590966909124
0.05449335750939198,0.040393531782125874
0.058022615248144026,0.04392278952087791
0.05602366183488662,0.041923836107620516
0.040071443310466894,0.025971617583200775
0.044285474666719345,0.030185648939453223
0.03933715659058588,0.02523733086331975
0.04731899371195231,0.03321916798468619
0.041836600571331754,0.027736774844065625
0.04319815745034472,0.029098331723078585
0.06247815197675344,0.04837832624948731
0.07770520497289145,0.06360537924562536
0.05905809139943505,0.04495826567216894
0.046875794294823976,0.03277596856755785
0.05417214027066224,0.04007231454339614
0.051759178765835114,0.03765935303856899
0.05477094354290897,0.04067111781564286
0.0481899355912867,0.03409010986402058
0.05200888391624589,0.03790905818897978
0.0467293940281907,0.03262956830092459
0.030313801030309843,0.01621397530304373
0.0387426887354034,0.024642863008137283
0.05810817419296165,0.04400834846569553
0.058852152650609786,0.04475232692334368
0.06140102098287743,0.047301195255611314
0.05168042160381563,0.037580595876549515
0.0481015078810244,0.034001682153758296
0.056810623819509784,0.04271079809224368
0.042780714383771415,0.02868088865650531
0.060119778419353946,0.04601995269208784
0.047567379590534496,0.03346755386326838
0.04772702181500592,0.033627196087739814
0.0522496534234274,0.038149827696161286
0.03994041051122003,0.02584058478395392
0.03953658426961247,0.025436758542346373
0.040488340456377996,0.026388514729111887
0.05470033641049405,0.04060051068322794
0.04571013556248418,0.03161030983521807
0.057568570893472296,0.04346874516620621
0.0502116981248267,0.03611187239756058
0.04698372623620398,0.032883900508937886
0.04903792140964483,0.03493809568237871
0.049822852410944585,0.035723026683678466
0.03970178825213087,0.025601962524864748
0.04809231395636603,0.03399248822909992
0.03637758276775982,0.0222777570404937
0.060846778279100525,0.04674695255183443
0.04733366711756029,0.03323384139029418
0.07321245638119636,0.05911263065393023
0.05895273825484555,0.04485291252757945
0.05293424743236692,0.038834421705100805
0.04542549094710439,0.03132566521983829
0.061938338725924295,0.04783851299865816
0.05562080359909825,0.04152097787183213
0.04485143472493516,0.030751608997669044
0.047847660265805926,0.03374783453853981
0.045358062902470825,0.03125823717520471
0.06067714504080471,0.0465773193135386
0.05397131987558115,0.03987149414831503
0.03728415474857233,0.0231843290213062
0.06093453963187327,0.046834713904607146
0.048543405943443904,0.034443580216177765
0.048291835867967474,0.034192010140701355
0.05544395532481463,0.04134412959754853
0.0373542542311978,0.023254428503931675
0.06609707523705846,0.05199724950979234
0.04005019682664564,0.02595037109937952
0.05511710060553888,0.041017274878272766
0.061028536275491777,0.046928710548225665
0.06612442094142837,0.05202459521416227
0.061990527581677474,0.04789070185441134
0.057601940064196146,0.043502114336930055
0.03537154159334082,0.021271715866074715
0.026292774284736142,0.012192948557470024
0.06331937678378385,0.049219551056517735
0.06714451988493451,0.05304469415766839
0.04498976047437889,0.030889934747112782
0.06536439035735626,0.05126456463009017
0.04285474831397094,0.028754922586704826
0.05332148995659509,0.03922166422932897
0.038541409468256765,0.02444158374099067
0.06182070960196866,0.047720883874702566
0.053947801577025306,0.03984797584975919
0.06698396025418478,0.052884134526918675
0.04526647691162153,0.031166651184355396
0.058098645348998716,0.0439988196217326
0.047630794049656026,0.033530968322389915
0.04865022256523794,0.034550396837971814
0.06350858383950123,0.049408758112235135
0.05871601676810214,0.04461619104083602
0.06997557120344577,0.055875745476179656
0.053687178828658644,0.03958735310139254
0.05296873710263813,0.03886891137537203
0.05205030550742122,0.037950479780155096
0.03801745133122659,0.02391762560396049
0.052309912980300396,0.03821008725303428
0.059053740920368795,0.04495391519310267
0.047142163955803694,0.03304233822853757
0.06229153691550154,0.04819171118823543
0.05634908960152133,0.04224926387425521
0.0468610953815339,0.03276126965426777
0.06616159734957498,0.05206177162230888
0.05282943364538479,0.038729607918118664
0.05970407290757916,0.04560424718031303
0.05041915256199093,0.036319326834724816
0.06659594292074678,0.05249611719348068
0.03727950190991617,0.02317967618265007
0.05583930355739582,0.04173947783012972
0.06955022352623572,0.05545039779896957
0.06696807723587768,0.05286825150861153
0.037334530944230324,0.02323470521696421
0.0562422815805002,0.04214245585323409
0.05183037715692646,0.03773055142966034
0.05748074262088681,0.04338091689362071
0.0660709750503765,0.05197114932311038
0.04050645838295386,0.02640663265568773
0.055935654444856785,0.04183582871759065
0.0361960894468946,0.02209626371962848
0.05691501388229083,0.04281518815502474
0.0618199678012511,0.04772014207398497
0.04598019776290105,0.031880372035634916
0.044865248022853146,0.03076542229558702
0.05776658595181404,0.043666760224547935
0.04514152680560022,0.031041701078334108
0.049603523916720946,0.03550369818945483
0.05027615898426758,0.03617633325700147
0.06236414502159019,0.04826431929432408
0.03192160477780203,0.017821779050535926
0.051910590883110966,0.03781076515584487
0.05362145329109718,0.03952162756383106
0.057934859492267995,0.043835033765001884
0.05552589602200206,0.04142607029473593
0.04478661612427473,0.030686790397008615
0.045113247827762784,0.031013422100496676
0.04966452877700423,0.035564703049738106
0.06733943189664954,0.05323960616938347
0.046892223377032,0.03279239764976589
0.04682032744232266,0.032720501715056555
0.0447379695936077,0.03063814386634158
0.05077079948394669,0.03667097375668059
0.042845429011967404,0.028745603284701278
0.046469178610028326,0.03236935288276224
0.05875685095854578,0.044657025231279686
0.05838733197822958,0.04428750625096346
0.06607009423971148,0.05197026851244539
0.06181128429936613,0.04771145857210001
0.05631556080641876,0.04221573507915264
0.040546483913139295,0.02644665818587317
0.05240183685251793,0.03830201112525182
0.06462092823104701,0.050521102503780904
0.04600738749913886,0.03190756177187277
0.03506938021007839,0.020969554482812278
0.04943070011074589,0.035330874383479774
0.050029549813458925,0.03592972408619282
0.06673596215787728,0.05263613643061122
0.05897573492913292,0.044875909201866813
0.045071521788227265,0.030971696060961167
0.06251755706080031,0.04841773133353419
0.05698931062498379,0.04288948489771768
0.06876930488698293,0.054669479159716816
0.07352713807450527,0.059427312347239164
0.05549453513640393,0.041394709409137836
0.04819014023525979,0.03409031450799368
0.06329894572676859,0.04919911999950246
0.054912379601135784,0.04081255387386966
0.08569414625199322,0.07159432052472711
0.06130957442568392,0.0472097486984178
0.04662070840040736,0.032520882673141245
0.042727954755178654,0.028628129027912542
0.05403328310070769,0.03993345737344158
0.05596601953173569,0.041866193804469584
0.04973159131774443,0.035631765590478315
0.051643341188757234,0.037543515461491116
0.05371274199941081,0.0396129162721447
0.0670213967130175,0.052921570985751405
0.0570228876535688,0.04292306192630269
0.06576914260637022,0.05166931687910411
0.05286192736509626,0.03876210163783015
0.04539626297114528,0.03129643724387916
0.04690852769195267,0.03280870196468657
0.06319134189059436,0.04909151616332825
0.05951480164686471,0.045414975919598574
0.061017000873742094,0.04691717514647598
0.03934296116220799,0.025243135434941888
0.06294625254000209,0.048846426812736
0.0548873370660016,0.04078751133873548
0.08028643543033231,0.06618660970306621
0.05562588976268355,0.041526064035417455
0.06835099531407102,0.05425116958680492
0.06435436159895386,0.05025453587168774
0.039400581601413,0.02530075587414689
0.04476483292528467,0.030665007198018564
0.04769110751657811,0.03359128178931199
0.055277182677973706,0.0411773569507076
0.06621421920392623,0.05211439347666009
0.04738502034993688,0.03328519462267074
0.0562274706477891,0.04212764492052298
0.05186930511745235,0.03776947939018623
0.05053695300276276,0.036437127275496604
0.04585192308910447,0.031752097361838344
0.06720793484918929,0.05310810912192319
0.0648254707059859,0.050725644978719786
0.050701835596497005,0.036602009869230914
0.047305674393538576,0.033205848666272464
0.05967667238569814,0.04557684665843203
0.05954374567617647,0.04544391994891037
0.03702837984062939,0.022928554113363274
0.04882785579082781,0.03472803006356169
0.049997564663887675,0.035897738936621564
0.05106845120712579,0.03696862547985967
0.04121085420460972,0.027111028477343615
0.06338409867958003,0.04928427295231392
0.0545265005586173,0.04042667483135118
0.06886592157745847,0.05476609585019235
0.05048064460948144,0.036380818882215345
0.036640721130229675,0.022540895402963564
0.0651814277835793,0.05108160205631318
0.050900574545885195,0.03680074881861908
0.06358513793158589,0.049485312204319794
0.03753752403501295,0.023437698307746824
0.05359102106181676,0.03949119533455065
0.04709928220368863,0.0329994564764225
0.03170494515910336,0.017605119431837256
0.05562217279297611,0.04152234706570999
0.04998689384297094,0.03588706811570482
0.057343997876580066,0.04324417214931397
0.05979714046867715,0.04569731474141105
0.06123978629620295,0.04713996056893684
0.0634676144266107,0.04936778869934458
0.04894816261147675,0.03484833688421063
0.0532919775950047,0.039192151867738605
0.062181806919146515,0.048081981191880424
0.055050469914306295,0.040950644187040176
0.04454183827108579,0.030442012543819667
0.04561916608592721,0.0315193403586611
0.06426305989110936,0.05016323416384329
0.07749484292740298,0.06339501720013684
0.056943051098453615,0.042843225371187496
0.05767028185326808,0.04357045612600195
0.048953629442964164,0.03485380371569805
0.08000709933531752,0.0659072736080514
0.052297793113632716,0.03819796738636661
0.04545206732128214,0.03135224159401603
0.06723210468240633,0.053132278955140194
0.049799435150983576,0.03569960942371747
0.051946935964798054,0.037847110237531956
0.042833544250996114,0.028733718523730006
0.05592485783972927,0.04182503211246313
0.030675686891058124,0.01657586116379201
0.04680301241781736,0.03270318669055123
0.07010651526903292,0.056006689541766796
0.0652607871191555,0.05116096139188937
0.0481691914562564,0.03406936572899029
0.05329514998528388,0.03919532425801775
0.04562506515986982,0.0315252394326037
0.027965929954562003,0.013866104227295872
0.06502404408061423,0.05092421835334815
0.041125393986408666,0.027025568259142548
0.056516237090505975,0.042416411363239835
0.048725065028538135,0.03462523930127204
0.048597586183550125,0.03449776045628401
0.04978412696578756,0.03568430123852146
0.04359373006725462,0.029493904339988525
0.04265428981234772,0.028554464085081593
0.04045709071598932,0.026357264988723206
0.04201009326809136,0.027910267540825286
0.05352558451547894,0.039425758788212806
0.046290233713619386,0.03219040798635326
0.0563143748141017,0.0422145490868356
0.0650271678576774,0.05092734213041128
0.05356163866967748,0.03946181294241139
0.05398361849638456,0.039883792769118465
0.06148346189196929,0.04738363616470319
0.04948441086656767,0.03538458513930156
0.06363227198561423,0.04953244625834812
0.05500006799671932,0.0409002422694532
0.050569718708028,0.03646989298076187
0.04822056721605899,0.03412074148879287
0.06447177867767458,0.05037195295040849
0.03791861391509371,0.02381878818782762
0.04923665680618471,0.035136831078918594
0.06004340550233823,0.04594357977507211
0.058045741139606505,0.04394591541234039
0.048559603846454615,0.03445977811918848
0.05589487978988522,0.04179505406261911
0.06265432627225873,0.0485545005449926
0.061387938930882915,0.0472881132036168
0.06827547665944059,0.054175650932174454
0.05088869806145789,0.03678887233419177
0.07046419113422872,0.05636436540696261
0.05705032404939078,0.042950498322124664
0.04750440444777154,0.03340457872050543
0.06294741664581659,0.04884759091855047
0.04494635343340915,0.03084652770614304
0.0629649414583101,0.04886511573104398
0.04528894367790276,0.031189117950636634
0.04768265072390021,0.03358282499663407
0.054683694958347955,0.040583869231081836
0.062153248346008286,0.04805342261874216
0.062101214485695846,0.04800138875842972
0.0638149529676694,0.04971512724040329
0.03225459003814653,0.018154764310880405
0.05658662431769563,0.04248679859042952
0.06195305421314605,0.047853228485879945
0.06045402903044145,0.046354203303175336
0.0506325015899851,0.036532675862718994
0.03675989541188836,0.022660069684622235
0.06366913052736496,0.04956930480009886
0.040928511217338655,0.026828685490072543
0.06078970625791055,0.04668988053064442
0.05201143593396286,0.037911610206696734
0.055552274086335104,0.04145244835906897
0.05578734646529748,0.0416875207380314
0.055751503878760766,0.04165167815149465
0.0414726818188235,0.027372856091557388
0.05748475809527747,0.043384932368011365
0.0686579830619613,0.05455815733469519
0.04424448084813331,0.030144655120867208
0.05337540149029534,0.03927557576302923
0.06322160272933332,0.049121777002067206
0.03976574326175918,0.025665917534493054
0.06315373996753304,0.04905391424026692
0.04774495914541043,0.033645133418144305
0.052965153229665565,0.03886532750239947
0.04933294605706066,0.035233120329794525
0.06074333899157298,0.0466435132643069
0.06424295677467004,0.05014313104740391
0.060209163643482846,0.04610933791621673
0.043945599315118766,0.02984577358785265
0.06372943931049936,0.049629613583233236
0.060764528700049565,0.04666470297278345
0.0667817153373015,0.05268188961003539
0.07244720258765468,0.058347376860388545
0.03921613992228577,0.025116314195019675
0.06167747634040881,0.04757765061314271
0.04077712808623812,0.026677302358972005
0.053514204115292945,0.039414378388026826
0.04973073902570051,0.0356309132984344
0.04542539925601291,0.03132557352874681
0.05141437620621004,0.037314550478943935
0.07115435415231272,0.05705452842504664
0.049271169893060074,0.03517134416579397
0.05169252467607555,0.03759269894880945
0.04732242011966684,0.03322259439240074
0.05888145594128305,0.04478163021401694
0.052938335084067964,0.03883850935680185
0.056108395761491854,0.04200857003422577
0.052675720450076076,0.03857589472280995
0.06478435335878817,0.05068452763152207
0.03861592693448757,0.02451610120722148
0.050107753979122524,0.036007928251856405
0.06207060224429039,0.04797077651702428
0.057885190406388266,0.043785364679122175
0.0519797724919301,0.03787994676466397
0.04745886378536318,0.03335903805809706
0.06460600273202864,0.05050617700476253
0.050737748654221176,0.03663792292695507
0.06302800206524134,0.04892817633797522
0.061139530054765044,0.047039704327498946
0.05521049787245266,0.04111067214518656
0.040023879608170033,0.025924053880903915
0.06643576854542786,0.05233594281816176
0.05297085347334185,0.03887102774607574
0.058856221098486546,0.04475639537122043
0.03907199570424211,0.02497216997697601
0.05088863072853683,0.03678880500127071
0.04440023340903954,0.030300407681773427
0.061462351095240314,0.0473625253679742
0.05442367330376022,0.040323847576494105
0.04358665171688907,0.029486825989622975
0.06196279401472585,0.04786296828745973
0.03486458298408019,0.02076475725681407
0.057296374575351236,0.04319654884808513
0.038530374619147136,0.024430548891881006
0.06333562908255319,0.04923580335528705
0.046925832165951586,0.032826006438685496
0.06504258048009065,0.05094275475282453
0.05762432755248444,0.04352450182521831
0.0564843042299764,0.04238447850271029
0.06026541559282335,0.04616558986555722
0.050840647059145934,0.036740821331879836
0.04267634404662671,0.028576518319360592
0.05906543169302801,0.04496560596576192
0.04564170936114128,0.03154188363387517
0.04629806648088047,0.03219824075361435
0.055796163465108885,0.04169633773784278
0.05387407259928563,0.03977424687201952
0.04392958766658562,0.02982976193931951
0.05527795787548309,0.04117813214821697
0.041188835054279685,0.027089009327013584
0.066165521460769,0.052065695733502865
0.06525447269808081,0.051154646970814635
0.058381151117375144,0.044281325390109046
0.056030583665292115,0.04193075793802602
0.0590421649821436,0.04494233925487747
0.048577555047219785,0.03447772931995368
0.06499939113540805,0.05089956540814194
0.06188066917425985,0.047780843446993744
0.049413263521050854,0.035313437793784735
0.06136629671427479,0.047266470987008674
0.056123833056759054,0.04202400732949293
0.05915097868139343,0.04505115295412733
0.06569028922152027,0.051590463494254155
0.05115458649936488,0.03705476077209875
0.04344972886993011,0.029349903142664013
0.056721763368641286,0.042621937641375174
0.05743567992449969,0.04333585419723358
0.03939972028378586,0.025299894556519754
0.056056858771521,0.04195703304425489
0.041783052687531186,0.027683226960265074
0.05202011170097345,0.037920285973707335
0.05088845709468347,0.03678863136741735
0.054837754499606886,0.040737928772340774
0.04566255423474349,0.031562728507477364
0.07003362886579059,0.055933803138524474
0.049444797773096086,0.035344972045829974
0.06157269917536621,0.047472873448100084
0.050457034562135974,0.03635720883486985
0.06205871204431101,0.04795888631704491
0.0680444682380139,0.053944642510747765
0.048722028780819035,0.034622203053552916
0.06382695212607079,0.0497271263988047
0.03959782440652859,0.025497998679262484
0.04687527377228587,0.03277544804501975
0.05287603046362611,0.03877620473636
0.07356827620535829,0.059468450478092176
0.060711429271015756,0.04661160354374965
0.056705799116549126,0.042605973389283
0.056117677909972456,0.04201785218270636
0.044259869055375836,0.030160043328109745
0.05769629068747587,0.04359646496020976
0.04771248058151115,0.033612654854245055
0.06073059955490429,0.04663077382763818
0.047415805196431224,0.03331597946916512
0.050894234173379196,0.03679440844611308
0.04742063991727098,0.03332081419000486
0.04902740821937549,0.034927582492109366
0.04821445812533975,0.03411463239807364
0.07453947102293532,0.06043964529566919
0.045985867115211736,0.03188604138794561
0.04541787001501567,0.03131804428774955
0.0596889789753529,0.045589153248086794
0.0458872027657031,0.03178737703843699
0.04435874506795961,0.030258919340693507
0.0603010209859754,0.0462011952587093
0.06346543778480478,0.04936561205753863
0.08115656068112961,0.06705673495386348
0.06991402665173395,0.055814200924467816
0.06916415634367873,0.055064330616412624
0.038002432784738985,0.02390260705747288
0.04964579037038494,0.035545964643118814
0.058344863027944206,0.04424503730067806
0.05597651168744668,0.04187668596018059
0.041943072512822616,0.027843246785556497
0.05834980255754022,0.04424997683027412
0.06292485454236814,0.04882502881510201
0.04242309702687,0.028323271299603884
0.05057235170657346,0.03647252597930735
0.03776379087967361,0.023663965152407502
0.04851956310027446,0.03441973737300834
0.0621742548753919,0.04807442914812579
0.0433261509321166,0.029226325204850502
0.04490505003151604,0.03080522430424993
0.07348622087704243,0.05938639514977634
0.05104039300517557,0.03694056727790946
0.025851470747819343,0.011751645020553234
0.059822659999508865,0.04572283427224276
0.05342264073843209,0.03932281501116597
0.05585361077699654,0.04175378504973044
0.05145961335825198,0.037359787630985866
0.046996478580449176,0.032896652853183085
0.05491017030501621,0.0408103445777501
0.03303015790181243,0.01893033217454633
0.037907269509700484,0.023807443782434375
0.040397581256817236,0.026297755529551135
0.059773247013688496,0.045673421286422385
0.04998495954608181,0.035885133818815695
0.06763098518148389,0.05353115945421777
0.05780293545950233,0.04370310973223622
0.04388215736369581,0.029782331636429692
0.058908343233952346,0.04480851750668624
0.0479780731162953,0.0338782473890292
0.049489717225223495,0.03538989149795739
0.05213847002533094,0.03803864429806481
0.04900152424053808,0.03490169851327196
0.06693796812054263,0.05283814239327652
0.06745740618467279,0.05335758045740669
0.05442457206359039,0.04032474633632427
0.03767405015886627,0.023574224431600146
0.05327611292371265,0.03917628719644655
0.05569127131659607,0.04159144558932994
0.03263736675996262,0.0185375410326965
0.04775503485835324,0.033655209131087126
0.05987864465647377,0.045778818929207654
0.04411347801408867,0.03001365228682254
0.052025630874958144,0.03792580514769202
0.041898116023402654,0.027798290296136525
0.06109614777592558,0.04699632204865948
0.03702334796907764,0.02292352224181153
0.05791882678332651,0.04381900105606038
0.052262688904046124,0.03816286317678002
0.06181279690498972,0.047712971177723607
0.06201412107966753,0.047914295352401416
0.07142490694434625,0.05732508121708013
0.05508553993766562,0.0409857142103995
0.060131341632058834,0.04603151590479271
0.030818478969588146,0.016718653242322034
0.053379242260575784,0.03927941653330968
0.04558047223940824,0.03148064651214213
0.040338236940456615,0.0262384112131905
0.0675625772723242,0.05346275154505807
0.05418363485150013,0.040083809124233996
0.05042313545618016,0.03632330972891404
0.06310762505107577,0.04900779932380965
0.061089705159666434,0.04698987943240032
0.0779953415772449,0.0638955158499788
0.06750459349858269,0.053404767771316586
0.07241967300543341,0.05831984727816732
0.052798412646710875,0.03869858691944477
0.042271777318635434,0.028171951591369305
0.049689226374677216,0.0355894006474111
0.04990466138297354,0.035804835655707426
0.06889306800722718,0.054793242279961074
0.04799642116124495,0.03389659543397885
0.04391702441501211,0.029817198687745995
0.047858297125286234,0.03375847139802011
0.04344763752997513,0.02934781180270901
0.0594278361385774,0.04532801041131128
0.05181140233492428,0.03771157660765818
0.03567272325795719,0.021572897530691065
0.05158365794315597,0.03748383221588985
0.06313055612783888,0.04903073040057278
0.05563779966159655,0.04153797393433043
0.04183742006037653,0.027737594333110415
0.061092474599317034,0.04699264887205092
0.04635601480147971,0.032256189074213605
0.07161885981952228,0.05751903409225619
0.061397451012679516,0.04729762528541337
0.03182507450387184,0.017725248776605716
0.061985620695314776,0.04788579496804866
0.04928986738084249,0.03519004165357638
0.052545664436490676,0.03844583870922458
0.05548833661668024,0.041388510889414136
0.06031494118073237,0.04621511545346625
0.06396088650446571,0.0498610607771996
0.05351238002630925,0.03941255429904313
0.05395005314708575,0.03985022741981964
0.04806383568960362,0.033964009962337505
0.04649672744625476,0.03239690171898865
0.054654686947853415,0.040554861220587296
0.04608535859006255,0.031985532862796436
0.038490344025013834,0.02439051829774773
0.04623044963633626,0.03213062390907015
0.06555522438640178,0.05145539865913567
0.045540295694676755,0.031440469967410636
0.06340547776482307,0.04930565203755695
0.05173414507357136,0.03763431934630525
0.0553554331603402,0.04125560743307408
0.07385867408808894,0.05975884836082283
0.043065564657366495,0.02896573893010037
0.05318109252157571,0.039081266794309594
0.06310368620131396,0.04900386047404783
0.04407383400700545,0.02997400827973934
0.06044403828330751,0.0463442125560414
0.07943568054777703,0.06533585482051091
0.04359067999495145,0.029490854267685343
0.07089655164030584,0.05679672591303973
0.05473267840284698,0.040632852675580845
0.07368751582873347,0.05958769010146732
0.046369076310122145,0.03226925058285603
0.049870335104650165,0.03577050937738403
0.05306460521204524,0.03896477948477915
0.06073516762473448,0.04663534189746835
0.07244550686428894,0.05834568113702281
0.05837073072577806,0.04427090499851193
0.043500386699120416,0.029400560971854305
0.056562334994928305,0.04246250926766219
0.05616578368435912,0.04206595795709302
0.05847604203921418,0.04437621631194803
0.03911802747281767,0.025018201745551548
0.05165170838170868,0.037551882654442564
0.058744752075784445,0.04464492634851833
0.05092832607206401,0.036828500344797906
0.05527455267359959,0.0411747269463335
0.06474968283922987,0.050649857111963764
0.0509750415299194,0.0368752158026533
0.0546692883563543,0.0405694626290882
0.043875840995833824,0.02977601526856769
0.05992005535475704,0.045820229627490924
0.03927144644477704,0.025171620717510928
0.05744717895586379,0.04334735322859767
0.04815634339326979,0.03405651766600368
0.06804823038875685,0.053948404661490715
0.047248681908454535,0.03314885618118842
0.05886990191532006,0.04477007618805395
0.05128750462934481,0.0371876789020787
0.06767620632684732,0.053576380599581176
0.05993162380309626,0.045831798075830155
0.05600238128819948,0.041902555560933356
0.07393237622095887,0.05983255049369275
0.058646713884638234,0.04454688815737213
0.06064847107593565,0.046548645348669544
0.06054087364214131,0.04644104791487519
0.06775810817711916,0.05365828244985301
0.04474456001259478,0.030644734285328663
0.04558660435736096,0.031486778630094844
0.0559821684633605,0.041882342736094404
0.0662948108470514,0.05219498511978529
0.06507644858855685,0.050976622861290746
0.05651822656355577,0.04241840083628967
0.06515806856881479,0.05105824284154868
0.06074014160546824,0.046640315878202124
0.051822654051539685,0.037722828324273594
0.058137555532769766,0.04403772980550364
0.033231286054138456,0.01913146032687234
0.046703620267264344,0.032603794539998225
0.061711523518498616,0.04761169779123248
0.07420966309902306,0.06010983737175697
0.06345874132276352,0.049358915595497425
0.056167039155716525,0.042067213428450406
0.03871459839741248,0.024614772670146362
0.044592270232355236,0.030492444505089124
0.05261853408126251,0.03851870835399638
0.06424140597595417,0.05014158024868805
0.05796004932407086,0.04386022359680475
0.051956855456297184,0.03785702972903108
0.037442552318188264,0.023342726590922156
0.03943114389024806,0.025331318162981953
0.06319786787123101,0.049098042143964876
0.062286595592913795,0.04818676986564766
0.052909159520185704,0.03880933379291958
0.05074366638068696,0.03664384065342085
0.05584671013470945,0.04174688440744332
0.05491441808445389,0.04081459235718777
0.05819451503672183,0.044094689309455704
0.055618322901694266,0.04151849717442815
0.0670759159612236,0.05297609023395744
0.04885425734990101,0.03475443162263488
0.05024785897047794,0.03614803324321183
0.055666940020192915,0.0415671142929268
0.05753676834391084,0.04343694261664472
0.04817519664200712,0.034075370914741
0.06405224610849015,0.04995242038122405
0.05516671790251394,0.04106689217524785
0.03804663874068213,0.023946813013416023
0.05647423118469487,0.042374405457428765
0.0693677936350133,0.055267967907747184
0.07113150186671362,0.057031676139447485
0.06318811362030861,0.04908828789304248
0.0665429288826944,0.05244310315542829
0.06092135821139361,0.0468215324841275
0.05165323236966117,0.03755340664239505
0.059361749739283376,0.045261924012017285
0.05153105079732348,0.03743122507005735
0.06423136446355877,0.050131538736292655
0.04752628152723466,0.033426455799968544
0.05446271199351951,0.04036288626625338
0.044751306825514675,0.030651481098248556
0.07218831913063738,0.05808849340337124
0.07229681172833757,0.05819698600107146
0.048895020241877876,0.03479519451461176
0.05132246274510246,0.037222637017836346
0.07350628224224945,0.05940645651498334
0.04963669910594213,0.035536873378676025
0.04600778921970004,0.031907963492433924
0.050830145678594174,0.03673031995132807
0.05820937646903165,0.044109550741765535
0.05836901559613239,0.04426918986886627
0.06264022886577819,0.04854040313851206
0.04972296914526215,0.035623143417996044
0.04027553391252158,0.026175708185255477
0.04447530423231021,0.030375478505044087
0.04411941870581395,0.030019592978547848
0.06941918765002059,0.05531936192275448
0.07080035159722121,0.05670052586995514
0.04390975854877222,0.029809932821506093
0.0582736019023962,0.0441737761751301
0.058349054325391086,0.044249228598124975
0.043518798337912626,0.029418972610646514
0.03981663095818788,0.025716805230921763
0.060582861732124425,0.046483036004858314
0.06388448554370994,0.04978465981644383
0.06980840155418647,0.05570857582692035
0.053080669212516765,0.03898084348525064
0.054492677813897585,0.040392852086631466
0.04924891069946849,0.035149084972202385
0.041731592046489865,0.027631766319223754
0.06072730328542262,0.04662747755815649
0.057487718415753786,0.04338789268848768
0.06057019797060381,0.04647037224333773
0.05165937094011583,0.037559545212849724
0.05928264727892774,0.0451828215516616
0.05690143318769662,0.04280160746043049
0.0626096509717103,0.048509825244444194
0.05899684146497581,0.04489701573770969
0.056041992906953636,0.041942167179687524
0.043579894545133564,0.02948006881786744
0.053636642477229386,0.039536816749963274
0.0462678309424347,0.03216800521516862
0.04195102985177013,0.02785120412450401
0.056912239383462945,0.04281241365619684
0.06106360925380633,0.04696378352654021
0.06907237570425658,0.05497254997699047
0.051258167961249324,0.03715834223398319
0.07679060473572416,0.06269077900845804
0.05998427730848537,0.04588445158121927
0.061445085001672395,0.047345259274406276
0.06230384665571994,0.04820402092845381
0.04042889771618228,0.026329071988916153
0.05962890026470021,0.0455290745374341
0.041297920366212305,0.027198094638946194
0.06049840134199777,0.04639857561473168
0.06649680159279087,0.05239697586552476
0.05302407513482323,0.038924249407557114
0.06220617084891049,0.04810634512164437
0.05874304746454874,0.04464322173728263
0.03701779491818315,0.022917969190917046
0.04588608140277348,0.03178625567550737
0.0503542219886711,0.03625439626140498
0.04950188177600872,0.03540205604874261
0.05426927672257049,0.04016945099530436
0.06134591272280548,0.04724608699553939
0.06242177078475401,0.048321945057487915
0.05612171262710236,0.04202188689983624
0.052109010562146785,0.038009184834880666
0.06347233337542312,0.04937250764815702
0.058815146301155856,0.044715320573889744
0.05707619315234462,0.0429763674250785
0.06267966482145403,0.04857983909418792
0.0431496167703263,0.029049791043060186
0.040768711602539365,0.026668885875273274
0.06162774961497394,0.04752792388770782
0.0733183291162883,0.059218503389022195
0.0507272932111765,0.03662746748391037
0.04891023636704872,0.03481041063978261
0.050737057849330636,0.03663723212206452
0.058358656234078876,0.04425883050681276
0.04387894137305414,0.029779115645788043
0.05859126932536928,0.04449144359810319
0.06507494458167923,0.05097511885441311
0.06748728369169131,0.05338745796442519
0.06360417559632103,0.04950434986905494
0.05244407919871109,0.03834425347144498
0.05176668256392491,0.03766685683665882
0.05578231943376192,0.041682493706495814
0.0659561504472614,0.051856324719995246
0.06119148914451469,0.0470916634172486
0.06559622645490351,0.05149640072763739
0.043897929699979465,0.029798103972713347
0.06023126113384919,0.046131435406583085
0.03972621519512995,0.025626389467863837
0.04907858973876312,0.03497876401149701
0.027261471118654318,0.013161645391388211
0.047779622465592884,0.033679796738326766
0.0594497193479501,0.04534989362068399
0.05733872281676156,0.04323889708949545
0.05348496844463423,0.039385142717368114
0.05438184152244476,0.04028201579517864
0.06378059949274187,0.049680773765475764
0.05981154558908763,0.045711719861821494
0.06122228390083119,0.04712245817356509
0.04937863213478379,0.03527880640751768
0.06628090248930282,0.052181076762036704
0.04850816334530548,0.03440833761803937
0.06599187609520073,0.051892050367934636
0.05746480430945677,0.043364978582190655
0.06539030185356169,0.05129047612629558
0.0590886607731146,0.04498883504584848
0.05202033231303467,0.037920506585768544
0.0383550804198879,0.0242552546926218
0.060915201062325744,0.046815375335059646
0.04615343854737887,0.03205361282011277
0.05618644732089875,0.04208662159363266
0.055451083615250654,0.04135125788798455
0.04390271523721764,0.02980288950995153
0.06397544475621575,0.04987561902894964
0.038850017625353735,0.024750191898087626
0.04647380178787963,0.03237397606061353
0.06268600340876862,0.04858617768150248
0.04373379961335097,0.02963397388608486
0.05288781589060375,0.038787990163337636
0.05518445554876438,0.04108462982149828
0.05302066031481419,0.03892083458754808
0.046132800558723576,0.032032974831457464
0.05641714019791512,0.042317314470648994
0.05608586533759302,0.0419860396103269
0.0590093041755409,0.04490947844827481
0.042415266619784536,0.02831544089251843
0.04447173428599163,0.03037190855872552
0.06644941514192265,0.052349589414656554
0.048315142276400526,0.034215316549134414
0.05087856296771575,0.03677873724044962
0.03680392142371065,0.022704095696444535
0.052998012990029465,0.038898187262763353
0.047022955730865956,0.032923130003599844
0.08681733860866403,0.07271751288139792
0.0418028883660798,0.02770306263881368
0.0519659307328196,0.03786610500555348
0.06266151308662771,0.04856168735936158
0.05611255329131739,0.04201272756405126
0.03985779544990462,0.025757969722638496
0.06553944957578124,0.05143962384851514
0.05949550193649823,0.045395676209232134
0.046209956234417614,0.0321101305071515
0.05613623480863153,0.042036409081365446
0.054539317690969556,0.04043949196370343
0.06325311890052471,0.049153293173258596
0.07156923104779614,0.057469405320530034
0.041875182530595294,0.027775356803329175
0.05134334823053842,0.03724352250327229
0.0712517915109017,0.0571519657836356
0.053512940357582355,0.039413114630316236
0.048577091995170886,0.034477266267904774
0.06045628094304239,0.04635645521577625
0.05994445187451738,0.04584462614725126
0.04271709263370812,0.028617266906442024
0.06252082110523657,0.04842099537797048
0.053760398186912715,0.0396605724596466
0.06400618058543053,0.049906354858164415
0.04802036844752392,0.033920542720257796
0.05202592113456161,0.03792609540729547
0.0690024947049023,0.054902668977636175
0.033002084810449105,0.018902259083183
0.0469261023186558,0.03282627659138968
0.05448959462064716,0.040389768893381056
0.06550151637654855,0.05140169064928246
0.04218471147985794,0.02808488575259183
0.05514430416112453,0.04104447843385841
0.04718643379012172,0.03308660806285561
0.06764838119746451,0.05354855547019839
0.032452378759028684,0.018352553031762586
0.037895568782720615,0.023795743055454524
0.051807947200608766,0.03770812147334267
0.05083145424238988,0.036731628515123765
0.041300096560386905,0.02720027083312079
0.06415752511044272,0.05005769938317661
0.03877704788689318,0.024677222159627064
0.07279938845737313,0.05869956273010704
0.06726877618775134,0.053168950460485226
0.045795905965772245,0.031696080238506126
0.055224933463001565,0.04112510773573547
0.05367940171394582,0.039579575986679716
0.041126300489323156,0.027026474762057048
0.04771805679573821,0.03361823106847211
0.05879785874847633,0.044698033021210226
0.06207157139509362,0.04797174566782751
0.0654423835928458,0.05134255786557963
0.0707275211804914,0.05662769545322526
0.03434826059909758,0.020248434871831474
0.04836292945616122,0.03426310372889511
0.060173680290815004,0.046073854563548886
0.04855954473706481,0.03445971900979869
0.05229096258566673,0.038191136858400615
0.0756606057882004,0.06156078006093427
0.0504360236865729,0.03633619795930681
0.0591736923969198,0.0450738666696537
0.05796900701695891,0.04386918128969278
0.047303498710968124,0.03320367298370201
0.052982017104308735,0.03888219137704263
0.0462813632661811,0.03218153753891498
0.06134719186631557,0.04724736613904944
0.06725827003481438,0.05315844430754829
0.04988207779108703,0.03578225206382092
0.0434003220374367,0.029300496310170586
0.05191058389338359,0.03781075816611746
0.05013136549672915,0.03603153976946302
0.06621594012073335,0.05211611439346725
0.056516008719395834,0.04241618299212972
0.04770506384699212,0.03360523811972603
0.0572411606968735,0.0431413349696074
0.05400222221967102,0.03990239649240493
0.04648227646320413,0.032382450735938026
0.04846053069263225,0.03436070496536614
0.06106063686754075,0.04696081114027463
0.055286116235438255,0.04118629050817214
0.06021034129992372,0.046110515572657586
0.04183757487938033,0.02773774915211423
0.053017693919695366,0.03891786819242925
0.04519260633508662,0.031092780607820513
0.06345161864369545,0.04935179291642934
0.05601748852153984,0.04191766279427373
0.0408948039119313,0.02679497818466517
0.060360336096300024,0.04626051036903388
0.06358520251884515,0.04948537679157905
0.06601059630144238,0.05191077057417625
0.06566521240106722,0.051565386673801075
0.05469324826802808,0.04059342254076195
0.046095623157045955,0.031995797429779836
0.04949515406004977,0.035395328332783665
0.05000663172097176,0.03590680599370566
0.058545867804324435,0.04444604207705833
0.057466076323539256,0.04336625059627312
0.053281406338372264,0.03918158061110613
0.05656446628803761,0.04246464056077149
0.055207340559516635,0.0411075148322505
0.06616688603790752,0.052067060310641414
0.06061962282567611,0.04651979709840998
0.059264349960131746,0.04516452423286563
0.05392089761616938,0.03982107188890327
0.054557820076103325,0.04045799434883722
0.04195117061780277,0.027851344890536648
0.0540938170044997,0.03999399127723361
0.044260289298445804,0.030160463571179685
0.06261512632068292,0.0485153005934168
0.05473530373046484,0.04063547800319875
0.042419909039578485,0.02832008331231237
0.04882061996970208,0.034720794242435946
0.05091279472180521,0.03681296899453908
0.0706942992723222,0.056594473545056076
0.06269044940973546,0.048590623682469365
0.04588307690285928,0.03178325117559317
0.07081768136958165,0.05671785564231552
0.05189296137280724,0.03779313564554114
0.05060288595011082,0.036503060222844705
0.05155688700518562,0.0374570612779195
0.06558030845179273,0.0514804827245266
0.06435885482512815,0.05025902909786204
0.06900698526076011,0.05490715953349402
0.04579419251702904,0.03169436678976293
0.05261562690354968,0.03851580117628355
0.03675668589740631,0.0226568601701402
0.06221520626070948,0.04811538053344335
0.06923305563917824,0.055133229911912135
0.059832357517086945,0.045732531789820834
0.08271419367017921,0.06861436794291312
0.050829122973064515,0.036729297245798403
0.04332493277768271,0.029225107050416595
0.061919376852276456,0.047819551125010344
0.045776623090719504,0.031676797363453385
0.053565952276000556,0.039466126548734444
0.0634572963744027,0.04935747064713661
0.03996606326367244,0.02586623753640632
0.05766924529124349,0.043569419563977356
0.06209270361676499,0.047992877889498874
0.0596327076368757,0.045532881909609586
0.06316399717984973,0.04906417145258362
0.0451522570968763,0.03105243136961021
0.05015113176129541,0.0360513060340293
0.05991555632855978,0.045815730601293674
0.055158696615061405,0.0410588708877953
0.03870440387460198,0.02460457814733588
0.0598662033926937,0.0457663776654276
0.054250824558595895,0.040150998831329776
0.08325750715323721,0.06915768142597108
0.06687389512697889,0.052774069399712784
0.06821423122774632,0.054114405500480196
0.06241052725931282,0.04831070153204669
0.0630737793472025,0.04897395361993639
0.05111090502923848,0.03701107930197236
0.06607191536148356,0.051972089634217476
0.06376717788590101,0.049667352158634895
0.06463864450649884,0.050538818779232726
0.047597358784116105,0.03349753305685001
0.057936771981091865,0.04383694625382574
0.05307535366843393,0.03897552794116782
0.05086694675116821,0.036767121023902095
0.06393020971288027,0.049830383985614145
0.06191346695260046,0.04781364122533434
0.03960109446270645,0.025501268735440334
0.0496098348485333,0.03551000912126719
0.06703714916698796,0.052937323439721844
0.04231136255945976,0.028211536832193667
0.06210332299794477,0.04800349727067865
0.05836590428790453,0.04426607856063843
0.04568211910562445,0.03158229337835835
0.05559887528902476,0.04149904956175866
0.04265366958509502,0.028553843857828904
0.04641280281128193,0.032312977084015815
0.04017818399820192,0.026078358270935804
0.046567166260336086,0.03246734053306998
0.03526411002703273,0.021164284299766613
0.04993710941345092,0.035837283686184815
0.053619679154633754,0.039519853427367635
0.04863582826743268,0.03453600254016657
0.06475539503678218,0.05065556930951608
0.031429132942875644,0.017329307215609525
0.04723917114283142,0.0331393454155653
0.041790418232478886,0.027690592505212774
0.0448552251681111,0.030755399440844985
0.04095267680142773,0.026852851074161608
0.05603407392724196,0.041934248199975835
0.07552606160564623,0.061426235878380114
0.04692148826804776,0.032821662540781636
0.05207005099850032,0.03797022527123422
0.04976840620779498,0.03566858048052887
0.06308924907776951,0.04898942335050339
0.0591028939187456,0.04500306819147949
0.04550361486339668,0.03140378913613055
0.04663450283337478,0.032534677106108655
0.060556074834399815,0.0464562491071337
0.05244853603597652,0.0383487103087104
0.07106230601585288,0.05696248028858675
0.06401488937392126,0.04991506364665514
0.040750553703346806,0.026650727976080698
0.05740924136658939,0.043309415639323265
0.07114652126096936,0.05704669553370325
0.05112020783378332,0.037020382106517216
0.06592895023970567,0.05182912451243955
0.05637089191464105,0.042271066187374945
0.06540174056717467,0.05130191483990858
0.046494701586868345,0.03239487585960223
0.06374267791306666,0.04964285218580054
0.06292758365923186,0.048827757931965775
0.06181476188167141,0.0477149361544053
0.05183122376025691,0.03773139803299079
0.04872122315783306,0.03462139743056694
0.05874285175399184,0.04464302602672574
0.06179877415496924,0.047698948427703135
0.048944090899886626,0.03484426517262053
0.05214075119333865,0.03804092546607253
0.05588759942683717,0.041787773699571054
0.053451128116135026,0.03935130238886889
0.06594975557877017,0.05184992985150405
0.06220001889905956,0.04810019317179344
0.062006357889302005,0.04790653216203589
0.04568018667332759,0.031580360946061495
0.05029488807717644,0.03619506234991033
0.049672623525177845,0.03557279779791174
0.045460201660621945,0.03136037593335583
0.05707262709231454,0.04297280136504843
0.05566826189526105,0.04156843616799494
0.06487170426848654,0.05077187854122041
0.052145447052899724,0.0380456213256336
0.05199362461043413,0.037893798883167996
0.06804615801907164,0.05394633229180552
0.052082974064322274,0.037983148337056176
0.061660401561214925,0.04756057583394881
0.04181067564359632,0.027710849916330205
0.0577327824983707,0.04363295677110458
0.03722061915229492,0.023120793425028815
0.059508069588813065,0.045408243861546946
0.050560650894083736,0.03646082516681764
0.05496355647897007,0.04086373075170393
0.04048170580340014,0.026381880076134033
0.06135884454443809,0.04725901881717198
0.053394820062034755,0.03929499433476864
0.04530008636153928,0.03120026063427316
0.06060505980766978,0.046505234080403655
0.05503818111058538,0.040938355383319275
0.045090840552057795,0.030991014824791677
0.06874474674899557,0.054644921021729465
0.052658606991096396,0.03855878126383029
0.04574239056070672,0.031642564833440606
0.05331954106277157,0.03921971533550545
0.05719017682461176,0.043090351097345665
0.038353778719920496,0.024253952992654388
0.04468429061783974,0.03058446489057364
0.060163776594717756,0.04606395086745163
0.06959191481645899,0.05549208908919287
0.04815236723841651,0.034052541511150405
0.05028275274403158,0.036182927016765475
0.060074165683051024,0.04597433995578492
0.04725473217299609,0.03315490644572998
0.05271628338842062,0.03861645766115449
0.03536597636468255,0.021266150637416437
0.05988311181309257,0.045783286085826456
0.06906726793719906,0.054967442209932944
0.049034346480581956,0.03493452075331585
0.04736709821638003,0.03326727248911392
0.06310240939345739,0.049002583666191264
0.07043067885125885,0.05633085312399272
0.06326144690307836,0.049161621175812256
0.047400379394103784,0.033300553666837665
0.06821289548542062,0.0541130697581545
0.056512628846111315,0.0424128031188452
0.06652506334500886,0.05242523761774276
0.04487832759562378,0.03077850186835768
0.05308690351796742,0.0389870777907013
0.05403129497286392,0.03993146924559782
0.05689667359345429,0.04279684786618818
0.05326721451066578,0.03916738878339966
0.04601999303197476,0.03192016730470865
0.041745848784215105,0.027646023056948982
0.0781133696909543,0.0640135439636882
0.06271024818209552,0.0486104224548294
0.05373602664550599,0.039636200918239876
0.04014248005805474,0.02604265433078864
0.05578301956674671,0.041683193839480576
0.07865924199274785,0.06455941626548176
0.04979400650770106,0.03569418078043496
0.024094698843658627,0.009994873116392517
0.04910354261499369,0.035003716887727576
0.0535312708842599,0.0394314451569938
0.05238759716941829,0.03828777144215218
0.05175693185010399,0.037657106122837875
0.049110299002048205,0.0350104732747821
0.04618894509209957,0.03208911936483347
0.041840395273439863,0.027740569546173738
0.02872293979132328,0.014623114064057172
0.039322064589451824,0.025222238862185702
0.06163596369653787,0.04753613796927174
0.06490877253170928,0.05080894680444317
0.05068645000742279,0.036586624280156674
0.03766559948366098,0.02356577375639485
0.05456697142525532,0.040467145697989204
0.04544373360569848,0.03134390787843235
0.07709753316225504,0.06299770743498895
0.055826779470037856,0.041726953742771765
0.052775487502782194,0.038675661775516075
0.045648490972707095,0.031548665245440984
0.06169788046046201,0.04759805473319589
0.05398090766345419,0.03988108193618808
0.060803818400002776,0.04670399267273667
0.06094361167729132,0.04684378595002521
0.0604251023072898,0.04632527658002368
0.0697538507530786,0.055654025025812494
0.050343645637137266,0.03624381990987116
0.04789401172034274,0.033794185993076625
0.04870555544865817,0.03460572972139204
0.056316902880178266,0.042217077152912154
0.05379791508373301,0.039698089356466904
0.0629730806121954,0.04887325488492928
0.040976724279704946,0.026876898552438834
0.050836278819771305,0.03673645309250519
0.06328324100184067,0.04918341527457455
0.0577660638268247,0.04366623809955859
0.06449543609476042,0.0503956103674943
0.045855452425861996,0.0317556266985959
0.04992859862100213,0.035828772893736024
0.06972619960128473,0.05562637387401863
0.06021557081186853,0.04611574508460242
0.046348613137730706,0.03224878741046459
0.058007397339849616,0.04390757161258349
0.0484889422473415,0.0343891165200754
0.055942963533745754,0.04184313780647965
0.06948076629045744,0.055380940563191296
0.05332282532341844,0.03922299959615233
0.05781173675511962,0.04371191102785349
0.04553178192415192,0.031431956196885796
0.043816174250051104,0.029716348522785006
0.052431186255579444,0.03833136052831333
0.0529170331256102,0.03881720739834407
0.04958106440422278,0.035481238676956676
0.047852607277463446,0.03375278155019732
0.060179081464801,0.046079255737534866
0.0632689675390032,0.04916914181173712
0.06054877069305713,0.046448944965791036
0.051677506377770174,0.037577680650504056
0.045939368703866876,0.03183954297660075
0.07016905492162709,0.05606922919436095
0.05902229871924387,0.04492247299197776
0.048622223304216276,0.034522397576950165
0.05208350006266462,0.03798367433539851
0.053373118965831245,0.03927329323856512
0.06095771389542537,0.046857888168159265
0.06981493982344933,0.05571511409618321
0.06578685482284155,0.05168702909557542
0.050022440642494774,0.035922614915228655
0.06478463543174025,0.050684809704474164
0.05011742455324185,0.03601759882597574
0.07563815348894792,0.06153832776168176
0.034576904191904734,0.02047707846463863
0.05570956588870195,0.041609740161435836
0.049595630338484915,0.03549580461121882
0.06695699315547314,0.052857167428207015
0.049120822642367945,0.035020996915101826
0.06677066464953874,0.05267083892227263
0.05820251651452405,0.044102690787257925
0.056989683619297654,0.042889857892031535
0.049499159470824616,0.035399333743558484
0.05706547729823846,0.04296565157097234
0.0592791992394024,0.0451793735121363
0.06859535423177965,0.05449552850451353
0.06769035056388921,0.053590524836623105
0.04338635793996363,0.02928653221269751
0.061296342554736316,0.047196516827470204
0.03977587865231887,0.025676052925052765
0.05539980790719461,0.041299982179928516
0.059234599827936406,0.045134774100670294
0.0758263291136636,0.06172650338639751
0.04438367444262337,0.030283848715357258
0.05574781282600624,0.04164798709874014
0.05765753680986127,0.043557711082595166
0.03738849447111651,0.02328866874385037
0.05329204529885967,0.03919221957159357
0.05190615883445361,0.0378063331071875
0.04850265115885592,0.03440282543158981
0.04812152479244441,0.0340216990651783
0.06897997171815483,0.05488014599088873
0.049390785507470225,0.0352909597802041
0.061972139786818765,0.04787231405955265
0.04984122982131008,0.03574140409404398
0.043358224790510436,0.029258399063244303
0.05906759950372623,0.04496777377646012
0.06829631340416853,0.05419648767690241
0.053857219952975315,0.039757394225709175
0.08273245360819623,0.06863262788093012
0.04909185161981975,0.03499202589255366
0.08594624451024627,0.07184641878298015
0.04894685765292363,0.03484703192565754
0.05374904437022178,0.03964921864295566
0.026077300937745667,0.01197747521047956
0.05966621970406523,0.04556639397679912
0.038566643957851934,0.02446681823058583
0.037469199889122985,0.023369374161856877
0.04293569145476631,0.02883586572750018
0.0578976576822658,0.04379783195499967
0.07175199808437101,0.05765217235710488
0.047315508071250054,0.03321568234398394
0.05246378790144122,0.0383639621741751
0.028396991281293495,0.014297165554027377
0.06182453589753683,0.04772471017027071
0.0425808534111494,0.0284810276838833
0.053539825725981725,0.0394399999987156
0.0540298851654221,0.03993005943815596
0.07285465381402309,0.05875482808675697
0.06609334768868308,0.05199352196141696
0.05204907054829577,0.03794924482102965
0.05881782012093904,0.04471799439367293
0.05313830524076666,0.03903847951350054
0.051755821019079606,0.0376559952918135
0.06238387533308562,0.0482840496058195
0.05008603490728829,0.035986209180022176
0.07129245493336091,0.057192629206094796
0.054213824915531596,0.040113999188265505
0.056495986395784625,0.04239616066851849
0.05358264840961569,0.03948282268234957
0.05066482565167694,0.03656499992441084
0.05899757873289391,0.04489775300562778
0.04852663709081958,0.03442681136355345
0.05023511432445706,0.03613528859719096
0.05619473018243471,0.042094904455168586
0.050846901114370444,0.03674707538710433
0.06304147497974416,0.048941649252478035
0.049779023171563845,0.035679197444297726
0.059008649618672485,0.04490882389140635
0.0541000214004924,0.04000019567322628
0.06925045045667902,0.05515062472941291
0.050399902585011626,0.03630007685774549
0.05644102754881307,0.042341201821546964
0.03509256421724319,0.02099273848997706
0.042006337231998994,0.02790651150473287
0.06252008091979894,0.048420255192532825
0.05445851598871941,0.0403586902614533
0.06314015564447187,0.04904032991720575
0.050030865597780846,0.03593103987051474
0.04814432953846988,0.03404450381120376
0.07769213452901004,0.06359230880174392
0.06306109079366602,0.04896126506639992
0.041155376666741184,0.027055550939475072
0.07466332683297476,0.06056350110570867
0.04805962175694382,0.03395979602967771
0.05446475768703067,0.04036493195976458
0.056617709345217926,0.04251788361795182
0.05351182167494221,0.03941199594767609
0.059479427108595724,0.04537960138132962
0.038080440604907645,0.023980614877641533
0.060301326509480634,0.046201500782214494
0.04340141520187331,0.029301589474607186
0.06145792043308354,0.04735809470581742
0.06089951967200125,0.04679969394473513
0.057405067013411505,0.04330524128614539
0.051049738306259626,0.036949912578993514
0.023234935546315845,0.009135109819049716
0.042576979706570706,0.028477153979304587
0.06758072817852037,0.05348090245125426
0.054475890814738887,0.04037606508747278
0.04109508470942629,0.026995258982160167
0.0516718681285802,0.0375720424013141
0.06800091318133772,0.0539010874540716
0.04336305357275897,0.029263227845492852
0.04954114634707181,0.03544132061980569
0.053568009041218397,0.039468183313952285
0.06299987266152879,0.04890004693426268
0.055204172379640926,0.041104346652374814
0.0527818875898986,0.0386820618626325
0.054806702270350914,0.04070687654308479
0.04526750741453268,0.031167681687266573
0.047307018618931974,0.03320719289166587
0.05545751662543921,0.041357690898173094
0.05683808209396836,0.04273825636670224
0.05665383367714672,0.04255400794988059
0.05953538303448025,0.045435557307214144
0.06115391524743417,0.04705408952016805
0.061441423792428285,0.047341598065162194
0.04817406336646462,0.03407423763919852
0.05898741947776096,0.04488759375049487
0.0405094480466752,0.026409622319409107
0.048421912786117724,0.03432208705885161
0.03976068853415958,0.025660862806893465
0.054017993062887945,0.039918167335621826
0.07447635379038813,0.06037652806312202
0.06642014443520254,0.05232031870793646
0.06193234084010191,0.047832515112835775
0.059185283459519275,0.04508545773225314
0.04696821147897276,0.03286838575170665
0.05285380184663782,0.038753976119371696
0.06070816743233099,0.04660834170506488
0.06248102122516041,0.048381195497894304
0.04296107744265813,0.028861251715392035
0.045600760968689036,0.031500935241422924
0.04536007214673264,0.03126024641946653
0.061141200479648786,0.04704137475238268
0.06726991395130659,0.053170088224040485
0.04222700146618509,0.028127175738918972
0.050814781557407984,0.036714955830141886
0.04165545187645394,0.02755562614918783
0.05333940683117112,0.03923958110390501
0.06810267105914508,0.054002845331878956
0.0718320112349974,0.05773218550773131
0.03850090844208262,0.024401082714816502
0.06624079757892518,0.052140971851659064
0.06605408203647369,0.05195425630920757
0.060937087765378206,0.0468372620381121
0.04379316971546699,0.02969334398820088
0.057211543755503864,0.04311171802823777
0.057301985402739175,0.04320215967547304
0.047555638797921795,0.03345581307065567
0.0667398304323097,0.052640004705043604
0.06343836719405803,0.049338541466791896
0.04668116450526052,0.032581338777994406
0.0787752182993321,0.06467539257206596
0.066546152463367,0.05244632673610088
0.03507407456054366,0.02097424883327755
0.04713746190132819,0.03303763617406208
0.04627626643265974,0.03217644070539363
0.04420270710800477,0.03010288138073866
0.06178134631823298,0.04768152059096687
0.052107364887614846,0.038007539160348734
0.040586004538039136,0.026486178810773014
0.03952732750887953,0.02542750178161341
0.06620775761202345,0.052107931884757326
0.06126978277738364,0.04716995705011751
0.04337330298754119,0.029273477260275082
0.060125376099342355,0.04602555037207625
0.04950903555768673,0.035409209830420584
0.054230496950776155,0.04013067122351003
0.0461329792918376,0.03203315356457149
0.05372957683696994,0.03962975110970382
0.04449537044359165,0.030395544716325523
0.04506568299974397,0.030965857272477852
0.045556259596569275,0.03145643386930316
0.05576517256255488,0.041665346835288775
0.06467804392336972,0.05057821819610361
0.07160906858313337,0.057509242855867254
0.062208962369040915,0.048109136641774825
0.047386870967856085,0.033287045240589966
0.041910429579788584,0.02781060385252247
0.046516275276667414,0.0324164495494013
0.05747823438546165,0.043378408658195554
0.041202324444565966,0.02710249871729986
0.057675356853111995,0.043575531125845904
0.05663737709849697,0.04253755137123085
0.0635972185480696,0.04949739282080348
0.059303681113763225,0.04520385538649712
0.056884090523636265,0.04278426479637013
0.05568041096559916,0.04158058523833305
0.04053491019584875,0.026435084468582636
0.06106089917891909,0.046961073451652964
0.06303908502559524,0.04893925929832912
0.062121095112510814,0.048021269385244696
0.054626249597308725,0.040526423870042606
0.05884222139899729,0.044742395671731154
0.05739425218371955,0.043294426456453435
0.040638253252757675,0.026538427525491577
0.061245077923119944,0.047145252195853825
0.04738595309298727,0.03328612736572116
0.04236504595128824,0.02826522022402212
0.06407619206738639,0.049976366340120294
0.036983535457393545,0.022883709730127426
0.039030885820705546,0.024931060093439428
0.04542265267729383,0.031322826950027735
0.0486471875689989,0.034547361841732786
0.06345809033201648,0.04935826460475037
0.06359213118400121,0.04949230545673508
0.04219285868156321,0.02809303295429709
0.06915225851953735,0.055052432792271226
0.05025883080561104,0.036159005078344936
0.06841151509886031,0.05431168937159422
0.05660933116903163,0.042509505441765516
0.05686563409884802,0.042765808371581907
0.057960801055808996,0.043860975328542884
0.07269490221089853,0.05859507648363239
0.031985962093268296,0.01788613636600218
0.05371878369650649,0.039618957969240386
0.06413641027907409,0.050036584551808046
0.06021211722032042,0.04611229149305431
0.06506040348448536,0.05096057775721926
0.053312098265425455,0.03921227253815932
0.04916318680502834,0.03506336107776222
0.05295273712714824,0.038852911399882124
0.05348371951171867,0.03938389378445256
0.05273383167766371,0.038634005950397586
0.05311627366670065,0.039016447939434526
0.04351385087520529,0.02941402514793919
0.03089564936496338,0.01679582363769727
0.05739387588830853,0.043294050161042395
0.04750469381183373,0.033404868084567635
0.049517808357700435,0.03541798263043431
0.05567520439938545,0.04157537867211935
0.05860534134567554,0.04450551561840945
0.05719504085132451,0.0430952151240584
0.045093482695389646,0.030993656968123548
0.04386256769168183,0.02976274196441571
0.039610120134625504,0.02551029440735939
0.040011777190484474,0.025911951463218355
0.05350348010810034,0.03940365438083423
0.05594897489265326,0.041849149165387144
0.06452315639087766,0.050423330663611564
0.06121062500395185,0.04711079927668573
0.05858340684127523,0.0444835811140091
0.05432821936329567,0.04022839363602956
0.050890387486911326,0.03679056175964521
0.044606363281476144,0.03050653755421002
0.055008076985124284,0.04090825125785819
0.04460821161548123,0.030508385888215122
0.04220133973702418,0.028101514009758063
0.04316934388958636,0.02906951816232024
0.05127375179715378,0.037173926069887675
0.049402126191484194,0.03530230046421808
0.06612009739816967,0.052020271670903555
0.044801035289755306,0.03070120956248921
0.062316336746934056,0.04821651101966795
0.05309260424208841,0.03899277851482231
0.0503009751969035,0.03620114946963738
0.0598461098905881,0.045746284163321986
0.049154047059393254,0.035054221332127135
0.05912425149230308,0.04502442576503698
0.06245255500871295,0.04835272928144682
0.07233481583935511,0.05823499011208898
0.059871257331282006,0.04577143160401587
0.04673846249135762,0.03263863676409151
0.06042800499273198,0.046328179265465876
0.06635579661186528,0.052255970884599164
0.04535387452708938,0.03125404879982326
0.052884868072598644,0.03878504234533251
0.05117432241387853,0.037074496686612425
0.037211338873417425,0.023111513146151303
0.04424070751053761,0.030140881783271487
0.060150682285853865,0.046050856558587726
0.04975255228022607,0.03565272655295994
0.06556694976350894,0.05146712403624281
0.0614423265493062,0.04734250082204007
0.06331829875669062,0.04921847302942452
0.04440420253188576,0.030304376804619663
0.03741904248352418,0.023319216756258053
0.05849141587298526,0.04439159014571915
0.06619662685375152,0.05209680112648542
0.059057228230922396,0.0449574025036563
0.05297996756258129,0.03888014183531519
0.05436361683320057,0.040263791105934456
0.0557843013399239,0.041684475612657784
0.04226058027879325,0.028160754551527143
0.06477615936334134,0.05067633363607521
0.05430954720639081,0.0402097214791247
0.06547958580037114,0.05137976007310502
0.04684121977397056,0.03274139404670443
0.04765026377992436,0.03355043805265824
0.07036073617165911,0.056260910444392985
0.04044813601765496,0.02634831029038886
0.05689730927489019,0.04279748354762407
0.06267625074191745,0.04857642501465133
0.05508400934843579,0.04098418362116968
0.07349343511486235,0.05939360938759627
0.05751021878458108,0.04341039305731497
0.06675886845587982,0.052659042728613686
0.05601663351448859,0.04191680778722248
0.05655379493308943,0.042453969205823325
0.04357278648152454,0.029472960754258412
0.05273234004374342,0.038632514316477296
0.03508443419712889,0.020984608469862782
0.04080080353176333,0.02670097780449723
0.061351365672083706,0.047251539944817594
0.04999566561837185,0.03589583989110572
0.03682676807959311,0.022726942352327018
0.052205486038614315,0.0381056603113482
0.047054359241889214,0.03295453351462311
0.061388210962239204,0.04728838523497309
0.054713441700949876,0.04061361597368376
0.06607449031430436,0.05197466458703825
0.069041292015844,0.054941466288577885
0.04585208934264423,0.03175226361537812
0.06878131700372153,0.054681491276455454
0.06293519441880627,0.048835368691540176
0.051857915717889426,0.03775808999062332
0.06286661317212072,0.04876678744485461
0.06881331066490706,0.054713484937640965
0.06357366670562689,0.049473840978360765
0.0661993661908553,0.0520995404635892
0.05272357383863338,0.038623748111367276
0.04327960706888421,0.02917978134161809
0.06067763969443668,0.04657781396717057
0.05411447323729396,0.040014647510027854
0.059369344341730086,0.04526951861446399
0.07183989735200617,0.057740071624740055
0.05781603800702207,0.04371621227975595
0.05854013413746176,0.044440308410195625
0.051024318417949514,0.036924492690683416
0.08144770970996132,0.06734788398269521
0.07009365141267451,0.0559938256854084
0.0410035907207641,0.026903764993497996
0.04641310626765663,0.032313280540390496
0.07630722200150773,0.06220739627424163
0.05123873189355425,0.037138906166288135
0.04685576800325801,0.03275594227599191
0.06350614370249705,0.04940631797523094
0.06275056812965751,0.048650742402391395
0.05567692329435749,0.041577097567091374
0.03906079072640345,0.02496096499913734
0.05882377722382344,0.04472395149655732
0.05236245762700755,0.038262631899741426
0.039061516693413664,0.024961690966147542
0.053582533872884704,0.0394827081456186
0.05381067659619139,0.03971085086892526
0.04026559723538034,0.026165771508114243
0.06135013518829592,0.04725030946102982
0.06262779945105129,0.04852797372378514
0.04646959618951085,0.03236977046224474
0.06482670448153381,0.05072687875426771
0.06409481224102091,0.0499949865137548
0.03846581072732858,0.024365985000062467
0.059953599935801655,0.045853774208535515
0.06503490287498265,0.05093507714771655
0.05197134338614002,0.03787151765887391
0.06903166410472807,0.05493183837746193
0.043361400363731754,0.02926157463646563
0.0434539345291368,0.0293541088018707
0.051678367839168966,0.03757854211190286
0.05626988206296205,0.04217005633569591
0.06080036561818645,0.046700539890920344
0.0672091367805465,0.05310931105328035
0.060864431177557146,0.04676460545029103
0.061590499862224854,0.04749067413495875
0.057086667385399435,0.04298684165813333
0.06594568957480869,0.051845863847542584
0.05511013483052066,0.04101030910325455
0.05912396469753343,0.04502413897026732
0.05392734713020298,0.03982752140293686
0.05019972536171201,0.036099899634445896
0.05417653297035257,0.04007670724308644
0.04329460904787801,0.029194783320611893
0.05600473108378962,0.04190490535652353
0.061828968005813785,0.047729142278547694
0.04300330067546367,0.028903474948197554
0.06995321543638487,0.05585338970911878
0.04356389408228461,0.02946406835501848
0.05397532778350571,0.039875502056239596
0.0439679630035649,0.0298681372762988
0.061178425830346446,0.04707860010308034
0.06165388816930032,0.04755406244203422
0.06132193254074175,0.047222106813475634
0.05094560104401063,0.0368457753167445
0.06105719645950002,0.046957370732233925
0.06314936528860028,0.04904953956133415
0.06910503071643766,0.05500520498917152
0.06636108590760817,0.05226126018034206
0.049819406147175886,0.03571958041990976
0.060264656733965936,0.04616483100669981
0.05145179456107538,0.03735196883380926
0.06047303942757029,0.04637321370030417
0.0508381567215641,0.036738330994297984
0.05610298630283373,0.042003160575567605
0.047699367403856524,0.03359954167659042
0.06213365558616444,0.04803382985889832
0.05337123415038121,0.0392714084231151
0.056772221618656506,0.04267239589139039
0.04604265442937847,0.03194282870211237
0.05190647191196379,0.03780664618469765
0.06996111893561872,0.05586129320835259
0.05946400469602632,0.045364178968760195
0.04854902347773214,0.034449197750466024
0.054191004426943704,0.04009117869967758
0.04203879143014143,0.027938965702875327
0.033219722332899604,0.019119896605633496
0.05870480913336151,0.04460498340609541
0.07686130299651298,0.06276147726924686
0.042870756835022575,0.028770931107756453
0.05913242999935151,0.045032604272085386
0.04364014913166286,0.029540323404396756
0.07236740550503142,0.0582675797777653
0.07100055298982488,0.05690072726255876
0.048649673423521125,0.034549847696255
0.057342621779906754,0.043242796052640635
0.04949011851236514,0.03539029278509904
0.058588157928259575,0.04448833220099348
0.05692882031069134,0.04282899458342523
0.04451545966484207,0.030415633937575955
0.04313218490620687,0.029032359178940773
0.05075724039835344,0.03665741467108731
0.04018689482681792,0.02608706909955179
0.0699122225708966,0.055812396843630464
0.05250965815076802,0.03840983242350189
0.04047608041707299,0.026376254689806894
0.05711347137799687,0.04301364565073075
0.035877348335018475,0.02177752260775235
0.04781665880250424,0.03371683307523814
0.04612744161347392,0.03202761588620781
0.04109597834981131,0.026996152622545212
0.04374088311222383,0.029641057384957707
0.055111635576608586,0.04101180984934248
0.05908383009196573,0.044984004364699626
0.04752529386027715,0.03342546813301104
0.05404222174907085,0.03994239602180474
0.05243724226588373,0.03833741653861763
0.07372235793352558,0.05962253220625946
0.041872013524476316,0.0277721877972102
0.0452868233011712,0.031186997573905077
0.06744785009842287,0.053348024371156745
0.06236317848397284,0.04826335275670671
0.06720533115871101,0.05310550543144486
0.05443734086494051,0.04033751513767439
0.05590956515401478,0.04180973942674868
0.07627353636238152,0.062173710635115384
0.04990040892644831,0.0358005831991822
0.0468344173843478,0.032734591657081674
0.06419515155712036,0.05009532582985423
0.05617483639750764,0.042075010670241546
0.06446865523944091,0.0503688295121748
0.05252066747454259,0.03842084174727646
0.05443301482824269,0.04033318910097658
0.04651602349209698,0.032416197764830866
0.049963346761999664,0.03586352103473355
0.0559274339512779,0.041827608224011804
0.05847170236477781,0.044371876637511715
0.059658028405892176,0.04555820267862607
0.05980866364771059,0.04570883792044447
0.04055566970816602,0.02645584398089989
0.0516145592150761,0.03751473348780998
0.04726763267952601,0.03316780695225989
0.04199755811250001,0.027897732385233895
0.061498083633741214,0.0473982579064751
0.053332161403323496,0.039232335676057384
0.06550491298020916,0.05140508725294305
0.06807148555158683,0.05397165982432068
0.06697061339519683,0.052870787667930755
0.04100918208947631,0.026909356362210212
0.050886854453954175,0.03678702872668806
0.05910896860220117,0.04500914287493505
0.061559033246133654,0.04745920751886752
0.05861507396250041,0.04451524823523429
0.04581130611898673,0.03171148039172063
0.05669618841594201,0.0425963626886759
0.05950899711714546,0.04540917138987933
0.03759146931889636,0.023491643591630234
0.04588240217713183,0.031782576449865735
0.04985412776761417,0.03575430204034806
0.04889001459285935,0.034790188865593236
0.05313492412516412,0.03903509839789802
0.049288668279482875,0.03518884255221675
0.03883779955001064,0.024737973822744536
0.052998916739317024,0.0388990910120509
0.06342106657113597,0.04932124084386985
0.0539905330232563,0.03989070729599019
0.058884388855273674,0.04478456312800758
0.05039645394562987,0.03629662821836376
0.049391059247631874,0.03529123352036577
0.0602729503961403,0.046173124668874195
0.0447652947260258,0.030665468998759684
0.05082366931927692,0.0367238435920108
0.04490961776437502,0.030809792037108884
0.06052060629087769,0.04642078056361156
0.060017655366776425,0.045917829639510306
0.058754271735995005,0.044654446008728886
0.05050186188741766,0.03640203616015154
0.03883804693449903,0.024738221207232926
0.049155443985781075,0.03505561825851495
0.0562195271659848,0.04211970143871869
0.06471117876699967,0.050611353039733575
0.0463149928905182,0.032215167163252095
0.056002908979905786,0.04190308325263965
0.0565137725738256,0.0424139468465595
0.042697327561456326,0.028597501834190207
0.05130167473769998,0.03720184901043387
0.05810612275524438,0.044006297027978244
0.06835521721636126,0.05425539148909517
0.06858302068509135,0.054483194957825234
0.05545807269858826,0.04135824697132214
0.046322846983226716,0.03222302125596061
0.041530682329538104,0.027430856602271986
0.05775571542463863,0.0436558896973725
0.06420016428007015,0.05010033855280403
0.07189802086749142,0.057798195140225286
0.047241655320601074,0.033141829593334955
0.05301000683154925,0.03891018110428313
0.04331314059169996,0.029213314864433865
0.03813206214438692,0.024032236417120788
0.06713162777467553,0.0530318020474094
0.05041806257297214,0.03631823684570604
0.053205817891521234,0.03910599216425512
0.03367763723687969,0.01957781150961358
0.05990221228659584,0.04580238655932971
0.07293366985424099,0.05883384412697489
0.04842818217909378,0.03432835645182769
0.061744144992463265,0.04764431926519715
0.04385243988574854,0.029752614158482425
0.059381970414028734,0.045282144686762615
0.05878285384448254,0.044683028117216445
0.042569451020237396,0.02846962529297129
0.060483568922780354,0.046383743195514214
0.055845929407082905,0.04174610367981679
0.0651930587603336,0.0510932330330675
0.06560332078902416,0.05150349506175804
0.041057478008092174,0.026957652280826066
0.04704473274615566,0.032944907018889545
0.05840635490935775,0.04430652918209164
0.06841228831541504,0.05431246258814893
0.05469625248296713,0.04059642675570103
0.061415091644714426,0.04731526591744832
0.06949213341110855,0.05539230768384245
0.05239668467971965,0.038296858952453536
0.05057316662921158,0.03647334090194547
0.04565018246000496,0.03155035673273885
0.06005164102791339,0.045951815300647285
0.05402134610371257,0.03992152037644646
0.051046362219141606,0.0369465364918755
0.04313620966919353,0.029036383941927417
0.043848480233472466,0.029748654506206333
0.04777098428367527,0.03367115855640917
0.050494003244359084,0.03639417751709298
0.053367011224235796,0.03926718549696968
0.04176824635828107,0.02766842063101495
0.06827571770609378,0.054175891978827675
0.055146896677797444,0.04104707095053133
0.05908963964130679,0.044989813914040666
0.06297269679176001,0.04887287106449393
0.06398212103585421,0.04988229530858815
0.02913947321990762,0.01503964749264151
0.05746339032819901,0.043363564600932894
0.05696625458742334,0.042866428860157235
0.041893596780038005,0.027793771052771903
0.0572045073813572,0.043104681654091065
0.0384408648819972,0.024341039154731098
0.038572414871913124,0.024472589144647023
0.04804362153528758,0.033943795808021475
0.059136902845390166,0.04503707711812406
0.043531137966281205,0.02943131223901509
0.06749128681127863,0.05339146108401252
0.07165720771125868,0.057557381983992566
0.06996114109786643,0.055861315370600295
0.055297734694253614,0.041197908966987495
0.05336800254431011,0.03926817681704399
0.06382985065617584,0.04973002492890972
0.06841187740299823,0.0543120516757321
0.05651680010063218,0.04241697437336608
0.06858900025801926,0.05448917453075314
0.06517288715562766,0.05107306142836155
0.06164301936037209,0.04754319363310598
0.0347901749830226,0.020690349255756486
0.05567930873088879,0.041579483003622686
0.04341527917175565,0.029315453444489555
0.05575732516655864,0.041657499439292534
0.07900852315201298,0.06490869742474689
0.06038710766469957,0.046287281937433436
0.04058326882505971,0.026483443097793602
0.0558205062375584,0.0417206805102923
0.05500249364096155,0.04090266791369544
0.05373755180040935,0.039637726073143247
0.057799383753877054,0.043699558026610935
0.046673614405245506,0.0325737886779794
0.06418980006337174,0.05008997433610565
0.04086847442333716,0.026768648696071044
0.05517645497483703,0.041076629247570925
0.05655201555011272,0.04245218982284662
0.06143048487791294,0.047330659150646825
0.055627805466819266,0.04152797973955315
0.05047990266132543,0.03638007693405932
0.058323103738362025,0.044223278011095914
0.0538259937412344,0.03972616801396827
0.04539558334515846,0.03129575761789234
0.06767733921380308,0.05357751348653695
0.05963613140670023,0.04553630567943413
0.04963219346411149,0.035532367736845365
0.04784561874513671,0.033745793017870576
0.04852481833253162,0.0344249926052655
0.05636943184041606,0.042269606113149956
0.058680166523060226,0.044580340795794135
0.05281038754344766,0.03871056181618154
0.05943061730148024,0.04533079157421413
0.06258557164409592,0.04848574591682982
0.048221485107785005,0.03412165938051889
0.06483096456061917,0.05073113883335303
0.06039991088910228,0.04630008516183616
0.0514148707276671,0.03731504500040096
0.0524572277936672,0.038357402066401106
0.06622159147536717,0.052121765748101054
0.040636249876837977,0.02653642414957188
0.059204730987346535,0.04510490526008043
0.06143510086576959,0.04733527513850347
0.06780242876984349,0.05370260304257736
0.038372734179244694,0.024272908451978575
0.054731334771301356,0.04063150904403523
0.04598906706995781,0.031889241342691686
0.06268843005519316,0.048588604327927075
0.05298814662204534,0.03888832089477923
0.04622950869250491,0.0321296829652388
0.058453719642135,0.04435389391486889
0.06015444562608556,0.04605461989881945
0.05768901481356163,0.04358918908629549
0.0605353393070462,0.0464355135797801
0.04779427327327073,0.03369444754600461
0.06876665820010253,0.054666832472836394
0.04896611797596158,0.034866292248695474
0.0555060156397792,0.041406189912513075
0.05716825000123587,0.04306842427396976
0.054551252826951085,0.04045142709968496
0.06675444302159138,0.05265461729432523
0.055889940928447394,0.04179011520118127
0.042535737618265,0.028435911890998884
0.03745359626417655,0.02335377053691043
0.04294756405801486,0.028847738330748746
0.05854406904970904,0.044444243322442935
0.028484971302449563,0.014385145575183465
0.05541385173933231,0.0413140260120662
0.04305005445245731,0.028950228725191207
0.024349832473986685,0.010250006746720582
0.05383009166663692,0.03973026593937082
0.05965818228011977,0.045558356552853674
0.04839515619344298,0.03429533046617686
0.05449914747897351,0.040399321751707386
0.05130624520207129,0.03720641947480518
0.04267075785313865,0.028570932125872535
0.05187422897608833,0.03777440324882223
0.044663622178233914,0.0305637964509678
0.061156878465229846,0.04705705273796374
0.052631535196478986,0.038531709469212874
0.0483350078927961,0.03423518216552998
0.05452602045732693,0.040426194730060795
0.041724767672366894,0.0276249419451008
0.04441143974938002,0.0303116140221139
0.06217567706880695,0.04807585134154084
0.07027305966418554,0.05617323393691942
0.025798297316359235,0.011698471589093122
0.06153308967250968,0.04743326394524356
0.05273973748155276,0.038639911754286646
0.05720779729952307,0.04310797157225695
0.060351770748369046,0.04625194502110293
0.039935969907515245,0.02583614418024912
0.05464945290688734,0.04054962717962123
0.048681158702280555,0.034581332975014444
0.05571097379701164,0.04161114806974552
0.05256304057427528,0.038463214847009146
0.051925632301523444,0.03782580657425734
0.05555035050173565,0.041450524774469547
0.04689326383608083,0.03279343810881473
0.047335712910950296,0.033235887183684185
0.05490826827062898,0.04080844254336286
0.061563172997098334,0.04746334726983222
0.05366853336238733,0.03956870763512123
0.05375843966620581,0.03965861393893969
0.04375581343762856,0.029655987710362448
0.06604503561212348,0.051945209884857374
0.053404980685645115,0.03930515495837899
0.05855824331288626,0.04445841758562016
0.05252468865204567,0.03842486292477955
0.060610236227990354,0.04651041050072423
0.064867078891656,0.05076725316438988
0.05682162932125838,0.042721803593992275
0.05503699135535852,0.0409371656280924
0.04532176799300583,0.031221942265739728
0.05014835279185842,0.0360485270645923
0.043770757054300245,0.02967093132703412
0.049937591364087576,0.03583776563682146
0.04698461987451457,0.032884794147248445
0.03971171807061727,0.025611892343351143
0.0422683910332044,0.02816856530593828
0.04419392932554625,0.03009410359828012
0.05613744011173486,0.04203761438446875
0.055338411800848204,0.041238586073582086
0.05891734507952297,0.04481751935225683
0.060422302183674975,0.046322476456408884
0.04512351213750751,0.031023686410241388
0.07001018200818539,0.05591035628091926
0.05568065589455955,0.04158083016729342
0.04405092915548784,0.02995110342822173
0.03897603435898981,0.02487620863172371
0.04414322182488032,0.03004339609761419
0.0334661124348095,0.019366286707543378
0.05127591453645919,0.037176088809193084
0.04210924393005238,0.028009418202786247
0.05338798609134519,0.03928816036407907
0.05836425740524448,0.04426443167797838
0.06444980588502962,0.050349980157763485
0.06076324875261042,0.046663423025344326
0.05350974601700074,0.039409920289734626
0.041176803754080685,0.02707697802681458
0.05583568191239801,0.041735856185131884
0.051251928367268794,0.03715210264000271
0.047355217692599226,0.03325539196533311
0.05163360250980664,0.03753377678254052
0.06104968797595893,0.04694986224869281
0.05881207445086022,0.04471224872359414
0.05695898867032474,0.04285916294305863
0.06689010698209559,0.05279028125482947
0.04058749629024628,0.026487670562980164
0.06693118670646685,0.052831360979200735
0.05770273114953433,0.043602905422268225
0.038485070502749984,0.02438524477548387
0.05464758607862602,0.04054776035135991
0.06923323287096951,0.055133407143703385
0.049474448944820545,0.035374623217554454
0.05863013145542778,0.04453030572816166
0.039255395670497066,0.02515556994323097
0.04745622401497332,0.033356398287707215
0.0583961003857294,0.0442962746584633
0.055411325852911905,0.041311500125645786
0.052554160916124255,0.03845433518885813
0.07075134879621592,0.05665152306894981
0.039492149633511484,0.02539232390624538
0.043237406991839304,0.029137581264573196
0.050753142118653956,0.036653316391387844
0.05125367319877931,0.03715384747151319
0.07177235204774705,0.057672526320480984
0.03307705977308449,0.018977234045818376
0.06325217026028598,0.04915234453301987
0.0670812121576519,0.05298138643038579
0.06054807688190965,0.04644825115464357
0.0480891305843237,0.03398930485705758
0.048595748693455426,0.03449592296618931
0.05535058909988785,0.041250763372621735
0.039248547456057326,0.025148721728791228
0.05278383617972332,0.03868401045245718
0.06296707982731767,0.048867254100051556
0.06098776399306236,0.04688793826579624
0.058016194630884865,0.04391636890361875
0.043298500997807486,0.029198675270541378
0.059574611535628486,0.04547478580836238
0.05426994940420284,0.04017012367693674
0.04490227033126535,0.030802444603999217
0.06663094777179489,0.05253112204452875
0.05759354129599281,0.043493715568726714
0.06224718158630875,0.0481473558590426
0.05278681211763944,0.03868698639037334
0.04916774693033651,0.035067921203070396
0.03285437103464125,0.018754545307375133
0.051703409494574776,0.03760358376730864
0.05278500399347838,0.03868517826621227
0.06436990201818227,0.05027007629091615
0.05418026514827319,0.04008043942100708
0.06612405337375965,0.05202422764649352
0.05868655571389451,0.0445867299866284
0.05008448820028068,0.03598466247301458
0.03538215172002304,0.021282325992756937
0.04621413874303315,0.032114313015767046
0.07785614458026434,0.06375631885299822
0.06872778443057243,0.05462795870330634
0.05747156616291951,0.043371740435653415
0.051405797187032636,0.03730597145976651
0.061390073613856615,0.0472902478865905
0.05850771051706062,0.04440788478979449
0.04035326575231565,0.026253440025049514
0.07217736345273286,0.05807753772546675
0.03902426513733035,0.024924439410064246
0.06619385779820018,0.05209403207093408
0.032782343969982815,0.0186825182427167
0.04342051802283188,0.02932069229556576
0.047448970699336394,0.03334914497207027
0.05488526130098973,0.04078543557372362
0.039108056712844085,0.025008230985577962
0.060389273435331764,0.046289447708065645
0.03691575402275609,0.022815928295489993
0.04317153300440329,0.029071707277137173
0.058585858751690985,0.044486033024424866
0.07705350440132983,0.06295367867406369
0.06040834317778002,0.046308517450513884
0.045443879261316815,0.03134405353405071
0.06139456158816349,0.047294735860897365
0.06213304272792688,0.04803321700066079
0.0681625051729045,0.05406267944563839
0.047158804064767294,0.033058978337501155
0.05412277047560425,0.040022944748338146
0.06459327571933329,0.05049344999206718
0.04826958362835924,0.034169757901093105
0.0487493244507983,0.034649498723532186
0.04251205509236583,0.02841222936509972
0.06167536114165098,0.04757553541438488
0.05020839976613434,0.03610857403886823
0.06591338080819226,0.05181355508092613
0.06419086017442617,0.050091034447160065
0.04307840232694134,0.028978576599675218
0.06959263465856066,0.05549280893129457
0.029690934502155444,0.015591108774889315
0.053892772788877476,0.03979294706161137
0.055984238594824716,0.0418844128675586
0.05819383907194806,0.044094013344681965
0.040530212851078135,0.026430387123812023
0.06552555627205446,0.051425730544788335
0.03555197681276463,0.021452151085498528
0.03651016541573913,0.022410339688473013
0.03946560561446006,0.02536577988719395
0.0578148114346872,0.04371498570742108
0.05339478972265024,0.03929496399538412
0.08377868727177835,0.06967886154451222
0.07291311180023596,0.058813286072969845
0.05707009510299433,0.04297026937572823
0.0451983870825168,0.031098561355250687
0.06723753824225293,0.0531377125149868
0.06082570674551858,0.04672588101825245
0.06158721971882097,0.04748739399155486
0.07122441157450847,0.05712458584724237
0.05890228331357018,0.04480245758630407
0.04889471230001198,0.03479488657274587
0.06913996650642222,0.05504014077915612
0.04212071914608058,0.028020893418814467
0.048210077701472426,0.034110251974206335
0.0330864590763431,0.01898663334907699
0.06328333415347487,0.04918350842620876
0.051285957235632534,0.03718613150836641
0.05170170463216118,0.037601878904895074
0.06328463341970744,0.049184807692441324
0.025563874509716263,0.011464048782450142
0.050744361801509284,0.03664453607424318
0.038690399907602736,0.024590574180336597
0.06666778415624516,0.052567958428979045
0.06301549945018324,0.048915673722917136
0.0410688029700576,0.02696897724279148
0.02944375487907036,0.015343929151804256
0.04577055127943954,0.03167072555217343
0.05149302871216367,0.03739320298489755
0.04888438218946788,0.034784556462201785
0.051435056016633555,0.03733523028936746
0.04080675102573711,0.02670692529847098
0.0732433829547343,0.05914355722746817
0.056550321248116826,0.042450495520850715
0.03798201104327412,0.023882185316008015
0.060654377058793896,0.046554551331527784
0.05665697577045128,0.042557150043185166
0.03753840949161498,0.023438583764348868
0.06535421367122005,0.05125438794395394
0.04749676045319938,0.03339693472593326
0.06905875185634068,0.05495892612907459
0.04666139300742507,0.032561567280158965
0.04693794516282141,0.03283811943555531
0.05478652157624548,0.04068669584897937
0.07144943250360598,0.05734960677633988
0.0441440262989199,0.03004420057165377
0.06151468772033469,0.04741486199306858
0.061177370664759936,0.04707754493749382
0.06061791838036923,0.046518092653103096
0.052821525809799,0.03872170008253289
0.05283821351402765,0.03873838778676153
0.04975029663312473,0.035650470905858614
0.0583716595523153,0.04427183382504918
0.05876279724121303,0.04466297151394693
0.0628564069495002,0.04875658122223408
0.06941690029880317,0.05531707457153707
0.05041457640962436,0.036314750682358246
0.05017928463498952,0.0360794589077234
0.05078684109720403,0.03668701536993792
0.04754325803383474,0.03344343230656863
0.06548768375636882,0.05138785802910269
0.06171654481081835,0.04761671908355222
0.058488040921947516,0.0443882151946814
0.052703708966329074,0.03860388323906295
0.0421192165534491,0.028019390826182995
0.057553947458256455,0.04345412173099036
0.06643368552149746,0.052333859794231344
0.07115636171260753,0.057056535985341404
0.05475399101976933,0.0406541652925032
0.05473388611874476,0.040634060391478634
0.056431727653524805,0.04233190192625869
0.06292571651643246,0.04882589078916637
0.07261363357252103,0.05851380784525493
0.05944815672624432,0.0453483309989782
0.04862529150943115,0.03452546578216502
0.055462202325780974,0.041362376598514855
0.0721806643125357,0.058080838585269544
0.07605791718576468,0.06195809145849857
0.06699330490885709,0.052893479181590985
0.05472181947167145,0.04062199374440534
0.04547906098426374,0.03137923525699763
0.051949977425100644,0.03785015169783452
0.056455519284010575,0.04235569355674446
0.04694712896916463,0.03284730324189854
0.07152916434715573,0.057429338619889594
0.04710852112320723,0.03300869539594112
0.07249074746195258,0.058390921734686504
0.05254573128581478,0.03844590555854867
0.05445352841758221,0.040353702690316094
0.053458655220000074,0.03935882949273396
0.06881494198676237,0.054715116259496266
0.03890908513742213,0.024809259410156
0.058288813023693854,0.04418898729642775
0.03409825667250335,0.01999843094523723
0.06165932103813,0.047559495310863904
0.07974554718280459,0.06564572145553849
0.06223217360269067,0.048132347875424544
0.0539454286410632,0.03984560291379709
0.06762907840568635,0.05352925267842025
0.04234352333455296,0.02824369760728683
0.05574149894586189,0.04164167321859578
0.03970850593831216,0.02560868021104604
0.03307629410508083,0.01897646837781473
0.05980621664518873,0.045706390917922654
0.05494300142647863,0.040843175699212524
0.05182593048280004,0.037726104755533924
0.0644023564333311,0.05030253070606503
0.06485408329172918,0.05075425756446309
0.04715933308566734,0.03305950735840123
0.04126165910080426,0.027161833373538138
0.042612925435169834,0.028513099707903722
0.0512183360293036,0.03711851030203747
0.06006348297179571,0.04596365724452958
0.044842151311009236,0.030742325583743138
0.061219385606170844,0.04711955987890472
0.046977967584082674,0.032878141856816555
0.0518150160476309,0.03771519032036479
0.06115406566722452,0.04705423993995843
0.05771629430652858,0.04361646857926248
0.04655424961661658,0.032454423889350485
0.05002232736212255,0.03592250163485645
0.045285591243181114,0.03118576551591501
0.05825450913810361,0.0441546834108375
0.0584162502178658,0.04431642449059969
0.04565037926463056,0.03155055353736444
0.049794671701595156,0.03569484597432904
0.05408956976207786,0.03998974403481176
0.0619163510489797,0.047816525321713585
0.04808448777337243,0.03398466204610631
0.0544049441855009,0.040305118458234784
0.05237720925369767,0.03827738352643156
0.06977569340782473,0.055675867680558634
0.0621968183118363,0.04809699258457016
0.06564178629820984,0.05154196057094368
0.0571506725983572,0.04305084687109108
0.0617691826117592,0.047669356884493086
0.04747758025177136,0.03337775452450524
0.07345509946604611,0.05935527373878001
0.04680920478986408,0.03270937906259796
0.037052545932406915,0.022952720205140793
0.05188662057291736,0.037786794845651256
0.06533952382906635,0.051239698101800256
0.05304873440954401,0.038948908682277905
0.0522854542614446,0.0381856285341785
0.07971830964974103,0.06561848392247491
0.06170819811530872,0.0476083723880426
0.035875808259084166,0.02177598253181805
0.05903375454484239,0.04493392881757626
0.06068214210596671,0.0465823163787006
0.04853286292455079,0.03443303719728468
0.05393234062636675,0.03983251489910063
0.07543831629260439,0.061338490565338306
0.052439980120064296,0.03834015439279819
0.03841504478961846,0.02431521906235236
0.051339428537778224,0.03723960281051211
0.0482416589722105,0.03414183324494437
0.05995549964679757,0.04585567391953147
0.06594639493599921,0.05184656920873312
0.04632137364593052,0.03222154791866439
0.04599598880721895,0.03189616307995283
0.050636633590046776,0.036536807862780636
0.07107103932118218,0.056971213593916055
0.07248165851993293,0.05838183279266683
0.043434949032796946,0.029335123305530824
0.05205216802587117,0.03795234229860506
0.05894230427937774,0.044842478552111605
0.04601732184552786,0.03191749611826177
0.07100170488474634,0.0569018791574802
0.056659221254342626,0.042559395527076514
0.06056064427756848,0.04646081855030237
0.04574729598486412,0.031647470257598
0.05531147914402661,0.04121165341676049
0.030427263644579716,0.016327437917313593
0.042617564615488095,0.028517738888221972
0.06029659792690801,0.046196772199641876
0.04765169041774802,0.03355186469048191
0.05884435501620347,0.04474452928893735
0.07189109685012797,0.057791271122861865
0.04453793863365106,0.03043811290638495
0.04389376059458518,0.029793934867319065
0.03032885210224411,0.01622902637497799
0.06315697903691009,0.04905715330964397
0.05696661931026395,0.04286679358299783
0.06584744887339457,0.05174762314612845
0.05096905542386585,0.036869229696599747
0.03357320570706087,0.019473379979794758
0.05402809637020548,0.03992827064293935
0.07696367396681832,0.06286384823955218
0.08160755441307617,0.06750772868581005
0.05684289127171183,0.04274306554444572
0.037317825036869666,0.023217999309603547
0.04510077187357987,0.031000946146313768
0.048061944030374386,0.033962118303108274
0.048005001693395714,0.03390517596612962
0.05592825657160448,0.04182843084433836
0.06271226477355245,0.04861243904628631
0.0573018520411783,0.043202026313912185
0.04717477449095918,0.033074948763693046
0.06418485881398431,0.0500850330867182
0.036264705397622575,0.022164879670356446
0.062314684827362715,0.048214859100096596
0.059937394919527716,0.045837569192261604
0.061502076022555016,0.047402250295288904
0.04936584849407691,0.03526602276681078
0.045859853182049076,0.03176002745478297
0.048458903891138445,0.034359078163872354
0.057325106781102496,0.04322528105383636
0.042233548633094066,0.02813372290582795
0.05229027208420897,0.03819044635694285
0.04287486390693261,0.028775038179666475
0.05294293369347804,0.03884310796621193
0.04387011603102897,0.029770290303762853
0.05082409089325526,0.03672426516598914
0.04608791028325962,0.031988084555993494
0.05462990044073881,0.04053007471347269
0.04295362122331416,0.028853795496048048
0.04228064346164108,0.028180817734374967
0.07342838257695522,0.05932855684968909
0.058731887193506145,0.044632061466240054
0.036740215242737774,0.02264038951547166
0.02369243614689516,0.009592610419629059
0.041470852914273146,0.027371027187007017
0.056342017004895995,0.04224219127762986
0.049074682781646985,0.034974857054380866
0.05935422664816406,0.045254400920897955
0.058393494118107875,0.044293668390841756
0.06072440611225556,0.04662458038498943
0.04224317498286656,0.028143349255600456
0.06521081919687313,0.05111099346960701
0.040616470224226035,0.026516644496959917
0.052302440837988025,0.03820261511072191
0.06254818224489825,0.048448356517632137
0.07615389014748182,0.06205406442021571
0.05721212159142304,0.04311229586415692
0.058179925982282166,0.04408010025501606
0.058812184984093484,0.044712359256827386
0.06185167129755586,0.04775184557028973
0.06645544023603685,0.0523556145087707
0.06298657042915148,0.04888674470188538
0.05880565370064307,0.044705827973376945
0.04483446295676393,0.03073463722949783
0.052019435401314075,0.037919609674047956
0.050444470745028704,0.036344645017762585
0.06542284548417503,0.051323019756908894
0.06833534124676723,0.05423551551950112
0.05539582230658355,0.041295996579317436
0.04848138346958906,0.03438155774232295
0.05566627714274102,0.04156645141547491
0.08024359268742844,0.06614376696016228
0.05783049070323391,0.04373066497596781
0.047879532800491884,0.033779707073225786
0.06904301804963539,0.05494319232236927
0.04776843125839302,0.033668605531126904
0.04447389331005555,0.030374067582789446
0.052189315960379394,0.03808949023311328
0.041535151291932346,0.02743532556466622
0.05545227279624413,0.04135244706897804
0.061175463385892456,0.04707563765862632
0.04726479340804819,0.03316496768078207
0.048033066449227,0.0339332407219609
0.05390660674438431,0.0398067810171182
0.055056422930220984,0.04095659720295487
0.07938490545044376,0.06528507972317765
0.05731415832068071,0.04321433259341459
0.0652359097877321,0.051136084060465964
0.057637927166458866,0.04353810143919275
0.05543152743313367,0.04133170170586755
0.04359840131057156,0.02949857558330544
0.03552282748249129,0.021423001755225147
0.04476388759981025,0.03066406187254414
0.0686612922682484,0.05456146654098233
0.0800004550278844,0.0659006293006183
0.056992612448742194,0.04289278672147608
0.053126243379782855,0.03902641765251676
0.05612430537460027,0.042024479647334155
0.055725494078090104,0.041625668350824
0.06530690119302492,0.0512070754657588
0.04957324713105117,0.035473421403785045
0.04935210598237957,0.03525228025511346
0.056783089327997284,0.04268326360073118
0.04273579564316908,0.02863596991590297
0.07087673391738347,0.05677690819011735
0.06748823817584285,0.053388412448576734
0.05322515520558141,0.0391253294783153
0.06282932220646789,0.04872949647920177
0.0592771377680231,0.04517731204075697
0.06543374477171063,0.0513339190444445
0.0436003998653655,0.02950057413809941
0.05311981616783934,0.03901999044057322
0.0551436850027103,0.04104385927544418
0.05155394672291467,0.037454120995648564
0.047790722453714636,0.03369089672644854
0.06084244815803923,0.046742622430773116
0.06876609743427824,0.05466627170701211
0.045473833375991014,0.0313740076487249
0.048946835375970804,0.03484700964870468
0.0689558633960805,0.054856037668814396
0.04020574602656906,0.02610592029930295
0.06601826896834129,0.051918443241075196
0.046858586891877135,0.03275876116461104
0.06505829657661885,0.05095847084935273
0.06990690133369468,0.05580707560642857
0.058166163477926226,0.04406633775066012
0.04409856555459223,0.029998739827326117
0.04625137553526042,0.032151549807994305
0.045093803150178136,0.03099397742291201
0.059995706007004684,0.045895880279738586
0.03576742761494851,0.0216676018876824
0.060972406145794175,0.04687258041852804
0.05153631774952418,0.03743649202225807
0.06559186648966729,0.05149204076240117
0.04898497322465259,0.034885147497386484
0.02682894127026547,0.012729115542999353
0.050191497028875126,0.036091671301609035
0.05077848368566898,0.036678657958402854
0.06062554498805411,0.046525719260787995
0.048268027956603676,0.03416820222933755
0.049753850214604094,0.03565402448733798
0.053771312884544856,0.03967148715727872
0.04794265286694948,0.03384282713968337
0.053814871580169614,0.039715045852903495
0.04394558909005498,0.02984576336278887
0.05007415981529019,0.035974334088024085
0.048283152384262104,0.03418332665699598
0.05154176945468949,0.0374419437274234
0.053397323991016946,0.03929749826375084
0.04707886658063812,0.032979040853372006
0.0558370814492773,0.041737255722011195
0.057405771873962654,0.04330594614669655
0.05177199095832943,0.0376721652310633
0.06345210853503519,0.04935228280776907
0.04919352299759669,0.03509369727033057
0.053424749253191225,0.03932492352592512
0.06133398130071186,0.04723415557344573
0.060760732073286916,0.04666090634602084
0.05461978948240084,0.04051996375513474
0.050461354662968284,0.036361528935702166
0.05561302685546509,0.04151320112819896
0.0533496724938154,0.0392498467665493
0.05558609566053138,0.04148626993326528
0.07822238499220804,0.06412255926494194
0.05181041760478081,0.037710591877514694
0.048386503180802405,0.03428667745353629
0.0480246881849804,0.03392486245771429
0.06270284083845203,0.04860301511118592
0.05129477082597908,0.03719494509871296
0.05360641063649008,0.039506584909224
0.05498514468277417,0.04088531895550806
0.048052414886856756,0.033952589159590645
0.05262902449019184,0.03852919876292571
0.052011939102622834,0.03791211337535673
0.05340969529997791,0.03930986957271178
0.050604796179815274,0.03650497045254916
0.055237393040967676,0.04113756731370156
0.06125770935045628,0.047157883623190164
0.06113552982697222,0.04703570409970608
0.057329321984318476,0.043229496257052365
0.0503838134771053,0.036283987749839194
0.03238408146769466,0.018284255740428534
0.05741876541921924,0.04331893969195309
0.05196129328028408,0.037861467553017975
0.060188017779259445,0.046088192051993354
0.06281353108312938,0.04871370535586328
0.06613845164664651,0.0520386259193804
0.07663348996471558,0.0625336642374495
0.050771535943609065,0.036671710216342926
0.04460416131912392,0.03050433559185779
0.07136136279515261,0.05726153706788654
0.06220619571802059,0.048106369990754475
0.04709456449633257,0.03299473876906646
0.04961874754381695,0.035518921816550815
0.0537870800035237,0.039687254276257584
0.04540671335974721,0.0313068876324811
0.043019839935834914,0.028920014208568802
0.06507343731029404,0.05097361158302793
0.07370105816938208,0.059601232442115966
0.061436831774832806,0.047337006047566674
0.05915343775986958,0.04505361203260347
0.060829345637516054,0.046729519910249956
0.03342341367696553,0.019323587949699423
0.05433576175482072,0.04023593602755461
0.07247723802417602,0.05837741229690991
0.04699464603605312,0.032894820308787
0.06071743966640311,0.04661761393913701
0.05319885886227075,0.039099033135004645
0.06767186800452923,0.05357204227726309
0.0447753021201063,0.030675476392840188
0.05852187859306793,0.04442205286580183
0.054202535852424766,0.040102710125158675
0.04460901126786178,0.030509185540595667
0.04430949138737295,0.030209665660106848
0.04062953309260568,0.026529707365339553
0.04596201196517509,0.03186218623790898
0.061696463304019365,0.04759663757675325
0.05106393644494085,0.03696411071767474
0.044237619197671045,0.030137793470404933
0.04985018273325113,0.03575035700598503
0.05468918280495674,0.040589357077690624
0.05529727133965572,0.041197445612389624
0.06784311318826008,0.05374328746099395
0.057273696215021784,0.04317387048775568
0.05072594894978325,0.036626123222517154
0.03826159738197083,0.024161771654704713
0.054159345852937586,0.04005952012567147
0.04176910938701635,0.027669283659750233
0.05450728512234915,0.04040745939508303
0.05462741325223166,0.04052758752496555
0.04202268196189327,0.02792285623462717
0.06718580212874867,0.053085976401482535
0.06555483764652636,0.05145501191926028
0.06192846580429378,0.04782864007702766
0.057251999866152085,0.04315217413888597
0.05286688770055583,0.038767061973289725
0.05561826815956478,0.041518442432298644
0.07259768960434135,0.058497863877075215
0.06642139338427021,0.052321567657004096
0.05900975088812058,0.04490992516085445
0.06156734552503975,0.04746751979777363
0.05834479774015999,0.0442449720128939
0.05514146362931268,0.041041637902046554
0.05688126855069412,0.04278144282342801
0.05648890873358759,0.042389083006321486
0.050812861990318495,0.036713036263052376
0.042733517912824565,0.02863369218555844
0.054537821495737375,0.040437995768471256
0.05766820514488889,0.04356837941762278
0.058502795623714514,0.04440296989644839
0.04919115126980716,0.03509132554254106
0.04487665588716233,0.03077683015989619
0.04624070795805983,0.0321408822307937
0.04988106840595634,0.035781242678690234
0.05955423405514717,0.04545440832788106
0.07206621975691777,0.05796639402965164
0.048724295720543535,0.03462446999327742
0.05584066823718597,0.04174084250991985
0.054754063605530125,0.04065423787826401
0.05369509686589774,0.03959527113863163
0.04174805350755248,0.027648227780286375
0.0647545098302101,0.05065468410294398
0.05305753088468453,0.0389577051574184
0.03924255481263761,0.025142729085371462
0.06925773956036374,0.055157913833097656
0.04316665624698703,0.029066830519720928
0.05423710816876233,0.0401372824414962
0.055921162793354455,0.04182133706608834
0.052518006057648954,0.03841818033038283
0.07105124826939223,0.05695142254212614
0.059757349396586563,0.04565752366932044
0.05201395306295879,0.03791412733569269
0.05806840874221858,0.043968583014952475
0.0680537278025707,0.05395390207530455
0.07739327109928643,0.06329344537202032
0.04506863235855741,0.0309688066312913
0.060314025548675064,0.04621419982140893
0.05758962918010107,0.04348980345283495
0.06786885792997599,0.0537690322027099
0.06133174318274643,0.04723191745548031
0.032307722119603095,0.018207896392336984
0.04289361530216884,0.028793789574902747
0.05786738399003652,0.043767558262770415
0.06393950231443576,0.04983967658716964
0.04971864090523529,0.035618815177969186
0.03239021187407161,0.018290386146805507
0.07128379009555269,0.057183964368286586
0.04424763850436834,0.0301478127771022
0.0561290145444249,0.04202918881715879
0.04993978054481666,0.03583995481755055
0.06532165056115383,0.051221824833887694
0.06091852604092399,0.04681870031365787
0.06891636366533757,0.054816537938071445
0.06570754198806737,0.05160771626080124
0.05301995210138134,0.03892012637411524
0.06051065151048964,0.046410825783223544
0.03797779537989358,0.023877969652627465
0.05587845007183806,0.04177862434457195
0.053028106476560845,0.03892828074929472
0.058648285639030136,0.044548459911764
0.04587214434020307,0.03177231861293694
0.06983632718654316,0.055736501459277034
0.042729421577855045,0.028629595850588944
0.0507919627484558,0.036692137021189696
0.05647664429778361,0.04237681857051749
0.061890379910958485,0.04779055418369238
0.046378637990620614,0.03227881226335451
0.050973947182529476,0.036874121455263364
0.044415575483758046,0.030315749756491924
0.05827398307821625,0.04417415735095014
0.05985350901824758,0.045753683290981464
0.05731465010702917,0.04321482437976306
0.04509572127294275,0.03099589554567664
0.0642018981445616,0.05010207241729549
0.04156697519852988,0.02746714947126375
0.06600175606134627,0.05190193033408016
0.07516266759044876,0.06106284186318264
0.055245348756956296,0.041145523029690184
0.04633025308732885,0.03223042736006273
0.06267229129567119,0.04857246556840506
0.0447333079107175,0.03063348218345138
0.0762936914016211,0.06219386567435499
0.04567762372186441,0.03157779799459831
0.056967269813067226,0.042867444085801114
0.054837768295194454,0.040737942567928336
0.06218551379431874,0.04808568806705264
0.07335485880989287,0.05925503308262674
0.044261211961457235,0.030161386234191127
0.04976686151885657,0.03566703579159045
0.048839638541943335,0.03473981281467724
0.07780509175988277,0.06370526603261667
0.05989942060096332,0.0457995948736972
0.07432199896293486,0.060222173235668745
0.06048026624318095,0.04638044051591486
0.05399298842391928,0.03989316269665317
0.06261828791672028,0.04851846218945418
0.056749975586079936,0.04265014985881382
0.051009408363938406,0.036909582636672295
0.0543786431456114,0.04027881741834529
0.060746862675443145,0.04664703694817704
0.06024032144144241,0.04614049571417629
0.05055233652058633,0.0364525107933202
0.05422763689606987,0.04012781116880376
0.05733812327258128,0.04323829754531519
0.036685972844081274,0.022586147116815163
0.05775622272380218,0.04365639699653606
0.05003092547297598,0.03593109974570984
0.0380805096477945,0.023980683920528365
0.06545871903962384,0.051358893312357747
0.049710941303231566,0.035611115575965434
0.060360888104478164,0.046261062377212045
0.05133257300069258,0.03723274727342645
0.058147656663013705,0.04404783093574757
0.03578293243941266,0.021683106712146568
0.04808333310516495,0.033983507377898826
0.07553090673026376,0.06143108100299765
0.06392009137016219,0.04982026564289606
0.041123591112791395,0.027023765385525277
0.05679219201188304,0.04269236628461694
0.05471296802952241,0.04061314230225631
0.042130718734699736,0.028030893007433635
0.05905146637428995,0.04495164064702384
0.049394694522865046,0.035294868795598934
0.0641517880820478,0.050051962354781675
0.04165888493200505,0.027559059204738928
0.050199954639843766,0.036100128912577675
0.04021930730418458,0.026119481576918464
0.07549158511671998,0.06139175938945385
0.061710449454257736,0.0476106237269916
0.05782538018066171,0.043725554453395606
0.061524958402854144,0.04742513267558801
0.05574943194722031,0.04164960621995419
0.04861835927292349,0.03451853354565737
0.03401274034179404,0.01991291461452794
0.0675549737658454,0.053455148038579293
0.046223785354732,0.03212395962746588
0.05798143497329722,0.04388160924603111
0.05211955837648287,0.03801973264921675
0.04928386517419699,0.03518403944693088
0.061490258152465976,0.04739043242519988
0.06242295161617877,0.04832312588891264
0.03518641792647895,0.021086592199212856
0.02748227526936587,0.013382449542099766
0.047892764141773916,0.0337929384145078
0.06003748911620033,0.045937663388934215
0.06327315386167967,0.049173328134413566
0.047275590362325176,0.033175764635059064
0.0558960518888573,0.041796226161591184
0.06600281565424364,0.05190298992697755
0.0535935821891065,0.03949375646184038
0.050782099681492276,0.036682273954226165
0.056210002045550544,0.042110176318284426
0.050696036252628716,0.03659621052536259
0.06402557735147149,0.049925751624205414
0.04752794894617979,0.03342812321891368
0.054880034491159066,0.04078020876389294
0.041823140754927525,0.027723315027661413
0.06408497730022923,0.04998515157296311
0.06163586847997261,0.04753604275270648
0.05303474236615354,0.038934916638887436
0.0483998411521858,0.0343000154249197
0.0426053832428452,0.028505557515579087
0.058674819271640914,0.04457499354437481
0.05346272641811035,0.03936290069084425
0.06564061691102,0.051540791183753876
0.05139246337848479,0.03729263765121869
0.06089852861690483,0.046798702889638694
0.052976682319798366,0.038876856592532254
0.06956712202014037,0.05546729629287426
0.06466038124226081,0.05056055551499469
0.05568721286519942,0.041587387137933314
0.05809966531248332,0.04399983958521719
0.04656883071456103,0.032469004987294915
0.047719561707054,0.03361973597978789
0.04307613452177609,0.028976308794509954
0.03881023999260018,0.024710414265334067
0.07120248177133053,0.05710265604406443
0.0748176211874761,0.060717795460209986
0.05921773363670822,0.045117907909442104
0.05193447541389727,0.037834649686631174
0.06294781887031527,0.048847993143049155
0.06999741496026975,0.05589758923300365
0.056110809303453225,0.042010983576187114
0.05094738285639503,0.03684755712912889
0.059069879721262056,0.04497005399399594
0.062718240923846,0.04861841519657986
0.05701535309467909,0.04291552736741297
0.049708327155859065,0.03560850142859294
0.05201308501272145,0.03791325928545533
0.05318987088994352,0.03909004516267742
0.07829755506900474,0.06419772934173859
0.04818320757093571,0.0340833818436696
0.038585657270270204,0.024485831543004113
0.052800073890452714,0.0387002481631866
0.08003796747154726,0.06593814174428116
0.048255104054853615,0.034155278327587496
0.03801656193823552,0.02391673621096941
0.0565845378048731,0.04248471207760699
0.041658228130186,0.027558402402919888
0.043169706458990126,0.029069880731724
0.06539168492383335,0.051291859196567216
0.07134329974488147,0.05724347401761535
0.07680696980124871,0.06270714407398259
0.0655705873194751,0.051470761592208994
0.06349810719106536,0.04939828146379923
0.06432387911875301,0.05022405339148689
0.053234556324957216,0.03913473059769109
0.04623922744855006,0.03213940172128394
0.06732128885578834,0.05322146312852222
0.04086488485282699,0.026765059125560882
0.04135636221493303,0.027256536487666932
0.04912464919763786,0.03502482347037176
0.053413076670025324,0.03931325094275921
0.05239080345635327,0.03829097772908717
0.050898353527102966,0.03679852779983684
0.0532698356257915,0.03917000989852537
0.06330566480072937,0.049205839073463264
0.05554143162166883,0.0414416058944027
0.04775659505302078,0.03365676932575467
0.056797783626605876,0.042697957899339736
0.05780394229524707,0.043704116567980955
0.033215330773137035,0.019115505045870923
0.043748176744830614,0.029648351017564488
0.06764061975874011,0.053540794031473986
0.06169373404882708,0.04759390832156097
0.03549509751507569,0.021395271787809582
0.028253370147880087,0.014153544420613971
0.05365660091060898,0.03955677518334287
0.05250931167371525,0.03840948594644914
0.04734610620895751,0.033246280481691405
0.05117548422799081,0.03707565850072471
0.05709948380197221,0.04299965807470611
0.048083623790052564,0.03398379806278644
0.06371073127120001,0.04961090554393391
0.049920694456054376,0.03582086872878826
0.06046831511214358,0.04636848938487746
0.044323947819635647,0.030224122092369556
0.06012993013014016,0.046030104402874035
0.06350985543733127,0.04941002971006515
0.04261241813050682,0.0285125924032407
0.06377741802891247,0.049677592301646346
0.05396919728174919,0.03986937155448308
0.05774341120490468,0.04364358547763855
0.06142893668539415,0.047329110958128036
0.04304270325257743,0.02894287752531132
0.04986093640518104,0.03576111067791494
0.05396205422664862,0.03986222849938252
0.053646722079985526,0.03954689635271941
0.048587540671602265,0.03448771494433616
0.037584336567245934,0.02348451083997982
0.06424447621170823,0.05014465048444209
0.04478479186559544,0.03068496613832933
0.05291753483827446,0.03881770911100836
0.0716627935611334,0.05756296783386728
0.06642272884502678,0.05232290311776067
0.05736632275814916,0.04326649703088306
0.04963621628140547,0.03553639055413935
0.03318762684052998,0.01908780111326386
0.06703628141057379,0.05293645568330766
0.03438018107269523,0.020280355345429112
0.05812891155398636,0.04402908582672026
0.04044018552831417,0.02634035980104806
0.05541138292676672,0.0413115571995006
0.05867625572702551,0.04457642999975942
0.06262151848679996,0.04852169275953385
0.04501785185039225,0.03091802612312613
0.03566735900153292,0.021567533274266793
0.06684201404577093,0.05274218831850484
0.06516679412754184,0.051066968400275733
0.04919830503507689,0.03509847930781077
0.05999025003441903,0.04589042430715291
0.048745792593717134,0.034645966866451015
0.04764832535091636,0.033548499623650245
0.061812257074210245,0.04771243134694414
0.052426098365807444,0.038326272638541325
0.0550832865108944,0.04098346078362829
0.05130382226407189,0.037203996536805756
0.048569474528126946,0.03446964880086084
0.04940405493857654,0.03530422921131042
0.06361549018525528,0.04951566445798919
0.05210864214762802,0.038008816420361906
0.05622489684974746,0.04212507112248134
0.05186204620133612,0.037762220474070005
0.059060332274246646,0.04496050654698053
0.06008127170842326,0.04598144598115714
0.04827774967148057,0.03417792394421445
0.05569480839907786,0.041594982671811734
0.049337874527988546,0.03523804880072242
0.04505022543039287,0.030950399703126755
0.05908003394024505,0.044980208212978934
0.04731644535745825,0.033216619630192144
0.052203523201900366,0.03810369747463425
0.06173067501102841,0.0476308492837623
0.031348142775556545,0.017248317048290412
0.06428572478284865,0.05018589905558253
0.0603017413685436,0.046201915641277486
0.043899263374042784,0.029799437646776672
0.04601782368202602,0.031917997954759886
0.04378300771610967,0.029683181988843538
0.05017814238551031,0.03607831665824421
0.05920347871028104,0.04510365298301492
0.06810095329390803,0.054001127566641896
0.07853551066654338,0.06443568493927726
0.06334558351535106,0.04924575778808493
0.061830117631460096,0.047730291904193985
0.04858112431853648,0.03448129859127035
0.06886632243235413,0.05476649670508798
0.05778972352416436,0.04368989779689825
0.06962024564312146,0.055520419915855344
0.047406951644289534,0.03330712591702341
0.040104978038570674,0.026005152311304566
0.05205593684524802,0.0379561111179819
0.05544579665896605,0.04134597093169993
0.07212327985039246,0.05802345412312634
0.0633391769258343,0.04923935119856818
0.06744636769305566,0.053346541965789536
0.06375758964144958,0.04965776391418345
0.06295654569022624,0.04885671996296013
0.07294877395102768,0.05884894822376157
0.049373921212491984,0.03527409548522587
0.06152179095464684,0.047421965227380715
0.03904670905399349,0.02494688332672738
0.0543446548645119,0.040244829137245794
0.061837559707686916,0.04773773398042079
0.021263751670694084,0.0071639259434279606
0.0638773840891505,0.04977755836188437
0.05535035783818923,0.0412505321109231
0.0668301143067223,0.05273028857945621
0.055928104929230595,0.04182827920196449
0.055154488413806706,0.0410546626865406
0.05423005965479636,0.040130233927530234
0.05135973537504037,0.03725990964777425
0.06456601399871198,0.05046618827144587
0.06190448455682844,0.047804658829562335
0.052997644686709436,0.03889781895944332
0.038470665269685636,0.024370839542419517
0.05452376736479703,0.04042394163753091
0.05028527854390918,0.036185452816643066
0.05813496464960227,0.04403513892233618
0.041471482974676115,0.027371657247410003
0.05688697611925931,0.0427871503919932
0.04252850225307839,0.02842867652581227
0.05809001193664905,0.043990186209382935
0.05256814537269484,0.03846831964542875
0.05638637341577733,0.0422865476885112
0.044487946413163365,0.030388120685897246
0.05456692424303799,0.040467098515771883
0.05314888077983263,0.03904905505256653
0.05939128202678667,0.04529145629952055
0.05025418185276559,0.036154356125499464
0.04427549754059105,0.030175671813324933
0.052846081310119294,0.03874625558285319
0.042763845136651754,0.02866401940938563
0.05624793549249609,0.042148109765229994
0.05055464306902176,0.03645481734175566
0.04624815135865614,0.03214832563139003
0.0360013754948347,0.021901549767568602
0.05167625556715762,0.037576429839891505
0.0524552305057169,0.03835540477845078
0.06135114394216937,0.04725131821490325
0.04816644404551482,0.03406661831824871
0.04000972575443941,0.025909900027173277
0.06148699484649682,0.0473871691192307
0.04079514851519993,0.02669532278793379
0.05203843462252784,0.03793860889526173
0.043746189583314055,0.029646363856047925
0.06614383515184599,0.052044009424579867
0.04967813447197695,0.035578308744710824
0.04332805728970815,0.02922823156244204
0.0654176091323406,0.05131778340507446
0.06283369987239422,0.048733874145128114
0.04779403872101641,0.03369421299375029
0.07722139423705418,0.06312156850978806
0.04922687577136306,0.03512705004409696
0.048443194968609174,0.034343369241343076
0.05356477063668406,0.03946494490941794
0.05901611951976836,0.04491629379250223
0.0640077818720313,0.049907956144765175
0.065931943675503,0.05183211794823689
0.04907819163210893,0.0349783659048428
0.04813137636503402,0.03403155063776791
0.03471623949475082,0.02061641376748471
0.05441030697940761,0.04031048125214151
0.045140996422217014,0.031041170694950885
0.03351290824729549,0.019413082520029375
0.07149031624061666,0.05739049051335056
0.05388215787353455,0.03978233214626843
0.07069941017817254,0.05659958445090641
0.06971504140750671,0.05561521568024058
0.05406815284992553,0.039968327122659415
0.05981754475673817,0.04571771902947204
0.047784705746531875,0.033684880019265756
0.05939699276461039,0.0452971670373443
0.05367776843733244,0.03957794271006632
0.05619220474015795,0.042092379012891847
0.048349801581439616,0.03424997585417349
0.030516099311053695,0.016416273583787586
0.05156155365156899,0.03746172792430288
0.06856713677675741,0.054467311049491283
0.06640263795211128,0.05230281222484517
0.05472546622433078,0.04062564049706467
0.05231169158998722,0.03821186586272109
0.05170565848406802,0.0376058327568019
0.05826411408627183,0.04416428835900572
0.056303746751816146,0.042203921024550034
0.04281195574766146,0.02871213002039535
0.056889310401319663,0.042789484674053545
0.06164450318590873,0.047544677458642624
0.056696288597647304,0.04259646287038119
0.05778610192969118,0.04368627620242509
0.054169648169580996,0.04006982244231488
0.06202103136046758,0.047921205633201465
0.04519929085199857,0.031099465124732467
0.06128101618368732,0.04718119045642121
0.03396054218152067,0.019860716454254558
0.044198275520970255,0.030098449793704143
0.04994921753629774,0.03584939180903163
0.06477838461123143,0.05067855888396533
0.04962161996584558,0.03552179423857948
0.03641501377470529,0.022315188047439167
0.04188281343843276,0.02778298771116665
0.038268785807898324,0.024168960080632216
0.04360734875639577,0.02950752302912965
0.02408783004483315,0.009988004317567014
0.04380159852905596,0.029701772801789834
0.0488350900200353,0.03473526429276919
0.0364236213027064,0.022323795575440283
0.05773967222017331,0.04363984649290719
0.051543803403326004,0.037443977676059885
0.04934303766098841,0.035243211933722304
0.053301185525704536,0.039201359798438425
0.04653055001151792,0.03243072428425182
0.0679003896192071,0.05380056389194098
0.027420887872935656,0.013321062145669558
0.059968930555346744,0.04586910482808063
0.04471424947648868,0.030614423749222554
0.048150143318552295,0.03405031759128619
0.04673933373738356,0.03263950801011743
0.05723183457891624,0.04313200885165012
0.03992086577804232,0.025821040050776217
0.07228616445906366,0.05818633873179757
0.04212796035816136,0.02802813463089525
0.052617880544122884,0.03851805481685678
0.05155193342466656,0.037452107697400434
0.045062638497363784,0.030962812770097645
0.06203296153046479,0.047933135803198676
0.059279692245996385,0.045179866518730245
0.04078306970830947,0.026683243981043363
0.0552826231408581,0.041182797413591966
0.06303941226052737,0.048939586533261234
0.07162236252251719,0.057522536795251086
0.04791745441906446,0.03381762869179838
0.05724530681528193,0.043145481088015816
0.05483987479849026,0.04074004907122415
0.06337453352054764,0.04927470779328153
0.06029181496687451,0.04619198923960839
0.047947689936741936,0.03384786420947582
0.04131499096722976,0.027215165239963653
0.05442752847871239,0.04032770275144629
0.05583028071900348,0.041730454991737366
0.0709449692567547,0.05684514352948859
0.03944804806437103,0.02534822233710491
0.0492561780649436,0.035156352337677485
0.04532694840841475,0.031227122681148654
0.07399126690210008,0.05989144117483398
0.0610892486843166,0.046989422957050504
0.06328698801716107,0.04918716228989496
0.06569621333355481,0.0515963876062887
0.05129973725076665,0.03719991152350052
0.04472350187911978,0.030623676151853664
0.0339545661080205,0.019854740380754403
0.05833107005541253,0.04423124432814639
0.054454358476030335,0.040354532748764216
0.05846215061297576,0.04436232488570963
0.054185516625356506,0.0400856908980904
0.04803853686581017,0.03393871113854406
0.05827094119791002,0.04417111547064391
0.04759251901075526,0.03349269328348917
0.06407940245057099,0.049979576723304886
0.05583729307617222,0.0417374673489061
0.05547411101478879,0.04137428528752267
0.04125392203133944,0.027154096304073342
0.060241114345487186,0.04614128861822107
0.051865329027049004,0.03776550329978289
0.0645838737016144,0.050484047974348314
0.07352959055000009,0.059429764822733946
0.07230673570383489,0.05820690997656876
0.05781467045647173,0.0437148447292056
0.06679008659979715,0.05269026087253104
0.0394597198992879,0.025359894172021794
0.06110315664065974,0.04700333091339363
0.05850948473425513,0.04440965900698903
0.05298023222229176,0.03888040649502563
0.0396059598048858,0.025506134077619678
0.06693580037552885,0.052835974648262764
0.042973046835131506,0.0288732211078654
0.06829717728677703,0.05419735155951093
0.0646497532262993,0.050549927499033184
0.05089416033829233,0.03679433461102623
0.04256901204433128,0.028469186317065166
0.04807300420856016,0.03397317848129403
0.054947182701660505,0.0408473569743944
0.03279980324960331,0.01869997752233719
0.040432293541125375,0.026332467813859284
0.0456214922115966,0.0315216664843305
0.05221662495688366,0.03811679922961756
0.05959381733950685,0.04549399161224072
0.043130963786379206,0.029031138059113098
0.05793926638194822,0.043839440654682094
0.051654693324805837,0.037554867597539725
0.07233935217509535,0.05823952644782922
0.03594686753704138,0.02184704180977526
0.05603838790669734,0.04193856217943124
0.043563265342366736,0.02946343961510062
0.0565422977170236,0.04244247198975747
0.06883528063684571,0.0547354549095796
0.05278832436656924,0.03868849863930313
0.06676115216076836,0.052661326433502256
0.05882009826660438,0.04472027253933825
0.058358969579464834,0.04425914385219872
0.04568837240270401,0.031588546675437874
0.06375398740584061,0.049654161678574484
0.057330743914938656,0.04323091818767255
0.06674040292652286,0.05264057719925673
0.04820252834207595,0.03410270261480984
0.05497563405492913,0.04087580832766302
0.055856897534235714,0.04175707180696961
0.05378874015468356,0.03968891442741744
0.04198471441222421,0.027884888684958115
0.06618486388773687,0.05208503816047076
0.05566741144172085,0.041567585714454736
0.06676283006766566,0.05266300434039954
0.06339836230780273,0.04929853658053662
0.0481588349412799,0.03405900921401378
0.050876750016192004,0.036776924288925886
0.05720865309521481,0.04310882736794869
0.05328955395006759,0.039189728222801486
0.059287895460734194,0.04518806973346808
0.044183739075143655,0.030083913347877526
0.05462442765239531,0.04052460192512919
0.07302218534433971,0.058922359617073594
0.06129788780619348,0.047198062078927364
0.05607839415027966,0.041978568423013556
0.043102892373919684,0.02900306664665358
0.048914313586702354,0.03481448785943625
0.05601175088306067,0.04191192515579455
0.043353075233899634,0.029253249506633522
0.05289280788709917,0.03879298215983307
0.06627121989894678,0.05217139417168065
0.05978846100856527,0.045688635281299156
0.04297289954385522,0.02887307381658911
0.06007864724296198,0.04597882151569586
0.057062743049772914,0.042962917322506816
0.05293353890334635,0.03883371317608024
0.0578767475598968,0.0437769218326307
0.050681061632887055,0.036581235905620936
0.06309065132963108,0.04899082560236496
0.04345522734101614,0.029355401613750033
0.06579647028984882,0.05169664456258271
0.06956566844090219,0.05546584271363609
0.032895132730671434,0.018795307003405322
0.0589667980445989,0.044866972317332804
0.038587372636767876,0.02448754690950176
0.05114668194355855,0.037046856216292445
0.05166592681103989,0.037566101083773784
0.043233814808657754,0.029133989081391618
0.06150179224609369,0.047401966518827554
0.057386476873123426,0.04328665114585732
0.04518854798836905,0.03108872226110293
0.046499700482364986,0.03239987475509887
0.05805636274953945,0.04395653702227335
0.06196305347518627,0.04786322774792016
0.06425984053988643,0.05016001481262032
0.059268233910390385,0.045168408183124266
0.04475902578263855,0.030659200055372423
0.06987231385997321,0.05577248813270711
0.05500334958109167,0.040903523853825556
0.05064594829419237,0.036546122566926256
0.0449493141710245,0.030849488443758358
0.04891689998280923,0.03481707425554312
0.05861575217635324,0.04451592644908711
0.05967950670613112,0.045579680978865
0.06349040474666268,0.04939057901939655
0.05583343343065396,0.04173360770338785
0.0542386538538506,0.04013882812658449
0.046765830375834434,0.032666004648568316
0.05587760736390205,0.041777781636635945
0.05369833641943458,0.039598510692168444
0.030930879726721646,0.016831053999455524
0.03633215277374983,0.022232327046483716
0.05112896012431417,0.03702913439704805
0.06462056871172056,0.050520742984454456
0.050283762369355264,0.036183936642089146
0.06589250998157074,0.051792684254304604
0.06506422125548698,0.050964395528220865
0.05225640632135773,0.03815658059409161
0.07662280573820389,0.06252298001093776
0.039269029249037295,0.025169203521771176
0.07097958884164667,0.05687976311438056
0.06649975882682223,0.05239993309955613
0.043239939218326286,0.029140113491060184
0.06000074867071727,0.045900922943451175
0.031196848180189498,0.017097022452923383
0.05280091425961593,0.03870108853234984
0.05148562973177967,0.03738580400451357
0.07000002974975249,0.05590020402248638
0.04006507833994386,0.02596525261267774
0.06402851158655241,0.04992868585928629
0.06176316047308942,0.047663334745823294
0.04297898065163969,0.02887915492437357
0.060268371315674016,0.04616854558840791
0.05117965028933335,0.03707982456206724
0.055372723405004876,0.04127289767773878
0.06621626814456462,0.0521164424172985
0.06614249406759554,0.05204266834032941
0.06335916335501718,0.04925933762775108
0.06411007936394256,0.050010253636676445
0.056621726338892925,0.04252190061162679
0.0503198448398637,0.03622001911259761
0.0753687442355315,0.061268918508265394
0.053935368634480604,0.039835542907214486
0.050646968935156925,0.03654714320789081
0.0517211044583538,0.03762127873108768
0.04879784364997548,0.034698017922709386
0.06120571588084128,0.047105890153575164
0.06521031288474151,0.051110487157475404
0.05200866053405924,0.03790883480679313
0.06783619624537962,0.053736370518113516
0.05467015903624609,0.040570333308979994
0.058603102496110074,0.044503276768843976
0.0483247259508655,0.03422490022359939
0.04376386662963298,0.029664040902366857
0.05521124546847444,0.041111419741208334
0.04859919021897816,0.03449936449171205
0.06903314112602163,0.05493331539875552
0.04759162281714349,0.033491797089877366
0.05587850505923038,0.04177867933196426
0.06433595743033645,0.05023613170307034
0.03384729252165828,0.019747466794392172
0.056709502947905804,0.04260967722063968
0.03780003939740303,0.023700213670136923
0.06564832257647367,0.051548496849207544
0.050687439563949714,0.0365876138366836
0.05774977099931462,0.04364994527204848
0.04543307223588444,0.03133324650861833
0.05272878625742707,0.03862896053016093
0.05705755215942204,0.04295772643215595
0.043701720134259915,0.029601894406993786
0.056583303154930056,0.04248347742766396
0.04934666908482177,0.03524684335755568
0.056259521142538134,0.04215969541527201
0.04744013268641541,0.03334030695914929
0.06680077004722253,0.05270094431995643
0.05079365206179907,0.03669382633453297
0.0681024128186063,0.05400258709134022
0.07549777825957496,0.06139795253230888
0.0640318746871659,0.04993204895989977
0.058002146452686254,0.04390232072542014
0.05308073680745491,0.0389809110801888
0.05076706918668226,0.03666724345941614
0.04990903131885839,0.035809205591592286
0.06491169295770519,0.05081186723043906
0.048575501356063276,0.034475675628797164
0.06394323368964683,0.04984340796238071
0.05249216377700383,0.03839233804973771
0.04666888724714914,0.032569061519883036
0.060785815148320425,0.04668598942105432
0.06446826624002154,0.05036844051275542
0.04803867834035883,0.03393885261309271
0.04245251359022688,0.028352687862960753
0.06766152810190951,0.05356170237464339
0.04463855312652167,0.030538727399255547
0.04911618629623378,0.03501636056896766
0.05409727532381625,0.03999744959655012
0.05967298409830657,0.04557315837104044
0.058689500190243056,0.04458967446297695
0.0437100442325713,0.0296102185053052
0.06551932330146697,0.051419497574200855
0.05302237331904168,0.038922547591775554
0.05007005877194772,0.0359702330446816
0.056746885290145876,0.04264705956287976
0.05709015703125225,0.042990331303986135
0.06710426441415446,0.05300443868688833
0.05389530934044934,0.039795483613183226
0.0552517718082092,0.0411519460809431
0.06474146993102678,0.05064164420376066
0.034201454439557216,0.02010162871229109
0.04401824576577226,0.029918420038506147
0.05303855231429512,0.038938726587028995
0.05335938723651925,0.039259561509253145
0.05393470996608448,0.039834884238818355
0.05559615809852667,0.04149633237126056
0.06385007543201233,0.04975024970474622
0.043125914519399546,0.029026088792133427
0.06032194025568923,0.046222114528423126
0.05389698798180447,0.03979716225453837
0.05941622068758277,0.04531639496031667
0.08045586231188973,0.0663560365846236
0.058011410105491705,0.04391158437822559
0.06106662755712223,0.046966801829856124
0.02452837650376462,0.0104285507764985
0.057503303904116426,0.043403478176850314
0.0576549378958153,0.04355511216854919
0.06283047198720082,0.04873064625993471
0.055751396101759304,0.04165157037449317
0.04594862502697222,0.03184879929970612
0.061604434287412066,0.04750460856014593
0.050562655781285895,0.036462830054019776
0.0617783089704404,0.04767848324317429
0.04391232290905759,0.02981249718179148
0.06775054089659784,0.053650715169331724
0.045499344344968724,0.03139951861770263
0.04796952579167884,0.033869700064412735
0.05169608822278894,0.03759626249552282
0.05434227426342033,0.04024244853615421
0.046370735690157906,0.03227090996289179
0.05565475732665416,0.041554931599388056
0.06609708596077722,0.05199726023351109
0.05026638717174416,0.036166561444478044
0.058806541736179954,0.044706716008913835
0.05257368323848369,0.03847385751121757
0.04760125782479366,0.03350143209752755
0.05569786163636103,0.041598035909094916
0.04940689207976155,0.03530706635249545
0.052670633330909475,0.038570807603643356
0.04023889312492072,0.026139067397654606
0.04936834480243202,0.03526851907516591
0.06328244326318713,0.049182617535921
0.05954199927154346,0.045442173544277334
0.047476467210635885,0.03337664148336977
0.050921977672586244,0.03682215194532014
0.04576293260023533,0.0316631068729692
0.05249893748571533,0.03839911175844922
0.050174319098984156,0.036074493371718044
0.04381271633837625,0.02971289061111017
0.03221273235978239,0.018112906632516305
0.0561740796120426,0.04207425388477649
0.046324139387675475,0.032224313660409364
0.043658501334901643,0.02955867560763553
0.05696251415980295,0.04286268843253684
0.04259249845544182,0.0284926727281757
0.04815069805579285,0.034050872328526736
0.06314827318582111,0.04904844745855501
0.07625614821551714,0.06215632248825107
0.058007502038404025,0.04390767631113793
0.05144279959905884,0.03734297387179271
0.05774735884564544,0.043647533118379316
0.0582786352948678,0.04417880956760167
0.04360562590117714,0.029505800173911006
0.04410258054740556,0.030002754820139456
0.07592132705631884,0.0618215013290527
0.03283291052242482,0.0187330847951587
0.04481493584240315,0.03071511011513704
0.05987507106904269,0.04577524534177656
0.06421768445055046,0.050117858723284336
0.055513131833638284,0.041413306106372144
0.05803310816250543,0.04393328243523933
0.0537415596781158,0.03964173395084968
0.06471825934435894,0.050618433617092826
0.05375458416125113,0.03965475843398501
0.054326753544969235,0.040226927817703116
0.059194030830353475,0.04509420510308736
0.07363303781271854,0.059533212085452446
0.05720794001497676,0.04310811428771066
0.05163002054892538,0.03753019482165925
0.04175384485262551,0.027654019125359395
0.04022948466242049,0.02612965893515438
0.0512961282774573,0.03719630255019119
0.05228742923110076,0.03818760350383464
0.04615929720396407,0.032059471476697965
0.038781130629764723,0.024681304902498608
0.05986856918414065,0.04576874345687454
0.06085548243020421,0.04675565670293811
0.07308101170769352,0.05898118598042739
0.04760284365772028,0.03350301793045418
0.057834538548920546,0.04373471282165442
0.05772849955755662,0.04362867383029052
0.05096580838663107,0.03686598265936494
0.05304723173678291,0.03894740600951679
0.06288282910434885,0.04878300337708273
0.044953213958271954,0.03085338823100582
0.0397842830382192,0.02568445731095309
0.057097662613018275,0.04299783688575216
0.06318972508489289,0.04908989935762677
0.05376716036640634,0.039667334639140205
0.05041681279717321,0.03631698706990711
0.05103285243752959,0.03693302671026348
0.04897598558218475,0.03487615985491866
0.047886072722727276,0.03378624699546117
0.06617651750281749,0.0520766917755514
0.06057580563626387,0.04647597990899775
0.04971480036634968,0.03561497463908356
0.056723187704139935,0.04262336197687384
0.04787221137770723,0.03377238565044109
0.04489819885527518,0.030798373128009038
0.06935902390402526,0.05525919817675914
0.05469032440190246,0.04059049867463634
0.06801423476343971,0.05391440903617361
0.056234187504329194,0.0421343617770631
0.051492591170618114,0.037392765443352
0.05046368231498223,0.036363856587716105
0.04274414133250239,0.028644315605236274
0.06307711172453188,0.0489772859972658
0.060126236735768626,0.04602641100850252
0.06251318641525297,0.048413360687986844
0.07142149700241325,0.05732167127514713
0.0695865634447042,0.055486737717438075
0.047174550012139,0.03307472428487289
0.042760357934192125,0.02866053220692602
0.06362559242033711,0.049525766693071016
0.0690919089560055,0.05499208322873939
0.0438218990847182,0.029722073357452104
0.05185898469926302,0.037759158971996915
0.05530359054594202,0.041203764818675895
0.03970485202510249,0.025605026297836387
0.059607682966528776,0.04550785723926267
0.07484371111832451,0.06074388539105841
0.060197304798280386,0.04609747907101427
0.06416112816145945,0.05006130243419333
0.043232699796220825,0.029132874068954713
0.04982844294843025,0.03572861722116413
0.049877310042508394,0.035777484315242275
0.0705750479710989,0.05647522224383278
0.05071673398051297,0.03661690825324686
0.052857418381579264,0.03875759265431317
0.059720478573031026,0.04562065284576491
0.05089956869748123,0.03679974297021513
0.05432677764959266,0.04022695192232656
0.06568409758461795,0.05158427185735179
0.04498939285791977,0.03088956713065366
0.04607829522351116,0.03197846949624505
0.05372492661818893,0.03962510089092282
0.05522725762860664,0.04112743190134053
0.04991885056494718,0.035819024837681075
0.04972480980133167,0.035624984074065544
0.06211615182143412,0.04801632609416802
0.06540703469287917,0.051307208965613055
0.05668886921330347,0.042589043486037356
0.04885932015448339,0.03475949442721728
0.04236894323583057,0.02826911750856447
0.05560998069806125,0.041510154970795125
0.05707816619729281,0.04297834047002672
0.04310327956549372,0.029003453838227618
0.06057840268737374,0.046478576960107626
0.04474283621197976,0.03064301048471365
0.06642826289058287,0.05232843716331678
0.05773983186168569,0.043640006134419575
0.05216757427655949,0.03806774854929339
0.04814724606889989,0.034047420341633765
0.05912251473761248,0.04502268901034636
0.058037197085436046,0.04393737135816993
0.05460738160189791,0.0405075558746318
0.058176073263400796,0.04407624753613467
0.04229480550030318,0.02819497977303704
0.05206271329349685,0.03796288756623076
0.04253070622495723,0.02843088049769112
0.07504994236480365,0.06095011663753752
0.05767641549301884,0.04357658976575276
0.04156529164076544,0.027465465913499326
0.029501835294020274,0.015402009566754183
0.051742157848038185,0.03764233212077208
0.0523506327968348,0.03825080706956869
0.05014900062086012,0.03604917489359401
0.057114431979202865,0.04301460625193676
0.055396617747341545,0.04129679202007541
0.046987234337807215,0.0328874086105411
0.06172232905182398,0.04762250332455788
0.05799821253756361,0.043898386810297486
0.059707768431103626,0.04560794270383753
0.04710685795291264,0.03300703222564652
0.03991569714951295,0.025815871422246846
0.049216204284831894,0.03511637855756579
0.03219257353316502,0.018092747805898902
0.06797085058071084,0.05387102485344473
0.06575980276310196,0.05165997703583581
0.06262512806717063,0.04852530233990452
0.06370953553402069,0.04960970980675457
0.05239927257481723,0.03829944684755113
0.03688595700639682,0.02278613127913071
0.0644901482412236,0.050390322513957475
0.04737275213436087,0.03327292640709475
0.057359106230586175,0.043259280503320056
0.050698339946349355,0.03659851421908324
0.06237956266614846,0.048279736938882344
0.043878695251666586,0.02977886952440048
0.05472455789728042,0.040624732170014284
0.0715971273639702,0.05749730163670408
0.05868191478693817,0.04458208905967204
0.049110638445608826,0.03501081271834272
0.06554769745921367,0.05144787173194756
0.06339028740689845,0.04929046167963232
0.05254926577116875,0.03844944004390263
0.056658832776494625,0.04255900704922855
0.04131852036916768,0.027218694641901568
0.049151659977467684,0.035051834250201586
0.056968342399475125,0.042868516672209006
0.06263711479335275,0.04853728906608664
0.045782411078658033,0.03168258535139194
0.04434649800909464,0.030246672281828525
0.06621199223019246,0.05211216650292636
0.05399423770214686,0.03989441197488072
0.061359286707546964,0.04725946098028087
0.07077507637936405,0.05667525065209794
0.037419542089341666,0.02331971636207555
0.04403243082030102,0.029932605093034907
0.06675877691957975,0.052658951192313654
0.057189267477121115,0.043089441749854976
0.0514601392845182,0.03736031355725209
0.05472000019535368,0.040620174468087585
0.04798734521731645,0.03388751949005034
0.0596702635872527,0.04557043785998657
0.04772682759369938,0.033627001866433276
0.05257093610216652,0.03847111037490042
0.03983572717031342,0.025735901443047313
0.04742628824272946,0.033326462515463354
0.055783223791497215,0.0416833980642311
0.039826182028334954,0.025726356301068825
0.05993543698570508,0.04583561125843896
0.040906676517333235,0.026806850790067126
0.0558684114034807,0.041768585676214574
0.0655917801744887,0.051491954447222585
0.06269543987628046,0.04859561414901434
0.049199638099032994,0.03509981237176688
0.04463837149256909,0.03053854576530297
0.04341829647561826,0.029318470748352136
0.037397915535275134,0.02329808980800901
0.0686767887633775,0.05457696303611138
0.05093031800505318,0.03683049227778707
0.05664941438178423,0.04254958865451812
0.0697360680988427,0.05563624237157658
0.04835821587387013,0.03425839014660402
0.05739460242703518,0.043294776699769076
0.04902794083260803,0.03492811510534193
0.04148082522970793,0.027380999502441807
0.034190019189651054,0.02009019346238493
0.04232019362751129,0.028220367900245177
0.040927809390592075,0.02682798366332595
0.04151168600318113,0.027411860275915016
0.04689622388042684,0.032796398153160704
0.061888731829781836,0.04778890610251571
0.04830635247462477,0.034206526747358655
0.05846384868822927,0.044364022960963166
0.08633114743265673,0.07223132170539058
0.05170036583620534,0.037600540108939234
0.05577063778163485,0.041670812054368726
0.06125124097784871,0.04715141525058259
0.05854400612525528,0.04444418039798918
0.07404138716315754,0.05994156143589146
0.05746265372372365,0.043362827996457555
0.08515006200600309,0.07105023627873698
0.05298349946551228,0.038883673738246166
0.06812228600256157,0.05402246027529546
0.048708021604938104,0.034608195877671985
0.030128823355097163,0.016028997627831054
0.05534120812970963,0.04124138240244353
0.039347030487265636,0.025247204759999517
0.05004304587102578,0.03594322014375966
0.042596872249332514,0.02849704652206639
0.04567749474045785,0.03157766901319173
0.05435747399611915,0.040257648268853044
0.06505550231571178,0.05095567658844565
0.06870481105401752,0.05460498532675141
0.041436152255128984,0.027336326527862876
0.04829010591597298,0.03419028018870686
0.04352347135077452,0.029423645623508403
0.04948739608276532,0.035387570355499214
0.06568157943570595,0.0515817537084398
0.04952141247474316,0.03542158674747705
0.05926969575194671,0.04516987002468059
0.0532804083366872,0.039180582609421095
0.04674276880616295,0.03264294307889684
0.06469597498254462,0.050596149255278514
0.03918759384062044,0.02508776811335435
0.053177616787385064,0.03907779106011896
0.04177496957588654,0.027675143848620423
0.06342468459839168,0.04932485887112557
0.05916378189141004,0.04506395616414392
0.05209219995652908,0.03799237422926296
0.06826001614747346,0.05416019042020735
0.05516524521832462,0.0410654194910585
0.07374985741796285,0.05965003169069674
0.06966639093921835,0.05556656521195221
0.039839147122387245,0.025739321395121122
0.056791086082005005,0.04269126035473889
0.05165014455098949,0.037550318823723366
0.06926204921138858,0.05516222348412249
0.04205379548975586,0.027953969762489754
0.04831392522321342,0.03421409949594731
0.05581164364062133,0.04171181791335521
0.043434226669703674,0.029334400942437555
0.057443961934178105,0.04334413620691198
0.06283152587976185,0.048731700152495734
0.05638900727063035,0.04228918154336422
0.05554615057574256,0.04144632484847644
0.05998515316427255,0.045885327437006435
0.06943160062055097,0.05533177489328485
0.055073865229364416,0.040974039502098304
0.064144688919596,0.05004486319232988
0.04474368135741477,0.030643855630148674
0.05786238642724636,0.043762560699980246
0.06015201617957985,0.04605219045231373
0.0462969846225266,0.032197158895260466
0.06567782716601184,0.05157800143874573
0.042865600158885554,0.028765774431619453
0.050843253912315055,0.036743428185048936
0.05856245108165048,0.04446262535438437
0.05695786461508624,0.04285803888782014
0.06899579780855425,0.05489597208128818
0.06267812026765839,0.048578294540392274
0.05148514123605831,0.03738531550879218
0.06716143696908246,0.05306161124181639
0.03117447333531226,0.01707464760804616
0.05939458414165271,0.04529475841438662
0.029381031781446517,0.015281206054180391
0.06557955545960843,0.05147972973234231
0.06127455819864354,0.047174732471377434
0.05442732726540635,0.04032750153814024
0.053840188571576894,0.03974036284431078
0.06351016566266621,0.04941033993540006
0.059393363788014644,0.04529353806074852
0.057908759438802374,0.04380893371153625
0.06575842719865505,0.05165860147138893
0.036329605637189545,0.022229779909923426
0.05890595016238147,0.044806124435115335
0.0499342111746549,0.03583438544738878
0.05927927471714198,0.04517944898987587
0.07249070550676093,0.05839087977949482
0.06253528722284457,0.04843546149557844
0.07246715719653031,0.05836733146926416
0.058410009393359094,0.044310183666092975
0.06839415305966254,0.05429432733239641
0.049955472217845305,0.03585564649057918
0.06179385499776286,0.047694029270496756
0.0539398144278036,0.03983998870053748
0.06934280594370039,0.055242980216434284
0.04665721548272527,0.03255738975545915
0.035978937475312694,0.021879111748046562
0.05014520777843836,0.036045382051172255
0.07194309210928707,0.057843266382020954
0.06415630232457839,0.050056476597312285
0.04500509043517422,0.030905264707908095
0.048701963173268206,0.0346021374460021
0.037168840390538735,0.023069014663272644
0.053997715370990185,0.03989788964372409
0.06401752640891469,0.049917700681648566
0.046862976414031934,0.0327631506867658
0.06417118738613611,0.050071361658869974
0.05138860790675903,0.037288782179492934
0.037576630120399704,0.0234768043931336
0.03789158963304182,0.02379176390577571
0.03816563226813766,0.02406580654087155
0.07743223765961954,0.06333241193235342
0.061097766871217846,0.04699794114395171
0.05476160737537283,0.040661781648106715
0.06477890722251481,0.0506790814952487
0.05210304192244406,0.038003216195177957
0.050263164209115994,0.03616333848184989
0.04577116730776036,0.031671341580494256
0.04335601120306642,0.029256185475800306
0.04483194448166173,0.030732118754395604
0.058108534458622116,0.04400870873135601
0.03948431674546243,0.02538449101819633
0.05331292193692087,0.039213096209654755
0.056454762857650956,0.042354937130384844
0.07282577219878754,0.05872594647152139
0.04939513971216265,0.03529531398489655
0.06492802252822585,0.05082819680095974
0.05674091451224722,0.04264108878498111
0.046101958767394736,0.032002133040128625
0.05930714690848089,0.045207321181214774
0.023418284784088902,0.009318459056822815
0.05625136959091712,0.042151543863651005
0.04036475915102674,0.026264933423760618
0.044566768315945686,0.030466942588679567
0.038357288513865856,0.024257462786599744
0.05944417744597649,0.045344351718710374
0.05729715163917535,0.04319732591190922
0.05566547135950377,0.04156564563223765
0.05282515622129316,0.03872533049402705
0.032309997741811175,0.018210172014545053
0.049152527600819,0.035052701873552895
0.0509963770884867,0.03689655136122057
0.05007330269198397,0.03597347696471785
0.0657158792446631,0.051616053517396975
0.060675425476271964,0.04657559974900586
0.04814558766681093,0.03404576193954482
0.058712208420098874,0.04461238269283275
0.05843536692751882,0.04433554120025272
0.05379092518576455,0.03969109945849844
0.060591383696744536,0.04649155796947838
0.06622305306614135,0.05212322733887524
0.04325480099605624,0.029154975268790108
0.05537561700159534,0.041275791274329225
0.05491861144245539,0.040818785715189286
0.061353260716607926,0.04725343498934179
0.06518367932600377,0.051083853598737676
0.05016075771481742,0.036060931987551316
0.05390347051335188,0.03980364478608575
0.038591715293359474,0.02449188956609336
0.0647075021709626,0.05060767644369649
0.06734400181496997,0.05324417608770385
0.04714823890672206,0.03304841317945594
0.049514979658814025,0.03541515393154791
0.046834064989188434,0.03273423926192232
0.04171676250840612,0.02761693678114001
0.041410328788458836,0.027310503061192738
0.026718889888354,0.012619064161087894
0.048257185959372506,0.03415736023210639
0.054898610987385445,0.04079878526011934
0.04363444671510685,0.02953462098784073
0.05034029884581991,0.036240473118553794
0.04175486593800193,0.02765504021073582
0.056219472560588554,0.04211964683332242
0.06735731455502952,0.05325748882776339
0.050726153339068956,0.03662632761180285
0.052358942669877805,0.03825911694261171
0.06119082354740982,0.0470909978201437
0.05138657488886171,0.037286749161595585
0.05475910044939813,0.04065927472213201
0.059688683979005286,0.04558885825173917
0.06330067399377572,0.049200848266509604
0.057639471287946074,0.043539645560679935
0.04820672458624146,0.034106898858975374
0.051594669869840334,0.03749484414257425
0.06281712453277061,0.048717298805504496
0.055188317658611756,0.04108849193134562
0.058766677864062145,0.04466685213679601
0.05776512264872036,0.04366529692145424
0.06214479608889312,0.048044970361627
0.05197764906846236,0.03787782334119624
0.043720349863314086,0.029620524136047967
0.05218374409805071,0.03808391837078459
0.061032948521552687,0.046933122794286575
0.04081981014756769,0.026719984420301574
0.061698722327476814,0.04759889660021068
0.04635108206433443,0.03225125633706833
0.043599187187869086,0.02949936146060298
0.052268679703837584,0.03816885397657148
0.05097138561345554,0.03687155988618942
0.06064318212225435,0.046543356394988245
0.05755961825315416,0.04345979252588803
0.05863516086729772,0.044535335140031614
0.0572277528908585,0.04312792716359237
0.060415603268435994,0.04631577754116986
0.06664216752102736,0.05254234179376123
0.051835905069808834,0.03773607934254273
0.053131573324693974,0.03903174759742788
0.04877398092608754,0.03467415519882144
0.0517216098733155,0.037621784146049386
0.05329689080223418,0.03919706507496806
0.05372938728662763,0.03962956155936153
0.060190536939193816,0.04609071121192773
0.04964315623494512,0.03554333050767901
0.0490268058056821,0.034926980078415985
0.06163360501407586,0.047533779286809755
0.037574188200526625,0.023474362473260502
0.052368921193229,0.03826909546596291
0.060364665421515,0.04626483969424888
0.04806643227597165,0.03396660654870552
0.06612998115044916,0.05203015542318302
0.0610425657548346,0.04694274002756849
0.04891475777960235,0.034814932052336225
0.06166718194872907,0.047567356221462964
0.058590161913122885,0.04449033618585675
0.05289974462250921,0.038799918895243084
0.04341115102434397,0.029311325297077837
0.04966254940595787,0.03556272367869175
0.06146751878014542,0.04736769305287934
0.06286964507880201,0.0487698193515359
0.05511132039528439,0.041011494668018296
0.0658634272146939,0.05176360148742779
0.06270606488425798,0.04860623915699189
0.0397374907002576,0.025637664972991484
0.040423696287351735,0.026323870560085637
0.05050765906742307,0.036407833340156945
0.05464521143465371,0.04054538570738759
0.044247228443251685,0.030147402715985563
0.05476083066649895,0.04066100493923284
0.04309987683056551,0.0290000511032994
0.036607892840245654,0.022508067112979546
0.06141107382472718,0.04731124809746106
0.060309870041847534,0.04621004431458143
0.06976558951444418,0.05566576378717808
0.07113023119192795,0.0570304054646618
0.048553459392123285,0.03445363366485717
0.05582577406588029,0.04172594833861418
0.03525986449983678,0.02116003877257067
0.06809643843681408,0.05399661270954796
0.0616428371191681,0.047543011391901945
0.0604362891549705,0.046336463427704394
0.051716446766885096,0.037616621039619
0.05704217036708982,0.04294234463982371
0.06872646577020523,0.054626640042939115
0.06451556365058751,0.050415737923321394
0.045382022702322215,0.0312821969750561
0.07020419801491189,0.056104372287645754
0.05710412817649652,0.043004302449230404
0.05691220138348093,0.04281237565621478
0.041168197292575884,0.027068371565309793
0.0716353002995181,0.05753547457225198
0.07176192001359799,0.05766209428633187
0.04553490284497562,0.03143507711770949
0.040883555759371,0.026783730032104883
0.06458385508241025,0.05048402935514415
0.044927593111569054,0.030827767384302943
0.06357164992175902,0.04947182419449291
0.0593022684179644,0.04520244269069829
0.04830973708562973,0.034209911358363605
0.06176982149941442,0.04766999577214829
0.06868724457065367,0.05458741884338754
0.060975946580242156,0.046876120852976044
0.04745278884246695,0.03335296311520087
0.053950977439666876,0.039851151712400765
0.051210643312664256,0.03711081758539813
0.06992592067943412,0.05582609495216802
0.030445613864830596,0.016345788137564484
0.04758772379948144,0.033487898072215326
0.045990761636500246,0.03189093590923414
0.06629086556990951,0.05219103984264341
0.06384302106513236,0.04974319533786624
0.05921297875237308,0.04511315302510697
0.06365973586246339,0.049559910135197255
0.06436202038050932,0.05026219465324322
0.04905014593944072,0.034950320212174604
0.034603516204437704,0.020503690477171592
0.050037066388739594,0.03593724066147348
0.06066346462367459,0.046563638896408466
0.039793639730025365,0.025693814002759267
0.050325212414007905,0.036225386686741766
0.0726066749770163,0.058506849249750165
0.05528618799604932,0.041186362268783215
0.04486992769686147,0.030770101969595346
0.03950340761572154,0.025403581888455408
0.02809154896810433,0.013991723240838222
0.07716814619798035,0.06306832047071424
0.05033040169953738,0.03623057597227128
0.04701463790529986,0.032914812178033714
0.050790637285954336,0.03669081155868821
0.035895160376245155,0.02179533464897904
0.058791680364621804,0.04469185463735569
0.05403018457938365,0.03993035885211753
0.05292630182496512,0.038826476097699
0.05669115889215205,0.042591333164885954
0.06847771481721891,0.05437788908995282
0.07353372990232149,0.05943390417505535
0.06051095938124374,0.04641113365397761
0.0659619022216246,0.05186207649435848
0.05761327019079607,0.043513444463529935
0.03823144956038469,0.024131623833118572
0.04936182628162185,0.03526200055435575
0.056564820814534233,0.04246499508726812
0.06105939641881573,0.046959570691549615
0.06447087028347051,0.050371044556204406
0.06930129394269939,0.055201468215433244
0.06428710807977987,0.05018728235251378
0.049334726221864154,0.035234900494598036
0.05194025248313971,0.037840426755873596
0.052620513821812855,0.03852068809454672
0.04463579493552047,0.03053596920825435
0.04920865947716622,0.035108833749900106
0.06721167184205348,0.05311184611478734
0.06012134215379591,0.0460215164265298
0.055581323821800574,0.04148149809453448
0.06580294933571387,0.05170312360844776
0.062295756750410866,0.04819593102314474
0.0631129775286617,0.049013151801395594
0.05028033907661947,0.03618051334935336
0.047322863815940655,0.033223038088674536
0.06771985504077067,0.05362002931350457
0.04316830929926338,0.02906848357199726
0.05700016567456479,0.04290033994729868
0.043958866290672936,0.029859040563406818
0.06752610066275559,0.05342627493548947
0.04401204834559715,0.02991222261833104
0.0685442838355637,0.054444458108297594
0.0704963911500616,0.05639656542279546
0.052245356298556825,0.03814553057129071
0.04371877557389538,0.029618949846629276
0.05791181803335794,0.04381199230609182
0.05250852973154566,0.03840870400427954
0.06517465235754301,0.051074826630276876
0.05529124270484282,0.0411914169775767
0.05307050806888497,0.03897068234161885
0.056409953271475397,0.04231012754420929
0.06803534120542369,0.05393551547815758
0.05891559046753655,0.04481576474027043
0.05423696359964186,0.04013713787237575
0.061233363900091674,0.04713353817282556
0.055413291099381,0.04131346537211489
0.05833485695748777,0.04423503123022165
0.05820535477067777,0.04410552904341167
0.03681314655101015,0.02271332082374404
0.04886318491080471,0.0347633591835386
0.048126008779559366,0.03402618305229326
0.056679396460012355,0.042579570732746236
0.06275871922204296,0.04865889349477684
0.04647626067665204,0.03237643494938593
0.04952477338054072,0.03542494765327459
0.06003832190477222,0.045938496177506095
0.05894728858538181,0.04484746285811571
0.0566346702367413,0.042534844509475186
0.04249674949893105,0.02839692377166492
0.07479608146954426,0.060696255742278174
0.059780078643270194,0.04568025291600408
0.06156158931841575,0.04746176359114964
0.04729781128226594,0.03319798555499983
0.05064920386272982,0.036549378135463724
0.045547965271551166,0.03144813954428506
0.056795784412948,0.042695958685681885
0.06713340202789976,0.05303357630063366
0.05735326615449907,0.04325344042723295
0.055502893821219756,0.04140306809395363
0.03522589935908413,0.02112607363181801
0.05007254699694691,0.03597272126968079
0.03593436682317707,0.021834541095910966
0.058082154732212746,0.04398232900494662
0.054525343777413235,0.04042551805014713
0.05584605459625994,0.041746228868993845
0.07124020660925465,0.057140380881988494
0.06973544875589094,0.055635623028624834
0.04296611339488618,0.028866287667620057
0.05203167870786672,0.037931852980600624
0.044208159296187044,0.030108333568920953
0.05432443670709834,0.04022461097983225
0.052200513641421156,0.038100687914155044
0.04724875099543477,0.033148925268168664
0.05488741099364074,0.04078758526637463
0.06350635930466617,0.049406533577400054
0.05531983951680334,0.04122001378953724
0.05773038153839825,0.04363055581113212
0.06570122368119229,0.05160139795392613
0.051155039414291226,0.03705521368702513
0.048058180217187635,0.03395835448992153
0.05129414854292351,0.0371943228156574
0.05742915670866919,0.043329330981403076
0.061003215612568946,0.046903389885302856
0.04207924053635259,0.02797941480908648
0.0622822600912394,0.048182434363973285
0.056363063817725434,0.04226323809045932
0.05177558213049511,0.037675756403229024
0.0433872478490515,0.02928742212178537
0.050774669004824906,0.03667484327755878
0.04220639227294142,0.02810656654567529
0.05619898742968899,0.04209916170242287
0.04969370127865467,0.03559387555138855
0.058094991229677075,0.04399516550241096
0.06278379758691363,0.04868397185964755
0.06537455708408753,0.051274731356821396
0.04850108231170939,0.03440125658444327
0.049179454828268916,0.035079629101002804
0.04302630831536762,0.028926482588101494
0.05340876474295763,0.03930893901569152
0.06612752874358561,0.05202770301631952
0.06421478622907942,0.05011496050181331
0.04944893336190035,0.035349107634634246
0.05417045080872987,0.04007062508146375
0.05760764188093998,0.04350781615367386
0.05667738874272566,0.04257756301545954
0.04795270454080887,0.033852878813542764
0.06848971710295472,0.054389891375688594
0.06765051776564339,0.05355069203837727
0.05895962446697925,0.04485979873971315
0.06612892130479961,0.0520290955775335
0.04893429694454429,0.03483447121727817
0.06259950304130317,0.04849967731403705
0.05444487837515041,0.040345052647884294
0.05984382408544185,0.04574399835817573
0.06219346114433127,0.04809363541706515
0.06053256740939687,0.04643274168213078
0.05555505774418774,0.041455232016921625
0.04938191415798372,0.03528208843071761
0.0332376605307542,0.019137834803488088
0.06129387951793889,0.04719405379067278
0.0658385952016523,0.05173876947438623
0.059553645143424,0.04545381941615788
0.052678734577252286,0.03857890884998616
0.046922363519507196,0.03282253779224106
0.06334702711687025,0.049247201389604145
0.05657535093657726,0.04247552520931115
0.05430425617740682,0.0402044304501407
0.06337530109853654,0.049275475371270416
0.05315958468448057,0.039059758957214474
0.05323449169945045,0.039134665972184346
0.05282095463668658,0.03872112890942046
0.041030006139770765,0.02693018041250466
0.05324116985362847,0.03914134412636235
0.04662415981157038,0.03252433408430426
0.06729603138213348,0.053196205654867386
0.052088442647050245,0.03798861691978415
0.047697188660719286,0.03359736293345317
0.05784619556655058,0.04374636983928448
0.05669185045015522,0.04259202472288911
0.040654389046729,0.02655456331946292
0.07466319342258203,0.060563367695315944
0.05191173726420659,0.037811911536940475
0.05013155586552012,0.036031730138254024
0.06065668348292901,0.04655685775566288
0.044121924871996336,0.03002209914473023
0.059368151078667546,0.04526832535140144
0.052304587340439426,0.038204761613173314
0.050563961161528975,0.03646413543426287
0.04030181425410771,0.0262019885268416
0.042685783179826284,0.028585957452560158
0.0685898679898979,0.05449004226263178
0.06535877625761341,0.0512589505303473
0.049326516645194746,0.03522669091792864
0.07087989884689536,0.056780073119629244
0.048799060225811215,0.03469923449854513
0.06357686943612746,0.049477043708861364
0.06582449686453207,0.05172467113726595
0.06154410859846946,0.047444282871203336
0.04916944663046319,0.03506962090319707
0.0448554675561978,0.030755641828931687
0.046718651256591505,0.032618825529325345
0.06618410007223832,0.052084274344972196
0.059444378413672436,0.04534455268640633
0.03854985336087505,0.024450027633608942
0.0648763752276502,0.05077654950038409
0.041556697978356524,0.027456872251090423
0.053101109999118296,0.03900128427185218
0.06101377267776619,0.04691394695050006
0.03643415499754223,0.022334329270276124
0.05941152672034837,0.04531170099308226
0.03376270884962436,0.01966288312235825
0.04588882852776093,0.03178900280049483
0.044515775035732195,0.030415949308466077
0.046666121271746734,0.03256629554448062
0.0706826410898985,0.056582815362632384
0.06994507035514103,0.05584524462787491
0.039643938359611094,0.025544112632344997
0.06603225025816711,0.05193242453090099
0.052686087908904375,0.03858626218163828
0.04064540008728175,0.026545574360015645
0.05686238045377181,0.04276255472650569
0.057977472509081626,0.04387764678181552
0.0552126955042771,0.04111286977701098
0.05556191759311414,0.04146209186584805
0.04538336452171982,0.0312835387944537
0.07201044674008963,0.05791062101282353
0.05798297184612847,0.04388314611886235
0.04931654568417397,0.035216719956907866
0.04404611640340364,0.029946290676137535
0.05559456206676072,0.04149473633949462
0.038118064207286445,0.02401823848002033
0.05282990580660743,0.03873008007934132
0.06941166710844907,0.05531184138118295
0.07303795305517868,0.05893812732791255
0.0813740949868154,0.06727426925954927
0.05987044993864355,0.04577062421137743
0.04894702459610001,0.03484719886883388
0.06617576555903489,0.05207593983176877
0.023850774773500224,0.009750949046234112
0.03210575406786491,0.01800592834059879
0.055084217092797844,0.04098439136553171
0.05824337887790754,0.04414355315064142
0.04729684564793794,0.03319701992067184
0.05945583198876654,0.04535600626150044
0.05229839115046209,0.03819856542319598
0.04205849622536867,0.02795867049810255
0.06422014087738896,0.05012031515012284
0.07541566329191578,0.061315837564649686
0.05719448121228173,0.04309465548501561
0.05826831642794281,0.044168490700676674
0.04720337390393513,0.033103548176669
0.05226354099149384,0.03816371526422772
0.06155586761900984,0.04745604189174373
0.062246374391601335,0.048146548664335216
0.05421955303834392,0.04011972731107782
0.06335351010497808,0.04925368437771196
0.05016010401867697,0.036060278291410834
0.049316475733064184,0.035216650005798086
0.03976525329661437,0.025665427569348285
0.043300659537502055,0.029200833810235947
0.05206810697450814,0.037968281247242025
0.05664187216999189,0.042542046442725794
0.0576126500373789,0.04351282431011279
0.06294982695641987,0.04885000122915374
0.061590129613547484,0.04749030388628137
0.052705958134105654,0.03860613240683955
0.059600694018309905,0.0455008682910438
0.04100833883523884,0.026908513107972733
0.05407736225408168,0.03997753652681556
0.04168307467824073,0.02758324895097462
0.060824151872844234,0.04672432614557813
0.0324428142584559,0.018342988531189805
0.05324332344685267,0.03914349771958655
0.05297997070764812,0.03888014498038199
0.05870906101991678,0.04460923529265065
0.04596100544149095,0.03186117971422484
0.03997257577503272,0.025872750047766596
0.05926089448163645,0.045161068754370336
0.05958798733160164,0.045488161604335525
0.028111913063064,0.014012087335797882
0.0532184781842116,0.039118652456945485
0.0325189470695782,0.01841912134231209
0.058037482944544895,0.043937657217278804
0.051948668397997076,0.037848842670730964
0.07451712214688212,0.060417296419616046
0.056701167933816424,0.04260134220655032
0.059287990655161715,0.04518816492789561
0.06405687067421166,0.04995704494694555
0.057216205999769953,0.043116380272503856
0.051375417140517236,0.03727559141325112
0.05270846489787081,0.03860863917060468
0.04510116145786314,0.031001335730597025
0.053170675559198945,0.039070849831932826
0.04183903446653809,0.02773920873927197
0.04937801644187294,0.03527819071460682
0.04689007523362688,0.032790249506360766
0.05959027980937867,0.04549045408211256
0.0393871049723955,0.025287279245129385
0.08100247246182637,0.06690264673456028
0.05736887712542858,0.043269051398162464
0.06392111235042439,0.04982128662315826
0.062378789279729195,0.048278963552463076
0.04681306116910682,0.032713235441840696
0.05981572583288939,0.04571590010562328
0.058529718761706546,0.044429893034440435
0.05741367112821533,0.0433138454009492
0.03178789351367505,0.017688067786408926
0.06437869034363944,0.05027886461637331
0.04951118307434903,0.035411357347082915
0.053600170297154165,0.03950034456988803
0.06478304603641119,0.050683220309145086
0.05896692748424025,0.04486710175697414
0.05283335647882836,0.038733530751562224
0.059392890319649526,0.04529306459238342
0.05679497043292108,0.042695144705654976
0.04975397497158652,0.03565414924432042
0.04720640618246715,0.03310658045520103
0.05143884922398992,0.037339023496723814
0.06754363365640219,0.053443807929136077
0.06633705294365637,0.052237227216390236
0.060546397464192575,0.046446571736926456
0.03821286920398777,0.02411304347672164
0.04993550352634212,0.035835677799076024
0.05472457966614328,0.04062475393887717
0.05299285879794038,0.038893033070674266
0.044956361198551266,0.030856535471285158
0.08233036335749679,0.06823053763023067
0.049617346821949494,0.03551752109468338
0.05691640824078313,0.04281658251351701
0.040236669308359195,0.02613684358109306
0.06100938717529817,0.04690956144803207
0.05957232707762519,0.045472501350359094
0.053030195410552726,0.038930369683286614
0.06363236064647755,0.049532534919211446
0.05650482363542909,0.04240499790816297
0.044582069698997036,0.030482243971730903
0.04304163781703358,0.028941812089767455
0.05212166054033593,0.038021834813069824
0.061036890217563464,0.04693706449029735
0.057456680019417616,0.04335685429215151
0.05542314822717291,0.04132332249990679
0.041271540478203556,0.02717171475093745
0.0686021178261176,0.054502292098851456
0.06891329911004766,0.05481347338278153
0.042830869730793336,0.02873104400352722
0.04325187092165224,0.02915204519438612
0.04691312700978132,0.03281330128251519
0.0478552572702726,0.03375543154300649
0.0618158513001312,0.047716025572865084
0.054423869857250166,0.04032404412998404
0.06145077157476043,0.047350945847494316
0.05129691096262814,0.037197085235362026
0.05942984666634898,0.04533002093908285
0.06520611446523546,0.0511062887379693
0.06063134256296941,0.04653151683570332
0.07137283955577521,0.057273013828509085
0.058989260497734015,0.04488943477046791
0.045683497461712436,0.031583671734446324
0.049541030377524234,0.035441204650258115
0.07304534571740359,0.05894551999013749
0.05310469605501081,0.03900487032774468
0.0460877299405201,0.031987904213254
0.04632000136339828,0.03222017563613218
0.04696755186842086,0.03286772614115474
0.055058572889145306,0.040958747161879194
0.051629273658988166,0.03752944793172206
0.062046570452629,0.04794674472536291
0.05554100459958245,0.041441178872316346
0.04925508989841126,0.035155264171145145
0.03764843487216689,0.023548609144900767
0.050935415392530846,0.03683558966526474
0.04829033459450028,0.03419050886723417
0.04126219684836785,0.027162371121101724
0.039661352868358736,0.02556152714109263
0.05721693948377146,0.04311711375650535
0.07145533244810423,0.05735550672083812
0.05121448836377272,0.037114662636506604
0.0445247203231945,0.030424894595928374
0.0644970070537022,0.05039718132643607
0.04921705929143589,0.035117233564169764
0.05298180528074413,0.03888197955347802
0.0645630597245882,0.05046323399732208
0.04327436480381886,0.02917453907655273
0.026066294421055215,0.011966468693789093
0.056469917038870186,0.042370091311604074
0.05440547290945847,0.040305647182192365
0.04206669586480334,0.027966870137537236
0.06865384695476022,0.05455402122749409
0.05095833275734635,0.036858507030080236
0.04685458401417724,0.03275475828691113
0.0338288750638698,0.019729049336603702
0.046383422355358354,0.03228359662809225
0.05221644566001826,0.03811661993275215
0.06484379691128248,0.050743971184016363
0.03708732528084742,0.02298749955358132
0.07634535298542351,0.062245527258157386
0.0383464717343314,0.024246646007065286
0.03877194711963581,0.024672121392369684
0.0539301640553345,0.03983033832806839
0.05785528199818272,0.04375545627091662
0.04418811640721635,0.03008829067995023
0.040085385715109195,0.025985559987843094
0.055476068979987095,0.041376243252721
0.05956705877315016,0.045467233045884056
0.056697745889245255,0.04259792016197915
0.04732229163374676,0.03322246590648066
0.05226407607344192,0.0381642503461758
0.06280910142580241,0.048709275698536295
0.047853612220014614,0.0337537864927485
0.04410916168138758,0.03000933595412147
0.06620218639193934,0.05210236066467322
0.05274569059503977,0.03864586486777365
0.0455221095126789,0.03142228378541278
0.05304638359967225,0.038946557872406154
0.06167084137774771,0.04757101565048161
0.06674055272383729,0.05264072699657116
0.06313427986913804,0.04903445414187192
0.04204787813581786,0.02794805240855176
0.034617007444689464,0.02051718171742336
0.055466191875156015,0.041366366147889924
0.04242011665942792,0.0283202909321618
0.043018817457047116,0.02891899172978101
0.0579670418769549,0.0438672161496888
0.05197181954951965,0.03787199382225354
0.04005162205028862,0.02595179632302251
0.03773993416366791,0.023640108436401783
0.0504702532035308,0.036370427476264684
0.049492280360330175,0.03539245463306407
0.04198909130982608,0.027889265582559972
0.05504680758517584,0.040946981857909744
0.04605300440118139,0.031953178673915256
0.059454025548195906,0.04535419982092978
0.04757001509606145,0.03347018936879533
0.04724860153578221,0.033148775808516086
0.04171375587535504,0.027613930148088904
0.06942593728348172,0.0553261115562156
0.05433158742028522,0.040231761693019105
0.04877092675739216,0.03467110103012605
0.04962044068863629,0.03552061496137018
0.03902561104179263,0.024925785314526504
0.04618422560903822,0.032084399881772106
0.05871869627310354,0.044618870545837415
0.03860509277196209,0.024505267044696
0.03590103771406167,0.021801211986795556
0.06205078369582508,0.04795095796855896
0.04706020358019121,0.032960377852925084
0.05123194073527039,0.037132115008004285
0.05003390817744956,0.03593408245018345
0.05643405629585263,0.042334230568586505
0.04128823431475593,0.02718840858748984
0.047609100550720596,0.03350927482345446
0.04018003714120966,0.026080211413943528
0.048969584021812854,0.034869758294546756
0.044662149667895605,0.030562323940629497
0.05360573532193805,0.03950590959467194
0.057861891819124434,0.04376206609185832
0.06778544578203256,0.05368562005476645
0.060099461261033466,0.04599963553376735
0.056247207409072415,0.04214738168180631
0.056046563487861974,0.04194673776059585
0.06673724335866225,0.05263741763139616
0.062117663360107815,0.04801783763284169
0.05531352704612684,0.041213701318860735
0.05061124220230585,0.036511416475039735
0.04489689979719778,0.030797074069931683
0.055708262616981745,0.04160843688971564
0.05604361595519627,0.04194379022793015
0.07116271279977561,0.05706288707250952
0.05525375080722096,0.04115392507995485
0.05893410662823151,0.0448342809009654
0.05329301887664307,0.03919319314937696
0.059258776817663804,0.04515895109039771
0.05581754989919298,0.0417177241719269
0.05777042246721409,0.04367059673994796
0.062419512886928215,0.048319687159662075
0.07019433740937249,0.05609451168210634
0.050631169327711154,0.03653134360044503
0.07060571594716492,0.05650589021989882
0.051698058290831184,0.037598232563565065
0.05697409879306451,0.042874273065798385
0.059250160329907875,0.04515033460264177
0.0423818696511674,0.028282043923901275
0.05122536672358744,0.03712554099632132
0.06308770177407118,0.04898787604680505
0.061302605142825345,0.04720277941555921
0.056743910732324404,0.04264408500505828
0.07024686695449947,0.056147041227233324
0.04906293673447556,0.03496311100720945
0.05902403497066542,0.0449242092433993
0.032206876926363676,0.018107051199097543
0.05417529458610279,0.040075468858836685
0.06466744485493028,0.05056761912766417
0.05287201511278599,0.03877218938551986
0.05610251414513994,0.042002688417873836
0.05346383029364183,0.03936400456637571
0.05660081898556847,0.04250099325830235
0.054684273146631476,0.04058444741936537
0.04785601037649714,0.03375618464923104
0.06351164413886506,0.04941181841159895
0.060265858188842183,0.04616603246157606
0.04908088000286986,0.03498105427560372
0.04998137587494766,0.03588155014768154
0.04557683662380185,0.03147701089653574
0.0516708416375575,0.03757101591029137
0.05359905682749779,0.0394992311002317
0.055125891512606676,0.041026065785340564
0.04411217262545599,0.03001234689818989
0.05574743667809677,0.041647610950830666
0.05312786077860256,0.039028035051336465
0.06209160506717406,0.04799177933990795
0.05694599259356206,0.042846166866295936
0.052329051795376676,0.03822922606811056
0.05382609352036619,0.03972626779310008
0.05059467450648923,0.036494848779223134
0.05233451963582797,0.038234693908561844
0.062167628667992976,0.04806780294072686
0.0503173639759287,0.03621753824866259
0.06867070244885508,0.05457087672158897
0.05730339206721881,0.043203566339952704
0.0517826959409766,0.03768287021371046
0.036108199669211215,0.022008373941945106
0.06643660336124473,0.052336777633978634
0.06231726165462136,0.048217435927355244
0.06837121295665413,0.054271387229388034
0.06003545211148732,0.04593562638422119
0.07086658648377439,0.056766760756508286
0.061339724469739426,0.04723989874247332
0.06668423975908733,0.05258441403182126
0.05984069483332438,0.04574086910605827
0.061983736029968164,0.047883910302702046
0.06471539269133295,0.05061556696406683
0.031456147114549436,0.01735632138728331
0.05197137845583921,0.0378715527285731
0.05449427209735937,0.040394446370093276
0.045466142125409184,0.03136631639814307
0.06200472562309521,0.04790489989582915
0.043886285319908167,0.02978645959264204
0.0318592391521677,0.017759413424901574
0.03911773733441951,0.025017911607153394
0.04754743140161129,0.033447605674345175
0.07406827124648717,0.059968445519221064
0.04152329354217309,0.027423467814906965
0.05818407847625976,0.04408425274899366
0.066938591631325,0.05283876590405887
0.03905116024841182,0.0249513345211457
0.048229163299351535,0.034129337572085416
0.055135491486354764,0.04103566575908865
0.04295257633335095,0.028852750606084828
0.06332553398929072,0.049225708262024596
0.03795547126216434,0.02385564553489824
0.040026401342443424,0.025926575615177288
0.046425611712384705,0.03232578598511858
0.06279412071009396,0.04869429498282784
0.058561828129077134,0.044462002401811015
0.058372787247428136,0.04427296152016202
0.06193315971304708,0.04783333398578096
0.04782985011521795,0.03373002438795183
0.06418243463208517,0.05008260890481908
0.050170121225895,0.0360702954986289
0.049113954804045235,0.03501412907677913
0.05057710129238658,0.036477275565120475
0.04331208646934063,0.02921226074207453
0.06909138366970029,0.05499155794243417
0.04402580099692812,0.02992597526966201
0.05517648207401327,0.041076656346747155
0.06070511618666853,0.04660529045940241
0.06254236089562311,0.048442535168357004
0.07145657863863415,0.057356752911368054
0.048999448305685,0.03489962257841891
0.05695615851260067,0.042856332785334544
0.05512178215716934,0.0410219564299032
0.03374051764019267,0.01964069191292656
0.04725444947136277,0.03315462374409663
0.06102751237124377,0.046927686643977666
0.05819420044819105,0.04409437472092493
0.0658903749148097,0.05179054918754358
0.046435956555305226,0.03233613082803912
0.04116366327196635,0.02706383754470025
0.05844353691306949,0.04434371118580335
0.06335426458830214,0.04925443886103601
0.054700282899272694,0.040600457172006575
0.04769456619027571,0.0335947404630096
0.05573272533546969,0.041632899608203586
0.05576070204531366,0.041660876318047546
0.03081223006600034,0.01671240433873423
0.05769966282815921,0.043599837100893095
0.0434160156975687,0.029316189970302577
0.052756012770458174,0.03865618704319207
0.04437593704969694,0.03027611132243083
0.0545693355036681,0.040469509776401964
0.04822520716769213,0.034125381440426025
0.04733691106932197,0.033237085342055855
0.053596724503650314,0.03949689877638418
0.06565109970680454,0.05155127397953843
0.049535270441203004,0.0354354447139369
0.0465602202472092,0.03246039451994308
0.036290273231039824,0.022190447503773712
0.060887597961863514,0.046787772234597395
0.05218849314804547,0.03808866742077935
0.057126388672184,0.043026562944917905
0.05234396720471272,0.0382441414774466
0.03394643115447963,0.019846605427213514
0.05045651240201071,0.0363566866747446
0.04541213906909844,0.03131231334183233
0.06769773589047316,0.05359791016320705
0.05765782414059906,0.04355799841333295
0.0606166661905728,0.046516840463306675
0.043507268859960854,0.02940744313269474
0.04380292705112087,0.02970310132385474
0.05491544720368521,0.04081562147641908
0.04634816762677145,0.032248341899505345
0.06304279758815823,0.048942971860892116
0.0638620379214144,0.0497622121941483
0.04398636130130312,0.029886535574036997
0.04167236136272526,0.027572535635459153
0.03170505923797992,0.0176052335107138
0.06460355302909963,0.050503727301833515
0.07260030323123488,0.05850047750396877
0.049734807161114614,0.0356349814338485
0.042597147002164056,0.028497321274897947
0.049743772142854394,0.035643946415588275
0.042446094961108224,0.02834626923384213
0.05796012220605088,0.04386029647878477
0.054603063458070145,0.040503237730804026
0.044401621212527984,0.030301795485261847
0.07442429317508159,0.06032446744781549
0.05560520481357954,0.04150537908631343
0.039621990009939656,0.025522164282673555
0.03957815084344542,0.02547832511617931
0.056719767039640615,0.04261994131237451
0.06657442210542742,0.05247459637816134
0.0713621897453309,0.05726236401806478
0.046016491751266854,0.03191666602400074
0.05537762501791022,0.0412777992906441
0.053431425628670995,0.0393315999014049
0.0722485322979523,0.058148706570686194
0.057822848685541564,0.04372302295827546
0.0599769529538509,0.04587712722658478
0.049191821525705524,0.03509199579843939
0.06762348486941264,0.05352365914214654
0.04590318820477865,0.031803362477512524
0.05497036354537273,0.04087053781810661
0.04051198320778958,0.026412157480523467
0.06071177551005305,0.04661194978278693
0.07187642600597105,0.05777660027870492
0.08486006228673565,0.0707602365594695
0.053312250216360185,0.03921242448909406
0.06744402810885321,0.05334420238158709
0.05958757155148774,0.045487745824221625
0.050656003739887726,0.036556178012621614
0.04626219455527231,0.0321623688280062
0.05814965626059607,0.044049830533329955
0.060573202755660485,0.04647337702839437
0.0587594676208898,0.04465964189362369
0.059752041749135947,0.04565221602186985
0.007093893046170877,-0.007005932681095233
0.05050337540974019,0.03640354968247407
0.050259476079071254,0.036159650351805135
0.07195178281813444,0.05785195709086834
0.059037035708031524,0.04493720998076542
0.062288019773005784,0.048188194045739687
0.06680577156478208,0.05270594583751595
0.06785703989920734,0.05375721417194124
0.048571877951870755,0.034472052224604637
0.0621303532150044,0.0480305274877383
0.05754989242689932,0.04345006669963321
0.07256564601121221,0.05846582028394606
0.03961714565630227,0.02551731992903615
0.046605472693816104,0.032505646966549985
0.05943522831898409,0.04533540259171799
0.06330267042600132,0.04920284469873522
0.05283508797995106,0.03873526225268495
0.06914992857683683,0.05505010284957074
0.05377249887484934,0.03967267314758323
0.06800758086975701,0.05390775514249089
0.07576890516556847,0.06166907943830235
0.036960543025574846,0.022860717298308728
0.03242125425328845,0.018321428526022338
0.048637319949599044,0.034537494222332925
0.06069625591812315,0.04659643019085704
0.06004266613294884,0.045942840405682736
0.07191872981570901,0.057818904088442924
0.06386039531306843,0.04976056958580231
0.05235710898876305,0.03825728326149693
0.0538544387577813,0.039754613030515196
0.0578045318990231,0.04370470617175699
0.06734230407034254,0.05324247834307642
0.0556967106479716,0.041596884920705485
0.03868370721746182,0.024583881490195688
0.060238328244899116,0.04613850251763299
0.05278629869633588,0.03868647296906978
0.05536415984755812,0.041264334120291964
0.06547110072258155,0.05137127499531545
0.05935281636237761,0.04525299063511151
0.06113408147416215,0.047034255746896056
0.06603997027210136,0.051940144544835254
0.047287335395324086,0.03318750966805799
0.04892038259700986,0.034820556869743745
0.05412057886203861,0.040020753134772484
0.04998864180314551,0.03588881607587941
0.04314452889904657,0.02904470317178046
0.06848963323049162,0.054389807503225536
0.06531004161111968,0.05121021588385357
0.06109205501752955,0.046992229290263456
0.07729629194186614,0.06319646621460004
0.05811407774663137,0.04401425201936526
0.056909298058339504,0.04280947233107337
0.04687345737692594,0.03277363164965982
0.0439911272438045,0.029891301516538404
0.05329406368785337,0.03919423796058725
0.04968453667576626,0.03558471094850014
0.05197973421263881,0.03787990848537269
0.047128971330082634,0.033029145602816515
0.06618354004833546,0.05208371432106936
0.057478299836382314,0.0433784741091162
0.06125350068058132,0.0471536749533152
0.04847160954474597,0.034371783817479865
0.05707813479044541,0.042978309063179294
0.05951234032273069,0.04541251459546456
0.05460764643911988,0.04050782071185379
0.04294273156932201,0.028842905842055896
0.0460487784493398,0.031948952722073695
0.06387512390315886,0.04977529817589274
0.043079852905470783,0.02898002717820467
0.05180590245061568,0.037706076723349566
0.060934043453169245,0.04683421772590312
0.057761641802342154,0.04366181607507605
0.07166322611185907,0.057563400384592976
0.04729223474270889,0.03319240901544277
0.04899548382164404,0.03489565809437793
0.05611726785726484,0.04201744212999872
0.05857325773436517,0.044473432007099065
0.05509583471567543,0.0409960089884093
0.0636268815440562,0.04952705581679008
0.046693843805231616,0.0325940180779655
0.04613864024384517,0.03203881451657907
0.05352857643987002,0.03942875071260388
0.0405220280465323,0.026422202319266185
0.05509254876411293,0.040992723036846805
0.059046949185149265,0.04494712345788314
0.06422878678687163,0.05012896105960551
0.044934188236954595,0.030834362509688462
0.049941078840760586,0.035841253113494474
0.04774738034848294,0.03364755462121681
0.04110646903619575,0.02700664330892964
0.051286143222668064,0.03718631749540195
0.042117184350129205,0.028017358622863083
0.05767902478483358,0.04357919905756746
0.05583802670381749,0.041738200976551385
0.025560236108070906,0.011460410380804779
0.04519368189876675,0.031093856171500615
0.0440448077401276,0.029944982012861495
0.03492689100830787,0.020827065281041744
0.059446618804848,0.04534679307758188
0.056368422781731015,0.04226859705446492
0.05166843313745066,0.03756860741018454
0.05245862892353379,0.03835880319626768
0.046336838384110735,0.032237012656844616
0.06466595828326156,0.05056613255599544
0.046746411761367894,0.032646586034101775
0.0495862732539077,0.035486447526641596
0.056526234046582885,0.04242640831931678
0.04299987748576674,0.028900051758500626
0.06920497336388316,0.05510514763661707
0.05621013453958154,0.042110308812315436
0.06530616158325624,0.051206335855990125
0.03973603565089704,0.02563620992363093
0.05645291014650234,0.04235308441923622
0.04374727566998092,0.029647449942714815
0.042994249134043386,0.028894423406777267
0.06004693930421972,0.04594711357695362
0.041770415912299796,0.0276705901850337
0.06095587914407591,0.046856053416809824
0.06451132820603159,0.050411502478765476
0.06288422035687438,0.04878439462960825
0.05035804897049665,0.036258223243230546
0.05600829135742301,0.04190846563015688
0.042685571106393774,0.02858574537912766
0.04053263308945708,0.02643280736219098
0.05093064240191355,0.03683081667464744
0.07498896349066682,0.0608891377634007
0.049099705687935855,0.03499987996066976
0.04798599026906601,0.03388616454179989
0.054691057132693746,0.04059123140542761
0.0481068168894775,0.03400699116221139
0.05259322573197077,0.03849340000470465
0.06942539614702593,0.05532557041975983
0.044596781178983635,0.030496955451717517
0.07194745865348795,0.057847632926221866
0.06833838835993766,0.05423856263267155
0.03168651574300377,0.01758669001573764
0.0677921701761856,0.0536923444489195
0.054867633620103426,0.040767807892837314
0.0470658731625536,0.03296604743528748
0.07610159510790371,0.06200176938063758
0.039131086720966324,0.025031260993700205
0.05529485199546601,0.04119502626819989
0.03413208370559617,0.02003225797833007
0.04046798262841683,0.02636815690115072
0.036960933551346914,0.022861107824080792
0.04077182537667006,0.026671999649403942
0.042927793529994464,0.02882796780272836
0.05721785656030534,0.043118030833039216
0.02161890654847555,0.0075190808212094295
0.05640103840641772,0.04230121267915162
0.05329123105930021,0.039191405332034114
0.0484388788470618,0.03433905311979571
0.055263394910654226,0.04116356918338809
0.04346256055583089,0.029362734828564774
0.04059779801047075,0.02649797228320464
0.056151240861534356,0.04205141513426826
0.057881138957975455,0.04378131323070935
0.05528992402332247,0.041190098296056375
0.0493270943555911,0.03522726862832499
0.05543196965899574,0.041332143931729626
0.039022699419518206,0.02492287369225208
0.06064931212578838,0.04654948639852227
0.042070168192163866,0.027970342464897748
0.06031016831199564,0.04621034258472951
0.04951787474449966,0.03541804901723355
0.05864019891277185,0.044540373185505716
0.04300883216105835,0.02890900643379224
0.04569983131390057,0.03160000558663445
0.0493704543818284,0.035270628654562285
0.07149397963401365,0.05739415390674753
0.04713242275151785,0.03303259702425173
0.06062494392598007,0.04652511819871395
0.04517919674904713,0.03107937102178102
0.061903174687229306,0.04780334895996319
0.04896716861536939,0.034867342888103274
0.06825421529834855,0.05415438957108244
0.056851231228450684,0.04275140550118457
0.056759248908299934,0.042659423181033815
0.05703617627561785,0.04293635054835175
0.06663179328759465,0.052531967560328484
0.043418733145173305,0.029318907417907186
0.04299338613513525,0.028893560407869136
0.06255574616674145,0.04845592043947532
0.05047525700853768,0.03637543128127157
0.04990049671828093,0.03580067099101483
0.0743809633427762,0.0602811376155101
0.05611003224606118,0.042010206518795064
0.05953530373614974,0.04543547800888364
0.04948245868208644,0.035382632954820324
0.061946520792564234,0.047846695065298143
0.07867469304275417,0.06457486731548803
0.06079702005380236,0.04669719432653624
0.05422453086482202,0.04012470513755589
0.048809439811968516,0.0347096140847024
0.06755778787169528,0.05345796214442917
0.05450967819181999,0.04040985246455387
0.05494608858942155,0.040846262862155445
0.05571519441454706,0.041615368687280954
0.04974038090191834,0.03564055517465223
0.04563477043926533,0.031534944711999226
0.042783971922414454,0.02868414619514833
0.06119534865215187,0.04709552292488576
0.054761334436799335,0.040661508709533216
0.06845762209243376,0.054357796365167646
0.03608956269517388,0.021989736967907767
0.05881406646688611,0.04471424073962
0.05317311288874844,0.03907328716148235
0.046891855612223386,0.032792029884957274
0.054841368729990375,0.04074154300272427
0.06451963871575216,0.05041981298848605
0.07391061723482852,0.05981079150756239
0.06470938150595415,0.050609555778688045
0.03814005945177917,0.024040233724513062
0.05243464673425169,0.0383348210069856
0.052361123203725525,0.038261297476459406
0.06490582111780076,0.050805995390534674
0.04715074597288786,0.03305092024562174
0.058250316532384064,0.04415049080511793
0.05350201487947844,0.03940218915221233
0.0631317780155224,0.0490319522882563
0.04810715809884229,0.03400733237157618
0.06351809055351217,0.04941826482624607
0.052143548219350265,0.03804372249208414
0.05123299248269392,0.0371331667554278
0.08910033125789704,0.07500050553063092
0.03778233808187856,0.023682512354612446
0.06640784901904132,0.052308023291775196
0.06643452634329391,0.052334700616027775
0.06534845131455137,0.051248625587285275
0.057414326035987215,0.043314500308721096
0.05448877877305652,0.04038895304579039
0.05870178803721999,0.04460196230995387
0.05237592801728888,0.03827610229002276
0.046139229436264154,0.03203940370899803
0.04316316228352106,0.029063336556254954
0.06659266847068443,0.052492842743418325
0.044643863664062894,0.030544037936796792
0.051242508572365314,0.03714268284509919
0.06178864889725359,0.0476888231699875
0.05762360229268147,0.043523776565415374
0.050105392310968014,0.0360055665837019
0.05047439305907968,0.036374567331813545
0.07198795600375672,0.057888130276490604
0.05224257789403458,0.03814275216676846
0.06354378513111264,0.049443959403846535
0.055563751855869155,0.04146392612860303
0.0401571372970447,0.026057311569778585
0.0335557129436331,0.019455887216366995
0.05464315875728107,0.04054333303001495
0.0456131934639468,0.0315133677366807
0.05069369919128231,0.03659387346401621
0.04999969084172075,0.03589986511445461
0.07056701848929009,0.056467192762023985
0.06281994813485944,0.04872012240759333
0.0248304996969994,0.010730673969733288
0.05405556405942297,0.03995573833215685
0.055362501042860356,0.04126267531559424
0.052491641148361294,0.038391815421095196
0.06465627563415717,0.050556449906891045
0.04443559473511489,0.030335769007848776
0.03958356578608659,0.025483740058820478
0.057549256227208204,0.04344943049994209
0.05169812715141151,0.03759830142414541
0.04273536555949338,0.028635539832227264
0.060022398518267996,0.04592257279100187
0.04323859882756795,0.02913877310030184
0.05187723980602145,0.03777741407875534
0.05695390396219017,0.042854078234924035
0.04944496648160672,0.03534514075434061
0.047426097724779556,0.03332627199751345
0.03303509459562375,0.018935268868357644
0.05450063871425667,0.04040081298699055
0.047286029689632136,0.03318620396236601
0.04465901303463029,0.03055918730736418
0.0437687550915114,0.029668929364245273
0.04929743569213724,0.03519760996487113
0.03956806679240883,0.025468241065142738
0.06515330395473716,0.05105347822747105
0.06894470460481719,0.05484487887755108
0.047027846806050724,0.03292802107878461
0.06045147781898536,0.04635165209171926
0.05979226460568336,0.045692438878417244
0.045833333974951866,0.031733508247685734
0.042662421656029445,0.02856259592876334
0.05971124043476055,0.04561141470749445
0.059219311864121535,0.045119486136855395
0.060024777778433104,0.04592495205116698
0.06304255163862513,0.04894272591135903
0.04513634256586631,0.0310365168386002
0.0724093090110722,0.0583094832838061
0.044877836481788405,0.03077801075452228
0.050208092723549376,0.03610826699628326
0.02150751753031686,0.007407691803050745
0.050969817593465624,0.036869991866199506
0.03916430451129093,0.02506447878402482
0.051761326153438494,0.037661500426172397
0.05932463409187999,0.04522480836461389
0.06457247376829746,0.05047264804103135
0.05485619726442689,0.04075637153716079
0.07385760187539146,0.05975777614812534
0.04378003263194645,0.029680206904680328
0.06589829636660328,0.05179847063933718
0.037747227234472866,0.023647401507206747
0.05109876920564444,0.03699894347837832
0.05616292881075759,0.042063103083491475
0.062472694797218606,0.04837286906995249
0.049773275394740885,0.035673449667474794
0.05805496441821294,0.04395513869094684
0.052511034830259956,0.03841120910299384
0.06238817645161095,0.048288350724344835
0.0453622277362272,0.0312624020089611
0.04748372753214703,0.03338390180488091
0.04799016204392693,0.0338903363166608
0.06386586036530913,0.049766034638043
0.03520746537647802,0.021107639649211914
0.06324219087439682,0.049142365147130676
0.056608657868401684,0.04250883214113556
0.0664691492936946,0.05236932356642846
0.040957160541565535,0.026857334814299416
0.05732510492578383,0.04322527919851772
0.04339398895866902,0.029294163231402923
0.04427099445263755,0.030171168725371438
0.05971044168051702,0.04561061595325094
0.05937254298945599,0.045272717262189864
0.06244464107145997,0.04834481534419388
0.04248649913044558,0.028386673403179467
0.04180649291651291,0.027706667189246796
0.042532554348045135,0.02843272862077903
0.04621209039100143,0.032112264663735304
0.05464285434570885,0.040543028618442736
0.050417321240215335,0.03631749551294924
0.059013651589938425,0.0449138258626723
0.05132827057077028,0.03722844484350416
0.05370215796141605,0.03960233223414992
0.055883601052109044,0.041783775324842926
0.061385253313032906,0.0472854275857668
0.04687542182487609,0.032775596097609966
0.047612162654694624,0.0335123369274285
0.05377425100133705,0.03967442527407098
0.06054423752238715,0.046444411795121036
0.05117856383880326,0.03707873811153714
0.06257040632512671,0.04847058059786062
0.03969287653373122,0.025593050806465102
0.04695792542285753,0.03285809969559141
0.04929132287136114,0.035191497144095
0.04947156779511919,0.03537174206785308
0.06052392780579521,0.04642410207852911
0.04483952383811048,0.03073969811084435
0.05645556666640932,0.042355740939143204
0.05609611834350887,0.041996292616242756
0.04903610052702758,0.03493627479976145
0.06983415516192978,0.05573432943466371
0.05295209150220912,0.03885226577494303
0.06425501043078116,0.050155184703515036
0.046730193039704826,0.03263036731243872
0.05606644292330518,0.04196661719603905
0.06834602890843733,0.05424620318117126
0.038054958304949794,0.023955132577683676
0.05203278110635405,0.037932955379087925
0.04782230019863776,0.033722474471371645
0.05182426155950133,0.03772443583223521
0.07525440026890075,0.06115457454163464
0.060394183415991336,0.04629435768872522
0.06806581772831409,0.05396599200104797
0.04773049847199041,0.033630672744724296
0.040861056630917714,0.026761230903651612
0.069405493716157,0.055305667988890875
0.04985325428730525,0.03575342856003913
0.05874291146924203,0.04464308574197591
0.04087293166756266,0.026773105940296537
0.04814564824865856,0.034045822521392446
0.0649140084057615,0.0508141826784954
0.044560325349165035,0.030460499621898923
0.045388861778492544,0.03128903605122643
0.06275088475357049,0.04865105902630438
0.04935188824821236,0.03525206252094624
0.06908479797350764,0.05498497224624151
0.0659500448660849,0.051850219138818814
0.05468615282646221,0.040586327099196115
0.04586630959020185,0.03176648386293574
0.029346951370274692,0.01524712564300856
0.04632722855355343,0.032227402826287305
0.04540556081449433,0.03130573508722823
0.05267179260120912,0.03857196687394299
0.0535254165915605,0.03942559086429438
0.04545292386943556,0.03135309814216945
0.04907324372647218,0.034973417999206065
0.05655658229716102,0.04245675656989491
0.041368327559510455,0.027268501832244333
0.06051451720447394,0.04641469147720782
0.0646849449784651,0.050585119251199
0.05281285308890038,0.038713027361634275
0.061296787739854364,0.04719696201258827
0.06091543069393203,0.04681560496666591
0.046466846133275785,0.03236702040600969
0.04532599274930818,0.03122616702204206
0.06053613430602867,0.04643630857876257
0.0425812631683359,0.028481437441069776
0.053632258321220434,0.039532432593954316
0.056174006652254124,0.04207418092498803
0.044318992808423614,0.030219167081157496
0.04110204938290869,0.02700222365564258
0.06605702215515773,0.051957196427891573
0.0406575316920163,0.02655770596475019
0.043728587289747343,0.02962876156248123
0.055919235346373365,0.04181940961910725
0.042711791241569444,0.02861196551430334
0.06998044376192042,0.05588061803465431
0.06281756686866294,0.04871774114139682
0.06003142299292072,0.0459315972656546
0.07381716572963769,0.059717340002371604
0.04328439696837347,0.029184571241107352
0.04844450083880448,0.03434467511153835
0.05222287759979212,0.038123051872526015
0.044039000301672696,0.02993917457440659
0.04623623710328525,0.03213641137601913
0.07850057893368671,0.06440075320642055
0.059748379836475365,0.04564855410920926
0.0644284829144012,0.05032865718713508
0.0627500399009749,0.048650214173708774
0.05215701169557275,0.03805718596830664
0.04145811060272599,0.027358284875459885
0.05315021177949976,0.03905038605223365
0.060019409136767794,0.045919583409501696
0.06304031986827384,0.048940494141007714
0.05100660540536553,0.036906779678099445
0.03673015151601698,0.02263032578875084
0.05680674583320098,0.04270692010593486
0.0615664749289683,0.047466649201702196
0.05587691866216106,0.04177709293489496
0.043181748213188875,0.02908192248592277
0.049336819041198035,0.03523699331393193
0.056395244381525746,0.04229541865425961
0.05566988485452831,0.04157005912726218
0.06433943760132475,0.050239611874058634
0.05570364305125483,0.04160381732398868
0.08319545364248751,0.06909562791522139
0.056507949625306364,0.04240812389804025
0.05573976405437063,0.04163993832710452
0.06267458811491272,0.048574762387646624
0.05059796744879398,0.03649814172152788
0.057910607205260235,0.04381078147799413
0.045023573344706774,0.030923747617440663
0.07088709977307045,0.05678727404580434
0.05982327396219576,0.04572344823492963
0.07958924200979252,0.06548941628252643
0.06097534449394795,0.04687551876668181
0.05313674425908408,0.039036918531817975
0.03626915913220504,0.02216933340493893
0.04468387124563742,0.0305840455183713
0.0512634467053976,0.03716362097813147
0.051084224757393826,0.0369843990301277
0.03508095014329332,0.020981124416027223
0.06144239862157838,0.04734257289431225
0.06123704397950358,0.047137218252237476
0.05899673480037977,0.04489690907311365
0.07187724994188116,0.057777424214615035
0.0693727260982086,0.05527290037094246
0.04166392112202203,0.027564095394755895
0.039269225201419525,0.025169399474153427
0.06274404113401767,0.048644215406751554
0.056493056226751624,0.04239323049948551
0.05059984893383986,0.03650002320657373
0.04838464665733839,0.034284820930072284
0.07998949253393574,0.06588966680666962
0.06030491478444798,0.04620508905718185
0.0534299053135147,0.039330079586248574
0.056574661445824626,0.04247483571855852
0.05122539995738247,0.03712557423011638
0.05112186587024039,0.03702204014297427
0.06817898079458638,0.05407915506732025
0.05764338722529459,0.04354356149802847
0.05778267371187653,0.04368284798461041
0.05537596330502337,0.04127613757775725
0.05296911349928675,0.03886928777202064
0.0544084795441591,0.04030865381689297
0.060032873019860725,0.04593304729259459
0.043667080314467525,0.029567254587201438
0.053405885046528316,0.03930605931926221
0.04345262439260222,0.029352798665336074
0.05602608927739614,0.041926263550130044
0.04894550687602645,0.034845681148760334
0.06464461070907074,0.05054478498180463
0.06627128961994101,0.052171463892674894
0.06726948856842961,0.053169662841163555
0.04349367112359842,0.029393845396332302
0.06166156393420204,0.04756173820693591
0.04765363451936158,0.03355380879209546
0.04280441247581119,0.028704586748545063
0.046031587019169456,0.03193176129190335
0.03853000135812871,0.024430175630862597
0.06948659480745302,0.055386769080186894
0.041119048741324396,0.027019223014058288
0.06248689089964693,0.048387065172380825
0.05714977663546567,0.043049950908199554
0.07898223292398085,0.06488240719671473
0.04336889194287968,0.029269066215613572
0.057624503058815536,0.04352467733154943
0.053839889717758854,0.03974006399049275
0.0788426632521829,0.0647428375249168
0.05969817181776683,0.045598346090500716
0.06576913830631485,0.05166931257904875
0.05082824471722767,0.03672841898996155
0.05526867453556481,0.0411688488082987
0.0369768628714615,0.02287703714419539
0.059874653574287506,0.045774827847021395
0.047963170925379064,0.03386334519811295
0.06020182538116903,0.04610199965390291
0.05388371501435779,0.039783889287091666
0.0576819424206569,0.04358211669339079
0.054994558623523954,0.04089473289625785
0.06194811684316464,0.04784829111589854
0.04903487221293808,0.03493504648567196
0.06149129279907153,0.0473914670718054
0.05128924512147146,0.03718941939420534
0.05438304973485579,0.04028322400758969
0.048883741389950955,0.03478391566268483
0.0504519598512772,0.03635213412401107
0.06606188126930676,0.05196205554204066
0.044673922021978174,0.030574096294712073
0.06252234039258037,0.04842251466531426
0.04178398582408235,0.027684160096816242
0.06115477794786557,0.04705495222059945
0.05187610186203622,0.03777627613477011
0.0531609512894082,0.039061125562142085
0.05638554556247376,0.04228571983520766
0.06085510992634473,0.04675528419907862
0.0645707641411013,0.0504709384138352
0.05868967807743985,0.044589852350173736
0.06263014701476491,0.04853032128749879
0.057098205483018784,0.04299837975575266
0.05494222282347559,0.04084239709620951
0.053698110673531765,0.03959828494626565
0.057844224507217865,0.04374439877995177
0.052353415213877263,0.038253589486611145
0.04022876353062162,0.026128937803355505
0.04284087120323753,0.02874104547597141
0.055965718987231475,0.04186589325996538
0.059628558072121036,0.04552873234485491
0.0516330891781462,0.037533263450880094
0.06672612949602164,0.05262630376875553
0.06050863514887856,0.04640880942161245
0.05083367032546805,0.03673384459820196
0.04199112725388869,0.027891301526622576
0.06385046330980182,0.04975063758253572
0.048916288824153546,0.034816463096887414
0.0530611987214529,0.03896137299418682
0.05672446061345436,0.042624634886188256
0.052499041870110785,0.03839921614284468
0.04953302634098366,0.03543320061371755
0.03911840516068219,0.025018579433416087
0.05199852764676578,0.037898701919499685
0.03046542639537667,0.016365600668110537
0.05366858201800712,0.03956875629074099
0.049712134865117774,0.035612309137851655
0.0468347470188903,0.03273492129162419
0.04444131609296693,0.03034149036570082
0.07375867199329994,0.059658846266033815
0.061668419703559824,0.0475685939762937
0.05773819756343424,0.04363837183616811
0.05578457252172145,0.041684746794455343
0.05119817932852828,0.03709835360126217
0.06158863941496816,0.047488813687702046
0.0532340423077638,0.03913421658049768
0.050893255985552034,0.03679343025828593
0.04784628836669065,0.03374646263942451
0.03612519257461521,0.022025366847349098
0.037159091043440284,0.02305926531617417
0.05978151672723921,0.04568169099997311
0.06501166199699265,0.05091183626972653
0.04362286338647613,0.029523037659210022
0.06364378197650035,0.04954395624923426
0.05164360651387185,0.037543780786605745
0.06166429207980005,0.047564466352533946
0.07038470789078055,0.05628488216351445
0.04724247044357861,0.03314264471631251
0.0497727075037225,0.03567288177645638
0.056035776963541624,0.041935951236275505
0.053877699455994195,0.0397778737287281
0.06221970922910222,0.04811988350183608
0.06641647908590434,0.05231665335863822
0.06934661713877668,0.055246791411510586
0.05134502328142069,0.037245197554154605
0.044620733801170966,0.03052090807390488
0.05087192476945365,0.03677209904218751
0.06392742852716247,0.049827602799896335
0.05129016431170094,0.03719033858443483
0.0500484975684745,0.03594867184120838
0.0489416859112391,0.034841860183972964
0.06210882829726423,0.0480090025699981
0.05975496125666558,0.04565513552939947
0.06219019321646479,0.04809036748919871
0.05196374305086201,0.0378639173235959
0.057589341961657374,0.04348951623439127
0.05501615665555982,0.04091633092829372
0.0696008309895772,0.05550100526231111
0.05746065708178629,0.04336083135452018
0.05991626167635817,0.045816435949092064
0.0665398778320815,0.05244005210481537
0.04777707422128463,0.033677248494018534
0.05288569483279234,0.03878586910552622
0.055908365347332414,0.041808539620066316
0.04140043805924779,0.027300612331981697
0.04461954167284126,0.03051971594557515
0.06388242675097887,0.04978260102371276
0.04531921473257775,0.031219389005311616
0.06367788723788101,0.049578061510614904
0.06807541566995455,0.053975589942688446
0.06047076155447765,0.04637093582721155
0.0432327009811166,0.029132875253850478
0.052311238579546004,0.03821141285227989
0.050902203807442474,0.03680237808017638
0.0544141241894537,0.040314298462187585
0.041347414454921946,0.027247588727655835
0.05305332034508415,0.03895349461781803
0.06364633460881937,0.049546508881553264
0.0463471341833817,0.0322473084561156
0.05181381639458373,0.03771399066731763
0.05466537692568931,0.04056555119842319
0.05826012353105951,0.044160297803793415
0.05276300908375369,0.03866318335648759
0.04784672455957598,0.033746898832309864
0.04462823014370872,0.030528404416442605
0.05405159494083293,0.03995176921356681
0.049585922829730913,0.035486097102464795
0.062272683648033976,0.04817285792076786
0.054028689730397546,0.03992886400313145
0.06033197379917742,0.04623214807191131
0.04404731226185505,0.029947486534588938
0.05683992910207543,0.04274010337480933
0.05479000433202535,0.04069017860475924
0.04680627106095202,0.03270644533368591
0.05993244348425352,0.04583261775698741
0.051247822163731103,0.03714799643646499
0.056776196706205706,0.04267637097893958
0.05045733377128073,0.036357508044014615
0.05120616420090735,0.03710633847364124
0.03832608956729026,0.024226263840024125
0.05003091359257143,0.03593108786530531
0.04164596101367338,0.027546135286407293
0.06374310950970155,0.049643283782435446
0.04840221933187413,0.03430239360460802
0.05351291761914669,0.03941309189188058
0.06597761617556427,0.051877790448298176
0.05207452318903427,0.03797469746176816
0.050942121623328375,0.03684229589606228
0.06644493659109149,0.052345110863825345
0.06864424542106237,0.05454441969379627
0.08548729984295113,0.071387474115685
0.05801698698145163,0.04391716125418553
0.05644291728292856,0.04234309155566245
0.04098788232586132,0.026888056598595212
0.04791366489318398,0.03381383916591786
0.061220086923061315,0.047120261195795196
0.061466557616998804,0.0473667318897327
0.061621620167862025,0.04752179444059591
0.05095370590241148,0.03685388017514536
0.058993412309522875,0.044893586582256735
0.05913587483717129,0.04503604910990516
0.0460149946873661,0.03191516896009998
0.05775184632610851,0.04365202059884239
0.05383247114416292,0.039732645416896806
0.041105956756900035,0.027006131029633916
0.06520805947612854,0.051108233748862426
0.05439821991764733,0.04029839419038122
0.05733087259064078,0.04323104686337468
0.06795153452289114,0.05385170879562505
0.06537653283338594,0.05127670710611984
0.06524226386746235,0.05114243814019624
0.057853487205453975,0.04375366147818786
0.04686278898291788,0.03276296325565177
0.05657472562781515,0.042474899900549035
0.06473110046861254,0.05063127474134645
0.04229262147901723,0.02819279575175112
0.03869937482872595,0.024599549101459853
0.07437790284124264,0.06027807711397655
0.0557841600264587,0.04168433429919258
0.036329246496866335,0.02222942076960022
0.059583850229019,0.0454840245017529
0.06612660869955578,0.05202678297228968
0.04937671138819252,0.03527688566092641
0.05380789733751092,0.039708071610244824
0.06448674714919664,0.050386921421930526
0.03768710723789984,0.02358728151063373
0.051819726713378846,0.037719900986112734
0.05423267022678098,0.040132844499514875
0.05885082361193297,0.04475099788466685
0.04697584312009138,0.03287601739282528
0.05509245246959403,0.040992626742327905
0.07103325333323732,0.0569334276059712
0.050029751442997636,0.03592992571573153
0.03906060540667768,0.02496077967941157
0.06243119774114078,0.04833137201387466
0.048755014391645944,0.03465518866437985
0.05683299414940991,0.042733168422143766
0.04483103865746747,0.030731212930201358
0.06731035603373439,0.053210530306468294
0.04438605795424603,0.030286232226979935
0.05372976330801436,0.03962993758074823
0.026937613626735954,0.01283778789946983
0.05125662178928523,0.037156796062019104
0.07161291843576928,0.057513092708503175
0.04870546317484848,0.034605637447582355
0.05687245315637371,0.042772627429107576
0.05433796471032446,0.04023813898305834
0.04401398987033099,0.029914164143064886
0.05273525107088961,0.038635425343623506
0.05335011687016444,0.03925029114289831
0.05485399369263547,0.040754167965369376
0.06424925396847048,0.050149428241204344
0.05180972860813342,0.037709902880867306
0.03391524078328922,0.019815415056023113
0.06109044693237711,0.04699062120511101
0.03753396224692383,0.02343413651965772
0.06271418131053286,0.048614355583266766
0.054281450026568666,0.040181624299302554
0.04945344115818465,0.035353615430918535
0.06262130216948014,0.04852147644221401
0.05321187662498679,0.03911205089772066
0.056272457521896226,0.042172631794630135
0.045544030728748075,0.03144420500148197
0.05421308336051595,0.04011325763324984
0.03928556176269042,0.025185736035424306
0.043454404657764435,0.02935457893049832
0.06183789645430966,0.04773807072704357
0.039162637974203204,0.0250628122469371
0.039241781352116534,0.025141955624850405
0.06340962044369208,0.04930979471642598
0.04734831790674985,0.03324849217948374
0.06379492742008336,0.04969510169281724
0.04199339374309185,0.02789356801582571
0.06405969549869456,0.049959869771428446
0.05025519807723647,0.036155372349970356
0.05480572625203163,0.04070590052476552
0.06014101839988081,0.0460411926726147
0.05914714014357848,0.04504731441631237
0.06333346793619916,0.04923364220893306
0.058924284882038436,0.04482445915477232
0.04604838652543508,0.03194856079816898
0.0690368622475013,0.0549370365202352
0.07615149664545047,0.06205167091818438
0.05775953566809493,0.043659709940828816
0.054228593503298034,0.04012876777603193
0.05653945886238819,0.04243963313512209
0.04089565444561791,0.026795828718351795
0.05478893317557842,0.040689107448312306
0.0668355198628611,0.05273569413559501
0.0598721740266646,0.0457723482993985
0.03219581452409551,0.01809598879682941
0.05062586043492565,0.03652603470765955
0.048271186687574685,0.03417136096030857
0.04689065271561807,0.032790826988351965
0.04902464631384586,0.03492482058657974
0.05210558196779384,0.038005756240527724
0.04711467503198363,0.03301484930471753
0.05241336422795864,0.03831353850069252
0.054263338864391386,0.04016351313712529
0.06613287382422987,0.052033048096963755
0.040011445359864714,0.025911619632598592
0.06388618850166437,0.04978636277439826
0.05099954581607808,0.036899720088811976
0.05776600273152891,0.0436661770042628
0.03638526076463929,0.02228543503737316
0.06687323622699898,0.05277341049973288
0.04074749934331361,0.026647673616047505
0.03886320707493669,0.024763381347670574
0.06409843854880136,0.04999861282153523
0.059999710326874366,0.045899884599608275
0.058148375289418124,0.044048549562152005
0.060632796735184666,0.046532971007918554
0.06828719972612127,0.05418737399885515
0.0476763176394436,0.033576491912177486
0.04424479502007193,0.03014496929280582
0.04595727593914516,0.031857450211879045
0.05914973445773864,0.04504990873047253
0.05806361344142239,0.04396378771415628
0.04632071998276997,0.03222089425550387
0.04761790457753955,0.03351807885027344
0.03915998743531889,0.025060161708052777
0.05758432479720166,0.04348449906993553
0.059454239078011104,0.04535441335074499
0.04623549237783935,0.03213566665057325
0.04032721915163362,0.026227393424367525
0.05030533369515713,0.03620550796789101
0.06921338122633192,0.0551135554990658
0.045804673304653806,0.0317048475773877
0.04071670174618388,0.02661687601891776
0.06234784748722733,0.04824802175996122
0.031297347901084197,0.01719752217381809
0.04530391247773478,0.03120408675046866
0.053046594268368386,0.038946768541102274
0.05743350445212852,0.0433336787248624
0.06079559132887541,0.04669576560160929
0.0626025036641575,0.048502677936891385
0.07100847624700479,0.056908650519738646
0.04525555674010916,0.03115573101284304
0.0409211557334468,0.026821330006180692
0.06205623120765911,0.04795640548039301
0.03708482976562404,0.022985004038357924
0.0417370218452521,0.027637196117985995
0.039119324623613054,0.025019498896346932
0.06985440242091594,0.05575457669364982
0.054274524555476135,0.04017469882821002
0.029118960055962272,0.015019134328696147
0.040910655516645425,0.026810829789379313
0.048377229667765156,0.03427740394049903
0.053666396817550026,0.0395665710902839
0.062018444657615475,0.04791861893034934
0.05422871441574875,0.04012888868848262
0.06306218540856526,0.048962359681299146
0.06761847721897826,0.05351865149171213
0.05286858015571979,0.038768754428453685
0.0533566190745019,0.03925679334723581
0.038191955468168504,0.024092129740902392
0.04071457880635563,0.02661475307908953
0.05625305480233452,0.04215322907506841
0.04863739603619881,0.03453757030893268
0.05296243106617502,0.0388626053389089
0.0695473832822817,0.0554475575550156
0.043897841330805876,0.029798015603539764
0.06337606919231147,0.04927624346504537
0.051497110299482084,0.037397284572215965
0.05727758828273704,0.043177762555470914
0.06388625654087618,0.049786430813610075
0.053238007813579125,0.03913818208631301
0.05233788928410711,0.038238063556841
0.053419137398483085,0.03931931167121697
0.07232233653326155,0.05822251080599545
0.05462549051459816,0.04052566478733206
0.04985454885705974,0.035754723129793636
0.03293504034187122,0.018835214614605106
0.04242878851053893,0.02832896278327284
0.03845431321184628,0.02435448748458017
0.0493350935054632,0.0352352677781971
0.04284133425999153,0.028741508532725432
0.04339879380311022,0.0292989680758441
0.048339659728261715,0.03423983400099558
0.049946357012088834,0.03584653128482273
0.07021228720182753,0.05611246147456141
0.0590201121618336,0.04492028643456749
0.03767286229142203,0.023573036564155922
0.06800465208788081,0.0539048263606147
0.05682366067925152,0.042723834951985416
0.0576550775062597,0.04355525177899359
0.056769307211378496,0.04266948148411242
0.05972586828837899,0.04562604256111289
0.06311278570918198,0.04901295998191588
0.042768371579617465,0.02866854585235134
0.04379965615643071,0.029699830429164596
0.053910724339631115,0.03981089861236501
0.06321116996324158,0.049111344235975476
0.05988401781612363,0.045784192088857506
0.04554837440643987,0.03144854867917375
0.05715401300784523,0.04305418728057911
0.05705903458023921,0.0429592088529731
0.06527790184485673,0.051178076117590614
0.05988502555752689,0.045785199830260796
0.04764556187667267,0.03354573614940657
0.05203321935712738,0.037933393629861256
0.05797964471198771,0.04387981898472159
0.06263440890595393,0.04853458317868782
0.0447846781258714,0.030684852398605293
0.052034632465079306,0.03793480673781318
0.06049193038480266,0.04639210465753655
0.05597356957230645,0.04187374384504035
0.06593581985081508,0.051835994123548945
0.043059565549805535,0.028959739822539424
0.06086676352261391,0.046766937795347796
0.05866457163946727,0.044564745912201165
0.05337859290100536,0.03927876717373924
0.0672304870847877,0.05313066135752157
0.04703798438765919,0.032938158660393096
0.04726150399003767,0.03316167826277156
0.055153329215310805,0.04105350348804472
0.054647390823468485,0.04054756509620237
0.06082949069597078,0.046729664968704676
0.07146763286122634,0.05736780713396023
0.04329959813982814,0.029199772412562018
0.03146299783439108,0.017363172107124968
0.0595071435491107,0.04540731782184458
0.0545734881002398,0.0404736623729737
0.07059237701529307,0.05649255128802696
0.05151904905602707,0.037419223328760964
0.060079600867169326,0.045979775139903215
0.05795218016571878,0.04385235443845266
0.05815431437900058,0.044054488651734475
0.04177997097409948,0.027680145246833373
0.057131700440265214,0.04303187471299909
0.05280810510389468,0.03870827937662856
0.06962352755451978,0.055523701827253656
0.059334830160438855,0.04523500443317275
0.06062302332894707,0.04652319760168094
0.06424780786240906,0.050147982135142925
0.06284912319246864,0.048749297465202526
0.05773341887076487,0.043633593143498774
0.05971626998634772,0.0456164442590816
0.07858626637827994,0.06448644065101383
0.047023769944207476,0.03292394421694138
0.050549226232293444,0.03644940050502731
0.0483376146762466,0.034237788948980497
0.06767121174512232,0.05357138601785621
0.07072249814502504,0.05662267241775889
0.046734744308634155,0.03263491858136804
0.05577177834556782,0.0416719526183017
0.0665487839665799,0.05244895823931381
0.06719974819709745,0.05309992246983136
0.04424859571684237,0.030148769989576257
0.041848954456432455,0.027749128729166322
0.05362097121213063,0.0395211454848645
0.0515405673901262,0.03744074166286008
0.0442506340858864,0.030150808358620274
0.03796080336269546,0.02386097763542934
0.0601981372428834,0.04609831151561729
0.0730716031681506,0.058971777440884464
0.06296350226857403,0.04886367654130793
0.046044976366583404,0.03194515063931731
0.05881744031870442,0.04471761459143832
0.07561187979519049,0.061512054067924364
0.052783314471388225,0.038683488744122085
0.05460192815581678,0.040502102428550665
0.04851759246499824,0.03441776673773214
0.06360952709149732,0.049509701364231204
0.04930743575484759,0.035207610027581486
0.052786093522301424,0.03868626779503533
0.048730166574942085,0.03463034084767598
0.04529230505484515,0.031192479327579018
0.04443929118627034,0.030339465459004213
0.04198419605654049,0.027884370329274374
0.07472158791048186,0.06062176218321572
0.06337402040895415,0.04927419468168805
0.05652092280177814,0.04242109707451203
0.028632968174870765,0.014533142447604668
0.06518478997943723,0.051084964252171114
0.06679444213575536,0.052694616408489256
0.0557835726083444,0.04168374688107828
0.05562652833919952,0.04152670261193341
0.05137756023573957,0.037277734508473465
0.05900044331463886,0.0449006175873727
0.046671190659634765,0.03257136493236866
0.05104777716530211,0.036947951438036
0.04610603280669373,0.032006207079427605
0.06293543572615772,0.04883560999889157
0.06326116160319531,0.0491613358759292
0.06546733236142263,0.05136750663415651
0.03719978793556861,0.023099962208302502
0.07678956738823323,0.06268974166096707
0.05651393620928938,0.04241411048202327
0.048447682073610054,0.03434785634634396
0.061048986491005666,0.046949160763739575
0.06042300224121443,0.04632317651394833
0.04324162917119347,0.029141803443927333
0.06810162856502437,0.054001802837758246
0.06256398286238907,0.048464157135122976
0.0503596307682288,0.03625980504096269
0.0737490903054538,0.059649264578187686
0.053211656661552934,0.03911183093428682
0.05556267599127703,0.041462850264010934
0.04714603815152068,0.03304621242425456
0.06084597602750841,0.04674615030024231
0.042920447046479404,0.0288206213192133
0.061360044765875366,0.04726021903860926
0.04939313674684482,0.03529331101957869
0.05870123554177156,0.04460140981450543
0.05265332379965423,0.0385534980723881
0.04496229816188175,0.03086247243461566
0.03639814117672608,0.022298315449459958
0.04995849877853694,0.035858673051270835
0.06042199663707338,0.04632217090980724
0.05566630801503951,0.04156648228777339
0.05896545539255586,0.044865629665289744
0.05842630152738343,0.044326475800117296
0.06125325528307024,0.04715342955580413
0.05787319086452112,0.04377336513725501
0.0539305454000097,0.03983071967274359
0.05117397347972321,0.0370741477524571
0.0465973821066089,0.03249755637934279
0.06430411866616113,0.05020429293889502
0.030904474031203156,0.016804648303937034
0.04268842436847561,0.028588598641209495
0.04215217578786401,0.028052350060597916
0.0563765947867639,0.042276769059497774
0.05533899028008017,0.04123916455281405
0.037846537057938105,0.02374671133067199
0.04764762228956483,0.033547796562298726
0.04517774609204166,0.031077920364775552
0.03953621335852564,0.025436387631259525
0.03730171065160864,0.023201884924342536
0.04879016362860757,0.03469033790134147
0.05466036675290935,0.04056054102564325
0.06092615391671364,0.046826328189447534
0.049699987469715434,0.035600161742449316
0.054418162067137885,0.04031833633987177
0.06481990166046553,0.05072007593319943
0.053156729735860046,0.03905690400859392
0.042528050625909974,0.028428224898643887
0.04624786600932225,0.03214804028205611
0.05474865821580784,0.040648832488541724
0.06727503085842527,0.05317520513115917
0.04613947031909675,0.03203964459183063
0.041690501389733146,0.027590675662467024
0.07177238210238795,0.05767255637512186
0.04582260186244762,0.031722776135181506
0.03260572486102156,0.01850589913375544
0.05714747674254778,0.04304765101528167
0.048746948727981756,0.03464712300071563
0.07807153860461019,0.06397171287734406
0.053829321015477855,0.03972949528821175
0.06603818463054807,0.05193835890328194
0.060010293076203716,0.045910467348937604
0.052211559128987985,0.03811173340172185
0.07046746238949288,0.05636763666222676
0.05032090120560447,0.03622107547833836
0.04711385686633351,0.03301403113906739
0.06834585554304637,0.05424602981578028
0.07608506675855516,0.061985241031289
0.06503310022341616,0.05093327449615003
0.05744202039661164,0.04334219466934555
0.056349757848751014,0.04224993212148491
0.05697274140860318,0.042872915681337075
0.0490323043411527,0.03493247861388658
0.059260404994440755,0.04516057926717464
0.04162090173320174,0.02752107600593563
0.05735328884767064,0.04325346312040454
0.05864920248618619,0.0445493767589201
0.046284361123376444,0.032184535396110325
0.042674960703191524,0.028575134975925433
0.052374556744772996,0.03827473101750689
0.04181339488674241,0.02771356915947628
0.06347366860775082,0.04937384288048469
0.06326273616043239,0.049162910433166264
0.06201387792418528,0.04791405219691917
0.04905910241899921,0.03495927669173312
0.05982867339972856,0.04572884767246246
0.06490869886053877,0.050808873133272654
0.06072615325507501,0.046626327527808896
0.05608948714556805,0.04198966141830194
0.06019594142821592,0.04609611570094979
0.04672725355977589,0.032627427832509784
0.049388226482766605,0.035288400755500486
0.057465226172330956,0.04336540044506485
0.06611840894599799,0.05201858321873187
0.045228956829931735,0.0311291311026656
0.062499829136525464,0.048400003409259325
0.04008855595428965,0.025988730227023523
0.06379470441191834,0.049694878684652236
0.054321225703859055,0.040221399976592964
0.05894349490584917,0.04484366917858306
0.04668816248052056,0.032588336753254434
0.04440662446778516,0.030306798740519045
0.07059383208588453,0.056494006358618426
0.06095963360142415,0.04685980787415804
0.0650652156848571,0.050965389957590986
0.054120068697768975,0.04002024297050287
0.0691821897254561,0.05508236399818999
0.0555915639939594,0.0414917382666933
0.04886009104816372,0.034760265320897606
0.053623077931947566,0.03952325220468145
0.058842709701361115,0.044742883974095
0.04823692603364029,0.03413710030637418
0.04095716620836338,0.026857340481097256
0.059806002903612265,0.04570617717634613
0.04764025130503804,0.03354042557777192
0.04422596789077348,0.030126142163507362
0.06028189063190513,0.04618206490463902
0.06706300770419577,0.05296318197692963
0.0658838886924437,0.05178406296517759
0.059885091662916244,0.04578526593565011
0.06784068456925038,0.05374085884198426
0.06708083950303305,0.05298101377576694
0.04221581217216415,0.02811598644489804
0.05696801128411781,0.042868185556851686
0.03904681874260341,0.0249469930153373
0.051572655083769965,0.03747282935650385
0.045389781383004986,0.03128995565573888
0.05705683830918511,0.04295701258191899
0.06963777524152275,0.055537949514256606
0.07830310298488567,0.06420327725761955
0.03671126793435689,0.022611442207090767
0.04430979014366233,0.0302099644163962
0.054834505899115295,0.04073468017184917
0.052979916782523,0.038880091055256874
0.053330685322830265,0.03923085959556413
0.05000882174204962,0.035908996014783486
0.042655718768956276,0.028555893041690154
0.06503425224747249,0.050934426520206355
0.04601674461373871,0.03191691888647258
0.06180724885013432,0.04770742312286824
0.03603346105434975,0.02193363532708362
0.05732689520320662,0.043227069475940544
0.058776117672253596,0.04467629194498749
0.03948785963131387,0.025388033904047754
0.0576125193307079,0.043512693603441774
0.045783849746160926,0.031684024018894814
0.05711234106643831,0.04301251533917219
0.0368410785780111,0.022741252850744964
0.05182418785378786,0.03772436212652175
0.04550166883031126,0.03140184310304515
0.055791035344785966,0.041691209617519875
0.07010540707367106,0.05600558134640496
0.05215396559573883,0.038054139868472725
0.03653966013890663,0.022439834411640512
0.03216263464655618,0.018062808919290067
0.0596917606466847,0.045591934919418584
0.05796875962621584,0.04386893389894973
0.03509620580349321,0.020996380076227113
0.05957258486184486,0.04547275913457873
0.050860232720530474,0.03676040699326437
0.060001574345447076,0.04590174861818097
0.062478057115116406,0.0483782313878503
0.04595188552892117,0.03185205980165505
0.053528559960225444,0.03942873423295934
0.04124877991395508,0.02714895418668898
0.07999838967522623,0.06589856394796013
0.05257301777654914,0.03847319204928302
0.06345483395496992,0.049355008227703806
0.06487544816695266,0.05077562243968655
0.04258443820290922,0.02848461247564313
0.06998007331612698,0.055880247588860885
0.08010868055639699,0.06600885482913085
0.06436923117186369,0.05026940544459756
0.04986445801202863,0.03576463228476251
0.04400289565755615,0.029903069930290044
0.06285389768704765,0.04875407195978152
0.05516414270991286,0.04106431698264676
0.06444212473133507,0.05034229900406895
0.06618273370125304,0.05208290797398695
0.06400616526824475,0.049906339540978624
0.05771498283676813,0.04361515710950203
0.06500991090678651,0.050910085179520385
0.053360807857061654,0.039260982129795556
0.041574780356181194,0.027474954628915093
0.04813325999713774,0.034033434269871606
0.06900371099740757,0.054903885270141464
0.05575947420588431,0.04165964847861821
0.06244689149196145,0.04834706576469534
0.06495733542795736,0.05085750970069123
0.062248579240478955,0.04814875351321283
0.04166764654706303,0.027567820819796918
0.0539839899192017,0.039884164191935585
0.047796971919194124,0.03369714619192801
0.04889910203044519,0.034799276303179055
0.05082029454496404,0.036720468817697936
0.045202052726855575,0.031102226999589432
0.044641169194599116,0.030541343467332997
0.06584082716191998,0.05174100143465388
0.060278898730507575,0.04617907300324147
0.06541073243315325,0.05131090670588714
0.05636042504841444,0.04226059932114834
0.04543891662562936,0.031339090898363245
0.05481210172185444,0.04071227599458832
0.06050418219689818,0.04640435646963206
0.04130155098222599,0.02720172525495986
0.05843293202708328,0.04433310629981718
0.05817500000196143,0.04407517427469532
0.060073486067702055,0.04597366034043594
0.0562505342166,0.042150708489333874
0.050619910020984364,0.036520084293718266
0.04987159338427507,0.03577176765700895
0.05439894858043386,0.04029912285316774
0.06054320683374003,0.04644338110647391
0.03915667261435374,0.02505684688708763
0.05677415675930372,0.04267433103203762
0.05101535685705507,0.036915531129788966
0.06552791835036506,0.05142809262309894
0.06193949028000124,0.04783966455273513
0.056192366612842014,0.0420925408855759
0.05089372116689252,0.0367938954396264
0.06810443598520101,0.05400461025793488
0.03354579717216342,0.019445971444897295
0.060984370733297495,0.04688454500603139
0.05110493401536628,0.037005108288100184
0.0496408903066165,0.03554106457935037
0.04098383090622175,0.026884005178955627
0.057967908993102696,0.04386808326583657
0.05627404821996188,0.04217422249269579
0.07123438029257247,0.05713455456530637
0.04564598855217367,0.03154616282490754
0.04790732969028427,0.03380750396301813
0.05062532650497263,0.03652550077770651
0.05503552869889635,0.04093570297163024
0.04820236902364124,0.03410254329637513
0.047264161031109114,0.033164335303843
0.0558630109315919,0.04176318520432578
0.05268700676483175,0.03858718103756563
0.05867984765250913,0.044580021925243025
0.03863192564533298,0.024532099918066853
0.044620131087338394,0.030520305360072286
0.03604147493490743,0.021941649207641304
0.07250329007022074,0.058403464342954625
0.04160197761431747,0.02750215188705135
0.06631504489779105,0.052215219170524935
0.07043126579554841,0.05633144006828232
0.06764787583630513,0.05354805010903903
0.07197901533978146,0.05787918961251533
0.044006749906577054,0.029906924179310942
0.042639383168516155,0.028539557441250033
0.04973577700614876,0.03563595127888264
0.051510171763504795,0.03741034603623868
0.06200521455503582,0.04790538882776969
0.04612338614694893,0.03202356041968282
0.05848945899962803,0.04438963327236194
0.05172999907581754,0.03763017334855141
0.04237523240024742,0.028275406672981312
0.0436492628000889,0.02954943707282279
0.05544392416821219,0.041344098440946074
0.0558214714988606,0.04172164577159451
0.058218258568542285,0.04411843284127617
0.0592823574964758,0.04518253176920968
0.05568836612561854,0.041588540398352414
0.05867158464622441,0.0445717589189583
0.08298266281398356,0.06888283708671743
0.05554911058635908,0.04144928485909298
0.06812998174941304,0.05403015602214692
0.049708646976559766,0.03560882124929366
0.07078666947597033,0.056686843748704224
0.06228995633118977,0.04819013060392365
0.04384656744901954,0.029746741721753445
0.0558077582459979,0.041707932518731804
0.05357603236487287,0.03947620663760678
0.0561184283410783,0.04201860261381219
0.07010927374244405,0.05600944801517793
0.054729518233103125,0.040629692505837006
0.050962550556071,0.03686272482880488
0.06152233241685366,0.04742250668958754
0.048413366450861174,0.03431354072359505
0.06594812818578763,0.05184830245852152
0.04840941705350359,0.03430959132623748
0.03797123084366471,0.023871405116398587
0.06079950672537122,0.046699680998105085
0.03378840670415849,0.01968858097689239
0.05571801192107426,0.04161818619380816
0.04380329889346997,0.02970347316620386
0.037513673332606266,0.023413847605340148
0.05255804995602499,0.038458224228758886
0.057552470995440475,0.043452645268174356
0.03696510313493204,0.02286527740766592
0.03972368307845868,0.025623857351192575
0.045113498359201386,0.031013672631935264
0.060063862151761196,0.04596403642449508
0.07081474376436143,0.05671491803709533
0.03765233815560101,0.023552512428334907
0.049726888609125684,0.03562706288185957
0.046133866700431146,0.032034040973165034
0.038332104331766426,0.02423227860450032
0.054716612575981975,0.04061678684871587
0.06719879104274187,0.05309896531547575
0.05969727581056599,0.045597450083299886
0.06716038153402504,0.05306055580675894
0.04729791830667533,0.033198092579409214
0.054644945941360434,0.04054512021409432
0.058593404524507904,0.04449357879724179
0.035909654066178597,0.02180982833891246
0.052739125015124115,0.038639299287858
0.05493380927191312,0.040833983544647026
0.05039543423138082,0.036295608504114694
0.063747760963074,0.04964793523580789
0.044536535454819746,0.030436709727553614
0.07877765465988686,0.0646778289326207
0.06254484625081813,0.04844502052355201
0.057556405539102885,0.04345657981183675
0.05784203748889886,0.04374221176163273
0.05335760058806005,0.03925777486079393
0.07274742327478258,0.058647597547516465
0.044956399996288546,0.030856574269022434
0.05852542034202657,0.04442559461476046
0.05101370605405403,0.03691388032678791
0.06960328239931758,0.055503456672051456
0.07470204171034253,0.06060221598307641
0.07270319542828474,0.058603369701018614
0.04127223257171252,0.02717240684444639
0.06538578691875205,0.05128596119148594
0.0431358096139572,0.02903598388669108
0.06554403702594962,0.051444211298683484
0.06066895310127534,0.04656912737400924
0.04691132963797464,0.03281150391070853
0.053634152317828886,0.03953432659056279
0.04555237098327365,0.03145254525600755
0.0632370763296901,0.049137250602423965
0.041290912162346455,0.02719108643508033
0.07211176581662372,0.05801194008935761
0.07822260851094648,0.0641227827836804
0.0560617458818303,0.041961920154564174
0.04626706606991951,0.032167240342653405
0.044953888499412856,0.03085406277214672
0.04845401123138551,0.034354185504119394
0.04696975297266338,0.03286992724539726
0.06249741507921566,0.04839758935194956
0.05601311515108637,0.04191328942382026
0.04004074430098997,0.02594091857372385
0.06069747999669463,0.04659765426942852
0.045498288156709296,0.031398462429443184
0.050815957821844504,0.036716132094578385
0.05335597867810016,0.03925615295083403
0.045160682027746625,0.031060856300480506
0.05907878114498498,0.044978955417718874
0.04831850088569696,0.03421867515843086
0.05243460157884205,0.03833477585157594
0.062294038326954876,0.04819421259968876
0.04401515320970274,0.02991532748243663
0.049045373212185016,0.03494554748491889
0.04551651663665389,0.03141669090938776
0.06310670660979352,0.0490068808825274
0.05641992317633648,0.04232009744907036
0.064843829983676,0.05074400425640988
0.047323154823798924,0.033223329096532805
0.05522757846397224,0.04112775273670612
0.07619446677367261,0.06209464104640648
0.03879904113802911,0.024699215410762993
0.057631546834032855,0.043531721106766744
0.04214340354188977,0.028043577814623667
0.0369614069139672,0.022861581186701087
0.05686780650474226,0.04276798077747614
0.07734685549295002,0.0632470297656839
0.04895980936273023,0.0348599836354641
0.03976737989135643,0.025667554164090327
0.07120856148755149,0.05710873576028536
0.06276524771994517,0.048665421992679064
0.054803014797894394,0.040703189070628275
0.05964283643171143,0.04554301070444532
0.048210199850628355,0.03411037412336224
0.0717807782372362,0.057680952509970095
0.057975019441758764,0.043875193714492645
0.06552313097879234,0.05142330525152623
0.044620134561796795,0.03052030883453068
0.0551537189962685,0.04105389326900239
0.050057989567665016,0.035958163840398925
0.03890633191956603,0.024806506192299915
0.06125509873914064,0.047155273011874534
0.05476884702741555,0.040669021300149426
0.047120755683863286,0.033020929956597174
0.055844941094902074,0.041745115367635956
0.05361395898602568,0.03951413325875955
0.06580322023094594,0.05170339450367984
0.04721258531180054,0.03311275958453442
0.0491180333819475,0.03501820765468139
0.050759232985398715,0.0366594072581326
0.07374506776615518,0.059645242038889094
0.04433498423717056,0.030235158509904457
0.06647526394884778,0.05237543822158168
0.053368560856137025,0.03926873512887092
0.05166791008104342,0.03756808435377732
0.07653084841254838,0.062431022685282285
0.03545434251172823,0.021354516784462128
0.056570052040280615,0.04247022631301448
0.056073253390261195,0.04197342766299509
0.04935035387243019,0.035250528145164085
0.06639882263119402,0.05229899690392791
0.057579015534285315,0.04347918980701922
0.06636664899088084,0.052266823263614745
0.047162805777196164,0.03306298004993006
0.054159728715434195,0.040059902988168056
0.04970711269074841,0.035607286963482296
0.054965244522386894,0.040865418795120775
0.07104659152367412,0.05694676579640801
0.05742477489745249,0.043324949170186366
0.05692969848198331,0.0428298727547172
0.05513834702905511,0.041038521301789
0.06660055932665183,0.05250073359938573
0.05434185348848153,0.04024202776121542
0.05506504747954529,0.040965221752279186
0.04099748850489538,0.02689766277762924
0.04392761504458286,0.029827789317316732
0.04966873573326449,0.03556891000599836
0.04794286680503375,0.03384304107776763
0.05421989559056725,0.040120069863301154
0.04472228329300482,0.030622457565738715
0.057332346817639025,0.04323252109037291
0.07470458825346984,0.060604762526203754
0.04732726295680902,0.03322743722954291
0.04183488363275686,0.02773505790549075
0.0659240562777269,0.0518242305504608
0.06459677702612472,0.05049695129885861
0.047590518813843574,0.033490693086577455
0.05145003320096177,0.03735020747369565
0.07419297544100001,0.060093149713733904
0.04939816865969588,0.035298342932429776
0.05446905719442592,0.0403692314671598
0.06600041429962204,0.05190058857235593
0.061972911454031485,0.04787308572676535
0.05173880630060538,0.037638980573339254
0.04736145841451015,0.033261632687244046
0.059975029660594655,0.045875203933328536
0.06445563126500287,0.05035580553773673
0.05861588039491007,0.04451605466764397
0.06114115072623131,0.04704132499896519
0.045850805872513105,0.031750980145246986
0.060727103187864055,0.04662727746059794
0.03760057808815336,0.02350075236088725
0.046347310395323325,0.0322474846680572
0.054958104362982256,0.040858278635716165
0.04973540030553711,0.035635574578270976
0.057185871304228766,0.04308604557696266
0.08073509385495678,0.06663526812769067
0.05797770312101164,0.04387787739374549
0.0666137777524097,0.052513952025143584
0.06392459326578324,0.04982476753851713
0.059825644263317476,0.045725818536051364
0.045389019011820506,0.0312891932845544
0.06620495951465971,0.0521051337873936
0.053768710454865656,0.03966888472759953
0.0687125580368043,0.0546127323095382
0.05932556247565242,0.04522573674838632
0.059537136080719075,0.04543731035345294
0.05589387480416306,0.041794049076896926
0.03672423547254421,0.022624409745278122
0.05634476344061344,0.04224493771334735
0.050544263649164055,0.03644443792189793
0.05636468406616869,0.042264858338902575
0.056681141440288886,0.042581315713022774
0.04642418731548385,0.032324361588217734
0.07164987596025221,0.057550050232986066
0.04196539182325889,0.02786556609599278
0.05018143221411453,0.036081606486848404
0.04373327922309363,0.029633453495827522
0.0648991647353748,0.05079933900810868
0.0441131989447339,0.030013373217467797
0.045669688459844614,0.03156986273257852
0.0599983844615757,0.045898558734309605
0.05643190556630778,0.042332079839041685
0.05262406339936231,0.038524237672096194
0.04356228618282127,0.029462460455555155
0.06328806863401744,0.04918824290675132
0.0485448973702563,0.03444507164299018
0.06573110737157602,0.05163128164430991
0.046379520748234974,0.03227969502096884
0.051224326073109505,0.03712450034584339
0.06527819253772323,0.05117836681045709
0.04771318706455593,0.033613361337289815
0.0502892796507182,0.036189453923452075
0.05395575693286001,0.039855931205593886
0.06040774835778016,0.04630792263051404
0.0687228010683557,0.05462297534108959
0.05328074798272291,0.03918092225545681
0.040206203914342,0.026106378187075886
0.0625277541626459,0.04842792843537978
0.06660234854833338,0.052502522821067266
0.05490842685898163,0.040808601131715506
0.07022642187716398,0.05612659614989785
0.06352012411687066,0.04942029838960455
0.05233243118496101,0.03823260545769489
0.03327194014421345,0.019172114416947335
0.05511478019899939,0.041014954471733256
0.06841244208751522,0.054312616360249096
0.06275262960135074,0.048652803874084605
0.06396754876148972,0.04986772303422363
0.04417190620286572,0.03007208047559962
0.05305848788604245,0.03895866215877637
0.044024463964673036,0.029924638237406927
0.053919530456229964,0.03981970472896385
0.05680210889270149,0.04270228316543538
0.03809787305061024,0.02399804732334414
0.06184173989418672,0.04774191416692062
0.05391302400576084,0.039813198278494735
0.04052089435675634,0.026421068629490237
0.06425538110479338,0.050155555377527236
0.05822221563089606,0.044122389903629974
0.05122024676396326,0.03712042103669714
0.05385255579188021,0.039752730064614085
0.057814230662832165,0.04371440493556606
0.06891862932836945,0.054818803601103354
0.04399803098911245,0.029898205261846347
0.044076341207559516,0.029976515480293404
0.055622906110896875,0.04152308038363075
0.08077383524887578,0.06667400952160966
0.05242385154858539,0.03832402582131929
0.05553236045780922,0.0414325347305431
0.05747840976301222,0.04337858403574609
0.04007035301279138,0.025970527285525274
0.04501655193970037,0.030916726212434267
0.06518143954232485,0.05108161381505874
0.029239676117322824,0.015139850390056707
0.05305860899679296,0.03895878326952684
0.04601121538756985,0.031911389660303734
0.0720485985508494,0.057948772823583294
0.047766182990764953,0.033666357263498856
0.07013538541461925,0.05603555968735317
0.04150294451196522,0.027403118784699122
0.04554920979242763,0.031449384065161526
0.06458461843825128,0.05048479271098516
0.04305413599209555,0.028954310264829426
0.043854871919519305,0.029755046192253186
0.05396097498609229,0.03986114925882618
0.06778289118424692,0.0536830654569808
0.07559698410631813,0.061497158379052
0.062438935050072294,0.04833910932280617
0.046203751650808866,0.032103925923542755
0.03715097842441968,0.02305115269715356
0.05880872169762101,0.04470889597035492
0.042624831579125215,0.028525005851859103
0.06468334145612183,0.05058351572885571
0.056103031422381246,0.04200320569511512
0.060022183206206094,0.04592235747893999
0.05164551606254934,0.03754569033528322
0.058813299345251084,0.044713473617984965
0.05300893440153204,0.03890910867426591
0.04677440407074017,0.03267457834347406
0.03828583065472278,0.024186004927456636
0.06659236720502643,0.05249254147776032
0.05925857480164519,0.04515874907437909
0.057296614136086776,0.04319678840882068
0.051764537151691485,0.03766471142442539
0.05199499223345548,0.03789516650618937
0.053075772486639486,0.03897594675937337
0.05754572948388102,0.043445903756614924
0.08099680678154543,0.0668969810542793
0.04921463301900189,0.035114807291735786
0.08331295335560177,0.06921312762833565
0.06662142203103687,0.05252159630377077
0.041841628777076166,0.027741803049810054
0.04655122270682447,0.03245139697955837
0.07152464643421846,0.05742482070695235
0.06484268097782486,0.05074285525055869
0.05851178924229736,0.044411963515031266
0.06061102729880737,0.04651120157154129
0.04979837523483545,0.03569854950756935
0.047848816914166335,0.03374899118690023
0.05549278124397365,0.04139295551670755
0.04961438997185859,0.03551456424459249
0.0526648751052195,0.038565049377953395
0.045899731605148375,0.031799905877882284
0.048507038647086984,0.03440721291982088
0.06205633929411893,0.04795651356685281
0.0391794793656734,0.02507965363840727
0.0424198608149111,0.02832003508764499
0.0588378495489866,0.04473802382172047
0.0793381652178874,0.06523833949062131
0.05792090555235538,0.04382107982508925
0.04328621981940289,0.029186394092136764
0.0503182566191041,0.03621843089183798
0.03519356071213712,0.021093734984870993
0.060292291214695024,0.046192465487428926
0.0675522743322011,0.05345244860493496
0.04632401128436127,0.03222418555709514
0.051006086339496014,0.036906260612229916
0.052405930688679526,0.03830610496141341
0.07383881108110806,0.05973898535384195
0.03990878698732738,0.025808961260061283
0.08362655716688401,0.06952673143961786
0.049879109954196,0.03577928422692988
0.04830277004561208,0.03420294431834599
0.05734546957023564,0.04324564384296955
0.055881598165754616,0.04178177243848852
0.0388436335337503,0.02474380780648417
0.0666446663495146,0.05254484062224845
0.05999694413784353,0.0458971184105774
0.04627739030857064,0.032177564581304545
0.04208388002030646,0.027984054293040368
0.048421088024998955,0.034321262297732844
0.06582080823542658,0.05172098250816045
0.05439684399581068,0.04029701826854456
0.043212086359942684,0.029112260632676572
0.031062991003898175,0.01696316527663207
0.03612662328863656,0.02202679756137045
0.05387144740927178,0.03977162168200569
0.05745964899102994,0.04335982326376383
0.07932218767615423,0.06522236194888816
0.05135647285717303,0.03725664712990691
0.0457607227775517,0.031660897050285595
0.06425193197026842,0.0501521062430023
0.03707295110069625,0.022973125373430145
0.05132637927014758,0.037226553542881485
0.05582847635664931,0.041728650629383184
0.05901499954875421,0.04491517382148808
0.057260181111528766,0.04316035538426267
0.05815798896074516,0.04405816323347904
0.05872294131903135,0.044623115591765246
0.05358783730177038,0.03948801157450427
0.04421330849585229,0.030113482768586178
0.0638738720172832,0.04977404629001709
0.035060005787669206,0.02096018006040308
0.047251677656817155,0.03315185192955104
0.055959408259226705,0.041859582531960586
0.055606769152811715,0.041506943425545596
0.04671901300293945,0.032619187275673346
0.06071669137228138,0.04661686564501528
0.05147774687681775,0.037377921149551636
0.05993982977289099,0.045840004045624896
0.057744294196176604,0.04364446846891047
0.07037593033275015,0.05627610460548404
0.05731964447250839,0.04321981874524226
0.05185811020505388,0.03775828447778777
0.05981705026557022,0.04571722453830412
0.06337287250898915,0.04927304678172304
0.06102700126345585,0.04692717553618973
0.04004852520608754,0.0259486994788214
0.05511311562240332,0.04101328989513721
0.046470866589378663,0.032371040862112566
0.05860882651226368,0.04450900078499757
0.05574602977950675,0.04164620405224063
0.034530580070069324,0.02043075434280322
0.04181979450423708,0.027719968776970964
0.05071440519381791,0.03661457946655179
0.055667217750083584,0.04156739202281748
0.065147877899865,0.0510480521725989
0.05769629189113274,0.04359646616386663
0.04855290688781595,0.03445308116054985
0.051316419739597254,0.037216594012331135
0.042712076983510885,0.02861225125624476
0.05367387545750751,0.0395740497302414
0.048882407195968085,0.03478258146870199
0.0496806012195702,0.035580775492304095
0.031669296588633794,0.017569470861367682
0.05270167453211708,0.03860184880485095
0.045987376776926894,0.03188755104966078
0.05053395509219582,0.036434129364929714
0.06141529568221052,0.047315469954944414
0.05518529352866791,0.041085467801401813
0.04980734125770174,0.035707515530435635
0.041811768816858275,0.027711943089592163
0.06115900838426588,0.047059182656999765
0.045936059884626464,0.031836234157360324
0.05149340337468923,0.03739357764742312
0.05406108016830171,0.039961254441035585
0.07120527236584936,0.05710544663858326
0.04324307116723282,0.0291432454399667
0.06056125533439837,0.04646142960713226
0.05850888640282816,0.044409060675562065
0.07133604030932446,0.057236214582058347
0.06769941847586973,0.053599592748603625
0.07197081005174565,0.057870984324479506
0.043372870327855036,0.029273044600588917
0.04543019853450336,0.03133037280723725
0.048430472927456676,0.03433064720019057
0.0354017692795684,0.02130194355230229
0.04594135907368882,0.03184153334642271
0.05369389560448274,0.03959406987721664
0.052021233663820214,0.03792140793655411
0.052993182111435236,0.03889335638416913
0.07377822618795737,0.05967840046069128
0.05233235569437991,0.03823252996711381
0.03262258852324578,0.018522762795979673
0.0416752413903809,0.02757541566311479
0.04321675718752812,0.029116931460262008
0.052741794142911635,0.03864196841564551
0.04093677809294711,0.026836952365681014
0.042695689451610994,0.028595863724344882
0.04736321100634331,0.03326338527907719
0.044011549069229015,0.029911723341962893
0.06353028093922661,0.0494304552119605
0.04577628575920387,0.031676460031937775
0.04958022933605989,0.03548040360879376
0.05146668791192951,0.03736686218466337
0.052400026261046125,0.03830020053378002
0.05667472488596775,0.04257489915870163
0.06733624546617172,0.0532364197389056
0.03416977227107369,0.020069946543807584
0.04002487809800379,0.02592505237073768
0.06744139521425939,0.0533415694869933
0.0719262362346338,0.057826410507367705
0.039868337109188606,0.025768511381922505
0.05614539642320009,0.04204557069593399
0.05745612771586136,0.04335630198859524
0.05181845764580407,0.03771863191853798
0.05086008315831865,0.03676025743105254
0.06949263151290301,0.05539280578563689
0.05785036300588072,0.043750537278614623
0.06210900560199857,0.04800917987473244
0.057367146255995434,0.04326732052872931
0.049274985164951504,0.03517515943768539
0.0491277975129748,0.0350279717857087
0.0626384364576162,0.048538610730350075
0.061914152046495356,0.04781432631922923
0.05809016882908038,0.04399034310181425
0.05743289835684399,0.04333307262957788
0.04852238029438247,0.03442255456711635
0.06344719671010696,0.04934737098284084
0.05603733428814848,0.041937508560882374
0.06003805212749105,0.045938226400224935
0.04420336490094787,0.030103539173681734
0.04222112255909057,0.028121296831824478
0.08647454999079275,0.07237472426352666
0.05978965496667241,0.04568982923940628
0.059942970309138685,0.04584314458187258
0.06973644437357492,0.055636618646308804
0.049120626622064886,0.035020800894798754
0.059645890255218666,0.04554606452795254
0.05657949068854249,0.04247966496127639
0.05504725309172045,0.04094742736445434
0.05069445337958769,0.03659462765232157
0.05435062356272224,0.04025079783545612
0.04070699108261707,0.02660716535535096
0.05311542352962246,0.03901559780235636
0.04214999755790931,0.028050171830643185
0.052292521231273946,0.03819269550400783
0.05715126367247636,0.04305143794521024
0.04830692309261488,0.034207097365348764
0.05425478603601148,0.04015496030874535
0.044073494308852774,0.02997366858158666
0.0417400265999247,0.027640200872658595
0.05804185563406881,0.04394202990680271
0.05930009888511732,0.045200273157851203
0.05464852556683913,0.04054869983957302
0.05157935679363288,0.03747953106636676
0.052068697250241054,0.037968871522974956
0.05279074270848667,0.03869091698122056
0.04941842396564555,0.03531859823837943
0.05904445921749575,0.04494463349022965
0.04470073238575769,0.03060090665849158
0.05185280134107719,0.037752975613811066
0.057700067685116214,0.04360024195785011
0.050819428668127976,0.03671960294086186
0.04775646443864539,0.03365663871137927
0.04542754468171184,0.03132771895444574
0.049908722474992624,0.03580889674772649
0.04683440783703132,0.03273458210976518
0.054640799829576654,0.04054097410231053
0.0702311922301448,0.05613136650287866
0.06841069237413722,0.0543108666468711
0.05729103747725665,0.04319121174999052
0.05847769406862335,0.04437786834135725
0.05001566499108732,0.03591583926382122
0.06690517573789287,0.05280535001062675
0.05476158912294238,0.04066176339567628
0.06332823348807441,0.04922840776080828
0.056311341948808366,0.04221151622154226
0.07330809159375419,0.05920826586648807
0.06048561301892759,0.04638578729166148
0.04619038583366558,0.03209056010639948
0.04423328545015991,0.03013345972289379
0.04296882006718138,0.02886899433991527
0.05419237430853845,0.040092548581272335
0.04765238889314892,0.03355256316588283
0.06198064988171858,0.04788082415445248
0.06132117051683443,0.04722134478956832
0.056447843776155644,0.042348018048889526
0.06589407474468863,0.051794249017422495
0.06138896347157957,0.04728913774431346
0.05971640676698373,0.04561658103971761
0.06659314987896042,0.052493324151694304
0.02943814363752098,0.01533831791025487
0.05772732938052709,0.043627503653260985
0.05821267941670117,0.044112853689435065
0.058999238339529386,0.04489941261226328
0.04134839171115823,0.02724856598389213
0.034015121046930705,0.019915295319664596
0.05401680705497919,0.03991698132771307
0.0562087824822617,0.04210895675499558
0.06590791616128855,0.05180809043402245
0.050181963860832506,0.036082138133566394
0.06126433084511342,0.04716450511784731
0.04856365444730925,0.03446382872004314
0.0386797056365102,0.024579879909244085
0.04836813534873955,0.03426830962147343
0.05740688285438938,0.04330705712712326
0.058388000053531446,0.044288174326265334
0.04011313361961422,0.026013307892348108
0.048083648913328954,0.033983823186062835
0.05660396270142201,0.042504136974155914
0.05654406800119374,0.04244424227392762
0.04546874645427328,0.03136892072700716
0.05985407633349148,0.04575425060622536
0.057155490043394916,0.043055664316128804
0.056212439124832134,0.04211261339756602
0.05138803183979928,0.03728820611253317
0.05206004287870472,0.03796021715143861
0.06188841970642849,0.047788593979162367
0.056662958817198586,0.04256313308993246
0.04545205362624124,0.03135222789897514
0.061415604169160296,0.047315778441894205
0.05140165502867022,0.03730182930140412
0.05715611315996717,0.04305628743270109
0.055385103886096104,0.04128527815882997
0.04674923104920709,0.03264940532194097
0.049057549821607906,0.034957724094341794
0.06802506995148301,0.053925244224216934
0.05355947955132725,0.03945965382406113
0.05385596937923269,0.039756143651966586
0.05751556834473794,0.04341574261747183
0.04805513012419929,0.03395530439693317
0.04987068151544861,0.03577085578818251
0.05140764080257472,0.03730781507530861
0.07855921827886243,0.0644593925515963
0.061987037075043196,0.047887211347777105
0.0724196475692704,0.05831982184200428
0.06057752613820846,0.046477700410942326
0.04092971117169203,0.026829885444425914
0.06920671330224555,0.05510688757497945
0.06643749074190046,0.052337665014634376
0.05425511591185842,0.0401552901845923
0.042221034218171756,0.028121208490905644
0.07160907064302577,0.05750924491575965
0.059272867690573806,0.045173041963307695
0.053424682364627066,0.03932485663736094
0.06033126021634031,0.04623143448907422
0.048630562539291954,0.034530736812025835
0.06568788842386312,0.05158806269659703
0.07636828169472862,0.062268455967462485
0.03271686098297731,0.018617035255711213
0.049415273184872446,0.035315447457606335
0.06996331931664398,0.05586349358937786
0.048104835927334576,0.03400501020006846
0.055750881686089285,0.04165105595882319
0.05727798075003652,0.0431781550227704
0.029257073449110743,0.015157247721844612
0.05930505821486848,0.04520523248760236
0.03418187978776491,0.020082054060498795
0.05107039517451447,0.036970569447248365
0.05225164794135667,0.03815182221409056
0.054852981808361706,0.040753156081095594
0.07635448873064166,0.06225466300337554
0.0697343901368173,0.05563456440955118
0.06924573852547632,0.0551459127982102
0.049682575226624205,0.03558274949935811
0.05890945599445853,0.04480963026719241
0.04319020973009126,0.029090384002825147
0.06126183325087188,0.04716200752360578
0.052384939964577285,0.03828511423731117
0.04524792097711928,0.031148095249853174
0.061940605118621934,0.04784077939135583
0.0663829957231818,0.0522831699959157
0.04743678687792583,0.03333696115065973
0.036710659605870145,0.022610833878604027
0.05789144190886237,0.04379161618159626
0.05974368582546963,0.04564386009820353
0.0425207276521103,0.02842090192484419
0.04720940960700315,0.033109583879737045
0.035589334881466456,0.02148950915420032
0.06525286791834167,0.05115304219107557
0.047007948364778486,0.032908122637512374
0.05880495530935522,0.04470512958208911
0.05346051238466367,0.03936068665739756
0.06605220962777095,0.051952383900504856
0.03808403191773876,0.023984206190472666
0.05947976783150533,0.04537994210423923
0.05048640894722199,0.03638658321995589
0.051359496259406716,0.037259670532140604
0.057852655137772435,0.04375282941050631
0.05061969143595099,0.03651986570868489
0.04393450787673369,0.029834682149467558
0.04469371249404981,0.03059388676678368
0.05739644464303214,0.043296618915766014
0.06360036826495308,0.04950054253768695
0.05251250640495271,0.03841268067768658
0.06816456794174183,0.05406474221447571
0.058323638517018835,0.04422381278975272
0.06243856966863694,0.04833874394137081
0.03416679533511792,0.020066969607851814
0.046109545142057236,0.03200971941479113
0.061704984278004416,0.04760515855073829
0.08283359049634918,0.06873376476908309
0.04984629752502756,0.035746471797761456
0.05811848762143315,0.04401866189416703
0.06380100576947607,0.04970118004220996
0.049841567426049574,0.035741741698783455
0.04495043472730009,0.030850609000033988
0.04464736666968603,0.030547540942419908
0.05240447028148979,0.03830464455422368
0.05011755301716647,0.03601772728990035
0.0434212770272293,0.0293214512999632
0.07245236595664066,0.05835254022937454
0.06801816171422626,0.05391833598696011
0.049195798254416154,0.03509597252715006
0.04410787429130484,0.030008048564038735
0.06055776525133718,0.04645793952407107
0.049373825945653024,0.03527400021838691
0.05428473300807488,0.040184907280808764
0.0596462755647758,0.04554644983750969
0.05386889528328016,0.03976906955601405
0.05775050501219243,0.043650679284926296
0.05477409122558543,0.04067426549831934
0.06395428640406894,0.04985446067680282
0.054774655230499195,0.04067482950323309
0.0510284672800821,0.03692864155281597
0.06945042198123376,0.05535059625396763
0.07499547305397099,0.06089564732670489
0.060350935740896894,0.04625111001363079
0.05917621490041297,0.045076389173146866
0.058462134622869165,0.04436230889560304
0.05191993362650585,0.037820107899239744
0.0415347267184695,0.02743490099120338
0.06301967136077163,0.04891984563350553
0.06606696170048991,0.051967135973223805
0.05702422189585226,0.042924396168586135
0.06059781404219399,0.04649798831492789
0.044219390031749344,0.030119564304483242
0.05008588607702031,0.0359860603497542
0.05659317299358694,0.04249334726632083
0.048960251390781945,0.03486042566351584
0.04670902662242575,0.03260920089515962
0.02973057146177773,0.01563074573451161
0.06683171573207596,0.05273189000480985
0.04477837095120322,0.03067854522393711
0.04120310678943241,0.027103281062166293
0.06338423151484841,0.049284405787582294
0.05761834628788988,0.04351852056062377
0.042799625957701114,0.028699800230435012
0.04876931615886892,0.034669490431602806
0.05359730747648752,0.039497481749221415
0.07681939182165079,0.06271956609438468
0.03746531959370818,0.02336549386644206
0.048986218383831964,0.03488639265656585
0.051296639950697324,0.03719681422343121
0.06362357022391205,0.049523744496645906
0.047791232495438506,0.033691406768172394
0.036242645673573645,0.022142819946307526
0.05775005567208521,0.04365022994481908
0.06922262037486179,0.05512279464759567
0.050182283900560974,0.036082458173294855
0.04518099210568778,0.031081166378421676
0.04964362648927402,0.03554380076200791
0.05134938723689791,0.03724956150963179
0.0683295420630371,0.05422971633577098
0.04948740200156835,0.03538757627430223
0.05749949230715969,0.04339966657989357
0.05240819788653983,0.03830837215927373
0.051826729962801424,0.037726904235535305
0.04890531201648338,0.03480548628921727
0.06961753216897845,0.055517706441712326
0.053035784053672125,0.038935958326406006
0.05840916004836575,0.04430933432109964
0.05278903754095704,0.03868921181369093
0.05089571560743662,0.03679588988017052
0.04051166690124463,0.026411841173978497
0.050162353616907226,0.0360625278896411
0.0545604684429834,0.04046064271571726
0.04171025147110604,0.027610425743839928
0.07407328707829797,0.05997346135103186
0.04335508005842367,0.029255254331157568
0.0641694541602835,0.0500696284330174
0.06244112530400897,0.04834129957674287
0.0826295744008614,0.06852974867359529
0.04226892365026415,0.02816909792299805
0.047608669920636476,0.033508844193370364
0.06358744907216465,0.049487623344898535
0.04387282124632579,0.02977299551905967
0.05700221462505297,0.042902388897786845
0.043670690821124465,0.029570865093858357
0.039523218439978275,0.02542339271271216
0.05023981141842002,0.036139985691153904
0.05974862087708295,0.045648795149816866
0.05922767594749081,0.0451278502202247
0.03955443631625921,0.025454610588993107
0.034536725133544034,0.020436899406277926
0.06165160871268575,0.047551782985419656
0.054053925687943094,0.03995409996067701
0.036458658436410905,0.022358832709144787
0.054653473193048696,0.0405536474657826
0.03659728012506576,0.022497454397799634
0.047668056659571266,0.033568230932305154
0.05418769858728838,0.04008787286002227
0.05716048352723941,0.0430606577999733
0.06158299371851914,0.047483167991253045
0.056127052726532754,0.042027226999266636
0.061446268991831234,0.04734644326456511
0.06443008716810683,0.050330261440840726
0.0403480130050969,0.02624818727783077
0.047444901527398525,0.033345075800132414
0.05628474928416013,0.042184923556894016
0.0632749024810537,0.049175076753787565
0.052898452252606726,0.038798626525340614
0.05169844930006156,0.03759862357279547
0.049848978530572095,0.03574915280330598
0.05840701185537535,0.044307186128109244
0.055735054903678,0.041635229176411895
0.03482178827946727,0.02072196255220115
0.05553383659988187,0.04143401087261576
0.06138017471342011,0.04728034898615398
0.06419152842054371,0.050091702693277576
0.06182426466130917,0.04772443893404307
0.06276038316240445,0.04866055743513836
0.03315871882066575,0.019058893093399632
0.048154114212454906,0.0340542884851888
0.04465171387172887,0.030551888144462747
0.05466569630362826,0.040565870576362156
0.05580142643496818,0.04170160070770207
0.05208892231122547,0.03798909658395935
0.04453880888571703,0.030438983158450915
0.07526492703181076,0.061165101304544646
0.04098433826212388,0.026884512534857775
0.04973376719596519,0.035633941468699075
0.05470787854442111,0.040608052817155
0.06770125454468265,0.05360142881741651
0.055107096148195055,0.04100727042092896
0.07329196339709937,0.059192137669833264
0.0640630574168042,0.04996323168953808
0.06320812740740343,0.049108301680137315
0.04388754122984177,0.02978771550257565
0.06276160129243052,0.048661775565164406
0.038024593664604166,0.023924767937338044
0.0462610940475251,0.032161268320259
0.047938782997442045,0.03383895727017591
0.045695486375204215,0.03159566064793809
0.06231019501127185,0.048210369284005745
0.05317377190149096,0.03907394617422485
0.06168454449890871,0.047584718771642553
0.06008644484276782,0.04598661911550171
0.06769770846800106,0.05359788274073497
0.06009789865125473,0.045998072923988616
0.03982753270669755,0.025727706979431438
0.06641729463097265,0.05231746890370656
0.048442813633878506,0.0343429879066124
0.05462823819293801,0.0405284124656719
0.0475285173509108,0.03342869162364468
0.038789396483590394,0.02468957075632429
0.046678133433922096,0.032578307706655985
0.03770508154682086,0.023605255819554753
0.05038605540513117,0.03628622967786507
0.057723601328977386,0.04362377560171128
0.05137365995172222,0.03727383422445613
0.03536354837772397,0.021263722650457836
0.0461546696226746,0.03205484389540848
0.06319920237586132,0.049099376648595185
0.04645177707258157,0.03235195134531547
0.0605310225406303,0.04643119681336422
0.056638923304719466,0.04253909757745336
0.07604225467708425,0.061942428949818135
0.04544424057505716,0.03134441484779106
0.060255112540110733,0.0461552868128446
0.06548832708546401,0.051388501358197905
0.05273944103115146,0.03863961530388535
0.04454863933460323,0.030448813607337123
0.07076618140909147,0.05666635568182531
0.05619768232887026,0.042097856601604165
0.0549282498939083,0.040828424166642216
0.046198823811769534,0.032098998084503436
0.05671645525714182,0.04261662952987569
0.06090508795926154,0.04680526223199542
0.044078390824374966,0.029978565097108844
0.05419957972506408,0.04009975399779795
0.05624984183149566,0.04215001610422957
0.03186041228214758,0.017760586554881483
0.04466624301011053,0.030566417282844413
0.060285433446739665,0.046185607719473554
0.0703332531918125,0.0562334274645464
0.04723528901902772,0.03313546329176161
0.06063264355571161,0.0465328178284455
0.0327329870690172,0.01863316134175108
0.055800438663202404,0.0417006129359363
0.04672907289889662,0.032629247171630515
0.06024558079365114,0.04614575506638501
0.0736237979894325,0.05952397226216641
0.04561103425044864,0.03151120852318252
0.052191243405624026,0.0380914176783579
0.07238565461959875,0.05828582889233265
0.04679046460198214,0.03269063887471603
0.039051731301484795,0.024951905574218683
0.06834904315675883,0.05424921742949274
0.043902098263455445,0.029802272536189337
0.06129539494616773,0.04719556921890162
0.05398563682739849,0.03988581110013237
0.05787217341388173,0.04377234768661562
0.053964587724455254,0.039864761997189184
0.043028394096461586,0.02892856836919547
0.08188863395662972,0.06778880822936362
0.056862058705105994,0.04276223297783989
0.05719129962409746,0.043091473896831343
0.05137746797168052,0.0372776422444144
0.04861982258406952,0.034519996856803424
0.07673985627104829,0.06264003054378216
0.05303286494931593,0.03893303922204981
0.046230580028714316,0.0321307543014482
0.03729769695670147,0.02319787122943536
0.04047160930306836,0.026371783575802235
0.06758300514982046,0.053483179422554365
0.050728241682725765,0.03662841595545965
0.07246759916527684,0.05836777343801076
0.0649880737763785,0.05088824804911236
0.05907843325745645,0.04497860753019034
0.05490416164090072,0.040804335913634616
0.04820362742322998,0.03410380169596387
0.06993087761919406,0.055831051891927934
0.052398750776247116,0.038298925048981004
0.037515843386929676,0.02341601765966357
0.044266970338525294,0.030167144611259175
0.043320424996438955,0.029220599269172833
0.048375432672112605,0.03427560694484649
0.07278459968063211,0.058684773953366
0.052051157569872844,0.03795133184260674
0.0491269931682928,0.0350271674410267
0.06774662481211559,0.053646799084849484
0.06358758224052098,0.04948775651325488
0.04520321140241748,0.031103385675151366
0.04954251344455479,0.03544268771728868
0.06262681125229286,0.04852698552502673
0.03658473873751655,0.022484913010250435
0.06773573745936945,0.05363591173210331
0.051041805386636586,0.0369419796593705
0.05059260860072895,0.03649278287346284
0.06961105641887509,0.05551123069160899
0.06306052948305602,0.04896070375578988
0.05580145777384978,0.04170163204658366
0.04646667705013118,0.03236685132286505
0.055988743836952896,0.04188891810968678
0.057983648428324985,0.04388382270105886
0.044521118047325184,0.030421292320059072
0.06087930271708701,0.046779476989820906
0.05044496579403403,0.03634514006676793
0.06075155065309831,0.046651724925832236
0.06443921722092812,0.05033939149366201
0.06292165006446689,0.04882182433720077
0.05795354184931564,0.04385371612204952
0.055064953109331696,0.04096512738206559
0.04608772848741081,0.03198790276014469
0.03492736639786709,0.020827540670600997
0.05835159016638293,0.04425176443911681
0.04606443705910046,0.03196461133183435
0.05545625440963904,0.04135642868237293
0.06279419246405826,0.04869436673679214
0.06783542827416883,0.053735602546902704
0.05181961957466718,0.03771979384740104
0.07386720203958508,0.05976737631231895
0.04751459186263315,0.033414766135367036
0.0589136596141171,0.04481383388685097
0.05008590202859395,0.03598607630132782
0.06074761404790343,0.04664778832063736
0.064561421188797,0.050461595461530895
0.04180129007509211,0.027701464347826003
0.05211198937725852,0.03801216364999241
0.04296776875829827,0.02886794303103218
0.05189369890214813,0.03779387317488202
0.06114974676649643,0.0470499210392303
0.04368993351676706,0.02959010778950094
0.04962649284881947,0.03552666712155336
0.07065915938762479,0.056559333660358674
0.0644570291766783,0.0503572034494122
0.062355348241803187,0.048255522514537054
0.06912217082921418,0.05502234510194806
0.04313955960596589,0.02903973387869978
0.04854223468914532,0.034442408961879195
0.027138102418742403,0.013038276691476284
0.054042723818547495,0.03994289809128139
0.05710683137828922,0.0430070056510231
0.045748615987579275,0.031648790260313184
0.033626744328558,0.0195269186012919
0.054571641268890275,0.04047181554162416
0.060888604797121486,0.046788779069855374
0.05375202936268926,0.03965220363542315
0.05101429395280743,0.03691446822554135
0.051239047847752774,0.03713922212048667
0.0663430397275387,0.0522432140002726
0.07446775258573068,0.060367926858464586
0.0753932144938562,0.061293388766590115
0.05267290719800953,0.038573081470743426
0.06536033516359832,0.05126050943633221
0.04844453808336919,0.03434471235610307
0.0630187434128085,0.04891891768554237
0.06432340487869935,0.05022357915143323
0.050497494848354495,0.03639766912108841
0.06112857578221719,0.047028750054951066
0.05175067346852333,0.0376508477412572
0.0654048461516614,0.051305020424395276
0.058367129374744524,0.044267303647478405
0.0580972011099539,0.04399737538268779
0.05797231564691779,0.04387248991965169
0.05317890779045853,0.03907908206319241
0.06121326417218328,0.04711343844491718
0.03266272533651501,0.01856289960924888
0.0603728108295824,0.04627298510231629
0.04125455663854936,0.027154730911283235
0.04424478395138125,0.03014495822411512
0.0485918361324186,0.034492010405152485
0.05987256640472863,0.04577274067746251
0.04570722240879693,0.031607396681530814
0.035768191903599755,0.02166836617633363
0.06823917184928208,0.054139346122015965
0.06262660366813368,0.04852677794086759
0.057325347945790944,0.043225522218524826
0.07798857614067103,0.06388875041340492
0.03205221913842695,0.01795239341116084
0.05692595078303533,0.04282612505576923
0.0543055423675492,0.040205716640283086
0.05478398858280288,0.04068416285553677
0.050248108740518396,0.03614828301325228
0.06350100742340314,0.04940118169613705
0.06108412055550585,0.046984294828239744
0.06015582974037744,0.046056004013111315
0.04524278844303297,0.03114296271576685
0.05971285133669989,0.04561302560943378
0.04916980241499675,0.03506997668773064
0.03457170635343527,0.020471880626169163
0.052844869489955294,0.03874504376268918
0.04674114568912953,0.03264131996186341
0.07005413086959728,0.05595430514233116
0.053191862523011446,0.03909203679574536
0.0577112376625115,0.0436114119352454
0.07226293423647646,0.05816310850921035
0.04832231640449394,0.034222490677227824
0.0551517325623965,0.041051906835130395
0.06312002091586391,0.04902019518859781
0.047210973306326266,0.03311114757906014
0.054205782465926874,0.04010595673866076
0.04895331985681246,0.03485349412954634
0.04306911643974437,0.028969290712478262
0.0695027584138385,0.055402932686572426
0.06771321161294389,0.053613385885677746
0.06163747953822247,0.04753765381095635
0.050690990787227136,0.03659116505996101
0.04088846638180205,0.02678864065453596
0.0576042190641277,0.043504393336861596
0.06461687112051814,0.05051704539325202
0.08460436860211415,0.07050454287484803
0.06646771953944176,0.052367893812175645
0.046669910299903625,0.03257008457263751
0.06594887973836121,0.051849054011095075
0.05908637324624463,0.04498654751897852
0.039729958994628195,0.02563013326736208
0.05069815157587098,0.03659832584860487
0.040108694896792384,0.026008869169526265
0.047378809561676685,0.03327898383441058
0.055596224484827615,0.041496398757561496
0.057868700838329054,0.04376887511106295
0.06113706429610059,0.04703723856883447
0.053149003293705414,0.03904917756643931
0.04605421198396772,0.0319543862567016
0.05253379008772638,0.038433964360460274
0.06852554651008053,0.05442572078281446
0.07201918875923856,0.057919363031972496
0.06449760442103716,0.05039777869377104
0.05174621191603613,0.03764638618877
0.058982006224430575,0.04488218049716447
0.048222902965499415,0.034123077238233296
0.06196790214059739,0.047868076413331274
0.06503832435470952,0.05093849862744339
0.05705824551208236,0.04295841978481622
0.06152428320583753,0.04742445747857138
0.0559071541453226,0.041807328418056476
0.07331707928656615,0.059217253559300034
0.05636426178000241,0.0422644360527363
0.050945533834408,0.03684570810714188
0.06262878766122949,0.048528961933963374
0.07092907115323116,0.05682924542596505
0.06403572411198609,0.04993589838471995
0.05451412111570299,0.04041429538843687
0.05576914359688852,0.041669317869622406
0.05000953310191824,0.03590970737465212
0.040929768891312564,0.026829943164046483
0.05390803964569725,0.03980821391843113
0.056574856729864,0.042475031002597884
0.0505456450038918,0.03644581927662569
0.05107941768005078,0.03697959195278466
0.03556838187950186,0.02146855615223576
0.05851667886384797,0.04441685313658184
0.055146577618643645,0.04104675189137753
0.05907265501664306,0.04497282928937694
0.05321026906512164,0.039110443337855516
0.05357032623429873,0.03947050050703262
0.0300568205208632,0.015956994793597093
0.05549637733434776,0.041396551607081646
0.05310424496770597,0.03900441924043986
0.03241640724928127,0.01831658152201517
0.034514423845920454,0.02041459811865434
0.037045662769224344,0.02294583704195823
0.05261372785035266,0.03851390212308654
0.07472552890094028,0.06062570317367417
0.0587235696892663,0.04462374396200018
0.03806854129036594,0.023968715563099832
0.042683885615029254,0.02858405988776313
0.050185896458588106,0.03608607073132199
0.05381851872554802,0.0397186929982819
0.05021383631775993,0.0361140105904938
0.04185802233948985,0.027758196612223732
0.05557214165643157,0.04147231592916543
0.055851309645851666,0.04175148391858554
0.05331989910558025,0.039220073378314124
0.0612459725865374,0.04714614685927131
0.0652712694843434,0.05117144375707728
0.05250708940354803,0.03840726367628192
0.04610742620645082,0.03200760047918471
0.06520408581885981,0.0511042600915937
0.047001122052892697,0.03290129632562657
0.04807827831948807,0.03397845259222196
0.05856331774712479,0.04446349201985869
0.04713841873315631,0.0330385930058902
0.06015677861475139,0.046056952887485264
0.05314502842714405,0.039045202699877955
0.057707839551175394,0.0436080138239093
0.06397645959155238,0.04987663386428625
0.044755154351382574,0.030655328624116462
0.06042493409280402,0.04632510836553791
0.039190309094681554,0.02509048336741545
0.06062498776438477,0.04652516203711865
0.04624821545072352,0.032148389723457405
0.059740822272594904,0.045640996545328785
0.05563126510064191,0.041531439373375806
0.05242954934995748,0.03832972362269136
0.048741829503184404,0.03464200377591829
0.05157857556008393,0.03747874983281783
0.0642242706683014,0.050124444941035275
0.057575605690801106,0.04347577996353499
0.049634802972014516,0.03553497724474841
0.08424144496710297,0.07014161923983687
0.06816767839326336,0.05406785266599723
0.05779405746441783,0.04369423173715175
0.07776802973277304,0.06366820400550692
0.0662362791559755,0.05213645342870937
0.06435141633826348,0.05025159061099737
0.031207287143866044,0.017107461416599908
0.056655718314445914,0.0425558925871798
0.05319016706871704,0.03909034134145094
0.03385753095481948,0.01975770522755337
0.06436044944579762,0.0502606237185315
0.052891003897220346,0.038791178169954234
0.06344705747480818,0.04934723174754208
0.0493621006439362,0.035262274916670076
0.04779611861324524,0.03369629288597913
0.054173378584469294,0.04007355285720318
0.032914457291307805,0.018814631564041676
0.05233669628526168,0.03823687055799555
0.08101828716910468,0.06691846144183854
0.06144442196438165,0.04734459623711556
0.0574126322106247,0.04331280648335859
0.049833033094208196,0.035733207366942105
0.06387624460608013,0.04977641887881401
0.03567371486936228,0.021573889142096157
0.05272402400467468,0.03862419827740857
0.04309911240953809,0.028999286682271974
0.04752067398050333,0.03342084825323723
0.06951897854054351,0.05541915281327738
0.06408805964884241,0.049988233921576294
0.04842659196219241,0.034326766234926295
0.04877010975504903,0.0346702840277829
0.05278841763853074,0.03868859191126464
0.0517025594907932,0.03760273376352709
0.05006481857180688,0.035964992844540765
0.043494805079230266,0.029394979351964137
0.05673791724351494,0.04263809151624883
0.0702098547113895,0.056110028984123386
0.06622391168263819,0.052124085955372074
0.05343406718526125,0.03933424145799515
0.06296415480900197,0.04886432908173587
0.07319215366231929,0.05909232793505319
0.06447270886735813,0.050372883140092015
0.0669181374240073,0.0528183116967412
0.05317472470664664,0.039074898979380525
0.05611571463731537,0.042015888910049266
0.058959184542892264,0.044859358815626166
0.06084115972506194,0.04674133399779581
0.054284830040597476,0.040185004313331364
0.043655115226188,0.029555289498921892
0.06431403857159686,0.050214212844330745
0.0724609411828851,0.058361115455618943
0.04666841112909588,0.032568585401829775
0.05201013499543079,0.03791030926816467
0.05028259169309794,0.03618276596583182
0.04616352167305048,0.03206369594578435
0.04565917024286065,0.03155934451559452
0.044372982246462106,0.030273156519196015
0.041620931587184745,0.02752110585991864
0.031262181443407956,0.017162355716141834
0.0499296676871276,0.035829841959861476
0.044051320542621855,0.02995149481535574
0.04917682420185148,0.03507699847458537
0.04087496977253563,0.026775144045269518
0.05981800230111732,0.04571817657385124
0.07571631686049539,0.06161649113322928
0.05126348203878938,0.03716365631152327
0.06264420154871071,0.04854437582144462
0.053414163879505885,0.039314338152239774
0.04470264016554521,0.030602814438279117
0.048496194630655264,0.03439636890338916
0.06375418807740696,0.04965436235014086
0.07261009904805345,0.05851027332078732
0.04580467482426791,0.031704849097001775
0.04778068446713711,0.033680858739871006
0.04992920323890408,0.03582937751163798
0.06366241886644843,0.049562593139182314
0.04288333282664231,0.028783507099376205
0.05851212662107617,0.044412300893810035
0.057419054758126795,0.04331922903086067
0.04276390088721171,0.028664075159945592
0.06674397080683002,0.0526441450795639
0.03833858950620983,0.024238763778943722
0.04761486607849664,0.0335150403512305
0.061668270151225626,0.047568444423959515
0.04825931134142933,0.03415948561416319
0.05096680805002725,0.03686698232276111
0.060056370966437275,0.04595654523917118
0.05421805636773512,0.040118230640468995
0.06749838258170304,0.053398556854436924
0.05466514399036663,0.0405653182631005
0.06307244743887111,0.04897262171160499
0.06417174743208248,0.05007192170481635
0.06780646380895765,0.05370663808169153
0.04813402028515308,0.03403419455788697
0.05583908607428003,0.041739260347013925
0.06006622363321276,0.04596639790594668
0.05685067808070706,0.04275085235344094
0.057876481134297254,0.04377665540703114
0.0462113118119391,0.03211148608467297
0.0486816712620818,0.034581845534815685
0.06170323550601156,0.047603409778745456
0.05899636993185225,0.044896544204586136
0.0407701254152097,0.02667029968794359
0.054531052016411036,0.04043122628914492
0.06985155699651488,0.05575173126924874
0.06378298384010177,0.04968315811283567
0.040183192813721194,0.02608336708645507
0.05447901959864359,0.040379193871377485
0.051057083954888616,0.036957258227622504
0.06586280542855708,0.05176297970129096
0.07254257108025683,0.05844274535299069
0.039252475761992894,0.025152650034726796
0.06021631294361058,0.04611648721634446
0.04276579295663936,0.028665967229373247
0.054006596612673555,0.03990677088540743
0.04805668156458665,0.03395685583732053
0.044748744763282035,0.030648919036015895
0.024423150144076984,0.010323324416810874
0.05987406228760554,0.04577423656033944
0.0448944448228654,0.030794619095599284
0.05985513747238591,0.04575531174511979
0.05598984166454482,0.04189001593727871
0.050129389696034636,0.03602956396876854
0.064570598848875,0.0504707731216089
0.0573720770836273,0.04327225135636119
0.055883563228948205,0.0417837375016821
0.06271969597430158,0.04861987024703547
0.059747366936575834,0.04564754120930972
0.051078191804043944,0.03697836607677783
0.05570099227434877,0.04160116654708267
0.04375743971189505,0.02965761398462895
0.047479993310408565,0.03338016758314246
0.04689683241003498,0.03279700668276886
0.05291438589398829,0.03881456016672217
0.06834071072430839,0.05424088499704231
0.06982783786877923,0.05572801214151314
0.04320971592124089,0.029109890193974763
0.050999772957536146,0.03689994723027005
0.0673581513439957,0.05325832561672953
0.04146721373144063,0.027367388004174535
0.05450138807333082,0.04040156234606469
0.03815536630314626,0.024055540575880142
0.05137062908159956,0.03727080335433345
0.03844577621319968,0.02434595048593357
0.06469065860602943,0.05059083287876333
0.05058356049120357,0.03648373476393745
0.062094650006256684,0.04799482427899056
0.03935022183745557,0.02525039611018945
0.05164167584879784,0.037541850121531724
0.05082103207133591,0.03672120634406979
0.054302964182202214,0.04020313845493608
0.06220365587019585,0.048103830142929745
0.056648794169291326,0.04254896844202521
0.05092132173952095,0.03682149601225484
0.07205111661785005,0.05795129089058392
0.0592808930317775,0.04518106730451137
0.05312994649350284,0.03903012076623673
0.05057373325811397,0.03647390753084785
0.05571529718335638,0.041615471456090264
0.04257557585525806,0.02847575012799196
0.05464181601155147,0.04054199028428536
0.05528227246111237,0.041182446733846245
0.04689261478005574,0.03279278905278961
0.051514549040182045,0.03741472331291593
0.042761091437698115,0.028661265710431996
0.06229473305387491,0.048194907326608805
0.056612263484290756,0.042512437757024624
0.06705068861387381,0.0529508628866077
0.06275563150370266,0.04865580577643653
0.05609812913244956,0.04199830340518344
0.06243318032038029,0.04833335459311418
0.026059777874811188,0.011959952147545048
0.05507244993661566,0.04097262420934954
0.06451500669338814,0.050415180966122033
0.06744847041159137,0.05334864468432528
0.0667775693926565,0.0526777436653904
0.06771547518860173,0.05361564946133562
0.06974442789507022,0.05564460216780412
0.04910364247781833,0.03500381675055222
0.04694081015270393,0.032840984425437814
0.05519506868621791,0.041095242958951804
0.04594580856520451,0.03184598283793838
0.06825112116143184,0.05415129543416575
0.0526236272362063,0.03852380150894017
0.046105652614902175,0.03200582688763605
0.06356323135837187,0.04946340563110579
0.06302127372002354,0.04892144799275745
0.06121202516039739,0.04711219943313128
0.05988317181870358,0.0457833460914375
0.044565779792471776,0.030465954065205667
0.0612979588655909,0.04719813313832481
0.06334162093850089,0.04924179521123479
0.055045616623892894,0.040945790896626796
0.0670373160102558,0.052937490282989684
0.055765882259623416,0.04166605653235728
0.040751870347907705,0.026652044620641597
0.06414689317011105,0.05004706744284495
0.04573658522744207,0.031636759500175964
0.03704267984042991,0.022942854113163793
0.07081983834431431,0.05672001261704819
0.053266761411834784,0.039166935684568666
0.05560506686734976,0.04150524114008366
0.04053451119341895,0.02643468546615285
0.0599281705952332,0.04582834486796707
0.04723591733439888,0.03313609160713277
0.04915514480322654,0.035055319075960434
0.05533847601990089,0.04123865029263478
0.05809427550514188,0.043994449777875755
0.04455157255977629,0.030451746832510177
0.04038284423687374,0.02628301850960764
0.0570630759738235,0.04296325024655739
0.050746002158333046,0.03664617643106693
0.07539156693601418,0.061291741208748036
0.04982540567092292,0.03572557994365681
0.06388784463058714,0.04978801890332102
0.04734395285919288,0.033244127131926766
0.03866910186320897,0.02456927613594287
0.04398704405525235,0.02988721832798624
0.04714262243635423,0.03304279670908812
0.05599524781439041,0.04189542208712429
0.05819144474115468,0.04409161901388859
0.05943917185840378,0.04533934613113765
0.049996329217198134,0.03589650348993202
0.05265943820089603,0.03855961247362993
0.04688154171376888,0.03278171598650276
0.05748665784918558,0.043386832121919475
0.051333448961006195,0.03723362323374009
0.04877150740518362,0.03467168167791752
0.0562526468009795,0.04215282107371338
0.06661352204679923,0.05251369631953311
0.06288197450561213,0.04878214877834601
0.05478540112140647,0.04068557539414036
0.05365334231135141,0.039553516584085284
0.06028732094237532,0.04618749521510922
0.059577245470332656,0.04547741974306652
0.05602832896371547,0.041928503236449366
0.05756768979206439,0.04346786406479829
0.0695907891572486,0.05549096342998249
0.05082891959355969,0.0367290938662936
0.05217880265937214,0.03807897693210603
0.06817990817119678,0.054080082443930644
0.06367070702485375,0.04957088129758764
0.057831527700817086,0.04373170197355097
0.051086138331565556,0.036986312604299444
0.049994569532001584,0.03589474380473547
0.048663062417906036,0.03456323669063993
0.04205165622109083,0.027951830493824704
0.04925313892853099,0.035153313201264885
0.0385664901677769,0.024466664440510773
0.07237232918420601,0.0582725034569399
0.061883236411305456,0.047783410684039344
0.055353421247947066,0.04125359552068095
0.06652825619058116,0.052428430463315044
0.050359662930782666,0.036259837203516554
0.05744250608938524,0.04334268036211915
0.05898043129426124,0.044880605566995115
0.060490998185896,0.046391172458629885
0.05436045543585269,0.04026062970858659
0.048342125239622495,0.03424229951235637
0.03924533290621213,0.025145507178946015
0.06467233714954311,0.050572511422277
0.04717651713001359,0.03307669140274748
0.06517279054425547,0.051072964816989336
0.05284705276842474,0.03874722704115861
0.05570925271895705,0.04160942699169093
0.06587996002088593,0.051780134293619835
0.03954399729749952,0.025444171570233407
0.06544686321889544,0.05134703749162935
0.05139612478030879,0.03729629905304268
0.04727786404148625,0.033178038314220136
0.0638526498230692,0.049752824095803075
0.054692646107730655,0.040592820380464543
0.06638265532327318,0.052282829596007066
0.04659888803382389,0.03249906230655778
0.062231405955141546,0.04813158022787542
0.054614105289704416,0.040514279562438305
0.060855711625255174,0.046755885897989055
0.06413439645945404,0.05003457073218792
0.042733844250125656,0.028634018522859548
0.05711341012450284,0.04301358439723673
0.06424798659957329,0.05014816087230718
0.052790546156211066,0.038690720428944954
0.0355920681489793,0.02149224242171318
0.04879459029536997,0.03469476456810386
0.042407697976002794,0.02830787224873667
0.04888117275565664,0.03478134702839054
0.053250475068033064,0.039150649340766945
0.0635399058523353,0.049440080125069175
0.054404022973914064,0.040304197246647945
0.042012107539106246,0.027912281811840127
0.04288648700660424,0.028786661279338124
0.0673933337393089,0.05329350801204277
0.06265521744437137,0.04855539171710527
0.06074034572805671,0.046640520000790595
0.05676781170090313,0.042667985973636996
0.07593124383271527,0.06183141810544915
0.051376708386156905,0.0372768826588908
0.06168439730441488,0.04758457157714876
0.07566567337906954,0.06156584765180344
0.05476416469620703,0.04066433896894091
0.07036956243720748,0.05626973670994136
0.07005644637721405,0.05595662064994794
0.039996509194037945,0.025896683466771826
0.06115848845554304,0.04705866272827691
0.06019476085515082,0.046094935127884686
0.06723483578325538,0.053135010055989286
0.06108023139737566,0.04698040567010953
0.05645736422829004,0.04235753850102391
0.044883468605561076,0.030783642878294954
0.04225160836855355,0.028151782641287437
0.05982760649064307,0.045727780763376975
0.05881983502881229,0.04472000930154616
0.04715136925010232,0.033051543522836194
0.05673342606901119,0.04263360034174508
0.04766784197359982,0.033568016246333716
0.06982613928426602,0.05572631355699991
0.055233042333315274,0.041133216606049156
0.061774368695497996,0.04767454296823188
0.051326588400120214,0.0372267626728541
0.05815071184283923,0.04405088611557312
0.05358348050881231,0.039483654781546196
0.061984612929119866,0.04788478720185373
0.04511866939458858,0.031018843667322465
0.06418521511763685,0.050085389390370744
0.052374213825104335,0.038274388097838216
0.06168931731220391,0.04758949158493779
0.04230729470436006,0.028207468977093936
0.036702220644836074,0.022602394917569952
0.06356798936807599,0.04946816364080987
0.051577194837411806,0.03747736911014569
0.05593134758279079,0.041831521855524675
0.06467579123238837,0.05057596550512225
0.08215867513106336,0.06805884940379724
0.038795962229458095,0.02469613650219198
0.05228509316460435,0.038185267437338216
0.06576220273085055,0.051662377003584434
0.05132504318910927,0.03722521746184318
0.04666071305506212,0.032560887327796016
0.0478216308959202,0.03372180516865409
0.049427319467181124,0.03532749373991501
0.057891850924625815,0.0437920251973597
0.0599770980218049,0.04587727229453878
0.05966365662919415,0.04556383090192803
0.06273666943965875,0.048636843712392644
0.04944916074137432,0.035349335014108196
0.039679022292759804,0.025579196565493702
0.044482353192009064,0.030382527464742952
0.06707392151663213,0.05297409578936602
0.05408183246904801,0.039982006741781914
0.05291300182883295,0.03881317610156684
0.06269716858471543,0.04859734285744933
0.06307666361181682,0.04897683788455069
0.05456615508820028,0.04046632936093417
0.050799149239116485,0.03669932351185039
0.06915244712842088,0.05505262140115479
0.04441099802041976,0.030311172293153655
0.05471251097967903,0.040612685252412926
0.06253765976428094,0.04843783403701482
0.058083367166694704,0.04398354143942857
0.07470833034944442,0.060608504622178296
0.054300683551124496,0.0402008578238584
0.04686750576192531,0.0327676800346592
0.054482763676161686,0.04038293794889558
0.05906069456257226,0.04496086883530615
0.051247790593848624,0.0371479648665825
0.057596338182196956,0.04349651245493084
0.036498001093862795,0.02239817536659667
0.04857599791240579,0.03447617218513969
0.057091796301750874,0.04299197057448474
0.07492941985029337,0.06082959412302727
0.050178406338413334,0.036078580611147215
0.04632125755652809,0.03222143182926197
0.05245536229318876,0.03835553656592264
0.07846996011763133,0.06437013439036521
0.052252814431708046,0.038152988704441934
0.05331129601220811,0.03921147028494201
0.04074617176596907,0.026646346038702935
0.039826037932979175,0.025726212205713073
0.04416660011848101,0.03006677439121491
0.028076426102761287,0.013976600375495175
0.050739669004270155,0.036639843277004
0.0668450649185035,0.05274523919123741
0.063067377957252,0.04896755222998588
0.07053540237332512,0.056435576646059006
0.0552293184711846,0.041129492743918486
0.05413445338273725,0.040034627655471146
0.058348038162844396,0.04424821243557829
0.04956413012821959,0.035464304400953474
0.07689644837995,0.0627966226526839
0.060022576147339385,0.04592275042007325
0.0631238906259903,0.049024064898724184
0.05673688676478802,0.042637061037521906
0.04912600014584798,0.03502617441858187
0.03210817233851144,0.01800834661124532
0.055203577347124236,0.04110375161985812
0.061226270710109026,0.04712644498284292
0.07818319363551425,0.06408336790824815
0.06381125477532694,0.04971142904806083
0.0768399173520749,0.06274009162480881
0.05905385511105937,0.044954029383793254
0.07977271146442155,0.06567288573715543
0.053652714461496206,0.03955288873423009
0.04770239515228934,0.033602569425023245
0.06571603272581042,0.05161620699854429
0.06312226405112577,0.049022438323859656
0.04709756073048154,0.032997735003215435
0.06605558018943009,0.05195575446216397
0.07544559451597675,0.06134576878871062
0.06701777178487402,0.05291794605760791
0.03733607129351918,0.023236245566253075
0.0749612063510234,0.06086138062375726
0.07988395604346954,0.06578413031620339
0.04852055015812633,0.03442072443086021
0.0532646772374534,0.03916485151018729
0.039417077935803624,0.025317252208537495
0.03822615600631843,0.024126330279052324
0.0385541762714714,0.024454350544205306
0.0665230867960322,0.05242326106876606
0.05180472869515992,0.0377049029678938
0.04076016915945216,0.026660343432186043
0.053457806931663056,0.039357981204396944
0.0679599529693697,0.05386012724210358
0.05105174267330001,0.03695191694603389
0.049673364535846705,0.035573538808580586
0.055481110858105497,0.04138128513083937
0.05853712856723723,0.04443730283997112
0.05799144687368596,0.04389162114641983
0.06415619339294922,0.0500563676656831
0.06704762093810158,0.05294779521083546
0.05624407119550588,0.04214424546823977
0.07358151087955135,0.05948168515228524
0.052089040216177905,0.037989214488911766
0.0713072800070085,0.05720745427974237
0.05303473740341626,0.03893491167615013
0.03913633885503193,0.025036513127765815
0.05029157966572227,0.03619175393845617
0.0451610110868907,0.031061185359624585
0.06520637633463287,0.05110655060736675
0.048741082017186715,0.03464125628992059
0.04625539232537743,0.03215556659811129
0.04528917438576952,0.031189348658503393
0.062256259863287956,0.04815643413602184
0.053063850654816065,0.03896402492754995
0.07304821727582812,0.058948391548562
0.05814789978297725,0.04404807405571115
0.05831196299511071,0.044212137267844585
0.05862689902558141,0.0445270732983153
0.035541010303090245,0.02144118457582411
0.06336501488952705,0.049265189162260935
0.0289038667390474,0.01480404101178128
0.05442959557591947,0.04032976984865338
0.0504396030346876,0.036339777307421495
0.05090655725029672,0.03680673152303059
0.051979498318318086,0.037879672591051974
0.05481476066920457,0.040714934941938445
0.05295993054403019,0.03886010481676408
0.05789462177510157,0.043794796047835455
0.05722604348516105,0.04312621775789493
0.0333985639004758,0.019298738173209706
0.03698846372511567,0.022888637997849556
0.05428129277410056,0.040181467046834445
0.06265850632632769,0.048558680599061564
0.0379221325784232,0.023822306851157087
0.05677892227933421,0.04267909655206809
0.06973329394326407,0.05563346821599792
0.05779048974727399,0.043690664020007874
0.055708557937365864,0.04160873221009977
0.05069108968704295,0.03659126395977683
0.054448925977981615,0.04034910025071549
0.05991105714127008,0.04581123141400397
0.05744166642976384,0.04334184070249771
0.05036557067297862,0.03626574494571248
0.059250086643386844,0.04515026091612074
0.05640264530124973,0.042302819573983644
0.043209499321739675,0.029109673594473546
0.050593851838138845,0.03649402611087274
0.07397567553680715,0.059875849809541026
0.041690172384200155,0.027590346656934037
0.07339720129121989,0.05929737556395377
0.0482499049463674,0.03415007921910128
0.066594341585599,0.05249451585833289
0.06327762762080182,0.04917780189353572
0.045611574577891334,0.03151174885062523
0.05688107171013997,0.042781245982873854
0.05818860938999905,0.04408878366273294
0.06923066934234448,0.05513084361507836
0.05179660299616935,0.03769677726890324
0.04865161001667667,0.03455178428941055
0.04366483535694425,0.029565009629678143
0.040843647741588766,0.026743822014322655
0.05312225346134887,0.03902242773408276
0.06008515259092537,0.045985326863659234
0.05349913994620896,0.03939931421894284
0.08118600424614841,0.06708617851888228
0.0574604618124465,0.043360636085180385
0.06444528353393286,0.05034545780666673
0.06266042484785374,0.04856059912058763
0.04544265111482009,0.03134282538755399
0.04365797998569907,0.029558154258432952
0.051098084143837055,0.03699825841657092
0.06465761380971168,0.050557788082445564
0.05815526478068957,0.044055439053423455
0.04624229708447545,0.03214247135720935
0.07048812941015664,0.05638830368289056
0.042144726740012045,0.02804490101274593
0.05200653729162138,0.03790671156435526
0.06661830848736808,0.05251848276010198
0.03943200940978338,0.025332183682517263
0.046358620221282586,0.032258794494016474
0.0414783515777898,0.027378525850523687
0.03775251135625594,0.023652685628989825
0.053204464986152375,0.03910463925888627
0.044033686413698175,0.029933860686432064
0.05811277861441738,0.044012952887151284
0.05848280723000819,0.04438298150274206
0.04740099230711261,0.03330116657984649
0.048736989028837434,0.03463716330157132
0.04809880166681296,0.03399897593954684
0.06159413851441398,0.04749431278714787
0.059869637805924664,0.045769812078658545
0.06994498005333448,0.055845154326068416
0.05251299909541425,0.03841317336814814
0.04350865005567468,0.029408824328408557
0.041389271328670624,0.027289445601404512
0.0478868800683679,0.03378705434110178
0.0518623919579661,0.03776256623070001
0.049475055228443914,0.0353752295011778
0.05695530106548638,0.042855475338220275
0.05465075592451175,0.04055093019724565
0.044903297406898,0.030803471679631902
0.04557328892453241,0.031473463197266294
0.04254256843537959,0.02844274270811349
0.05979876439459925,0.04569893866733314
0.05067502208511399,0.03657519635784788
0.061820237818722326,0.04772041209145621
0.041554778873187245,0.027454953145921116
0.040158874027583065,0.026059048300316974
0.06943014888710188,0.05533032315983575
0.052037309241030394,0.037937483513764275
0.06091012105203497,0.04681029532476886
0.03999464211427756,0.025894816387011448
0.05529591603799523,0.041196090310729114
0.048550292969301904,0.0344504672420358
0.05374897496361879,0.03964914923635267
0.06383789496564736,0.04973806923838127
0.04062397637394019,0.026524150646674096
0.035234323482743676,0.02113449775547755
0.06434666655020302,0.0502468408229369
0.048045346700605895,0.03394552097333979
0.05144673244983784,0.03734690672257172
0.0517340746602068,0.03763424893294068
0.058686312461934904,0.0445864867346688
0.054011964861911455,0.03991213913464535
0.04748014516722361,0.0333803194399575
0.06364807783478976,0.049548252107523644
0.07179769486585472,0.05769786913858858
0.06129307903199967,0.04719325330473357
0.0373166227180091,0.023216796990743
0.06304659554790201,0.04894676982063591
0.05020024973587985,0.036100424008613734
0.05955559997475573,0.045455774247489616
0.06909400711315787,0.05499418138589176
0.04495064821643854,0.030850822489172418
0.04857219888214815,0.03447237315488207
0.053166994216436586,0.03906716848917046
0.03317761731494013,0.01907779158767402
0.05514665264594803,0.04104682691868192
0.04038119413168112,0.026281368404415018
0.059241239616613345,0.04514141388934723
0.06404775205466602,0.049947926327399916
0.05559123569879716,0.04149140997153106
0.046242750807361344,0.03214292508009523
0.0503555475417963,0.03625572181453019
0.06318092934557283,0.04908110361830672
0.05518934605380763,0.04108952032654152
0.059975379364426776,0.04587555363716064
0.05402826761673175,0.03992844188946563
0.04391314808593839,0.029813322358672276
0.04291681808223136,0.028816992354965237
0.048754894913055,0.034655069185788874
0.035303921290862544,0.02120409556359643
0.054428940999982675,0.04032911527271656
0.05546856336952102,0.04136873764225491
0.04711596630541058,0.033016140578144476
0.07009799753627964,0.05599817180901354
0.04623336128823257,0.032133535560966424
0.07036623637287556,0.056266410645609444
0.08221865783190882,0.06811883210464273
0.06823457879935704,0.054134753072090924
0.052392601454614135,0.038292775727348016
0.07639464016749078,0.06229481444022469
0.05739864397957304,0.043298818252306935
0.061942322309401845,0.04784249658213576
0.07749663331651353,0.06339680758924739
0.05030515061005692,0.036205324882790796
0.06556250988790678,0.05146268416064069
0.04009006994388795,0.025990244216621817
0.06035918746370522,0.046259361736439096
0.048737990898198164,0.034638165170932045
0.05856275838097036,0.04446293265370423
0.04367728578990006,0.029577460062633936
0.05331589391198432,0.03921606818471821
0.051523502072628756,0.03742367634536263
0.062378285383002066,0.04827845965573595
0.06760866656868206,0.05350884084141593
0.050095455026295505,0.03599562929902939
0.04847993572797321,0.03438011000070709
0.05652819019790309,0.04242836447063696
0.057180505721833336,0.04308067999456723
0.06981860044168098,0.05571877471441488
0.08761377830090392,0.0735139525736378
0.05021032630811178,0.03611050058084569
0.04603146586531617,0.03193164013805004
0.0620084826369921,0.047908656909726
0.0486187711027667,0.03451894537550059
0.0562326428023491,0.04213281707508298
0.06187487475787083,0.04777504903060471
0.06876628443389016,0.05466645870662404
0.06129062678879097,0.04719080106152484
0.04866889161842274,0.03456906589115663
0.07478095242224121,0.060681126694975114
0.0595623947524197,0.045462569025153596
0.0651510034210616,0.051051177693795496
0.028157916229325355,0.014058090502059256
0.061801492667658685,0.04770166694039257
0.03995712719865937,0.02585730147139325
0.04596934456070861,0.03186951883344249
0.06610799395628865,0.05200816822902253
0.07570302949081748,0.0616032037635514
0.056261296849851386,0.042161471122585274
0.048696164608949,0.0345963388816829
0.04957196753350177,0.03547214180623567
0.04534375784266699,0.031243932115400882
0.05098873342336989,0.036888907696103784
0.04687399009912762,0.0327741643718615
0.055759742953486874,0.04165991722622077
0.0488799591869888,0.03478013345972269
0.039915890492449105,0.02581606476518298
0.05744788540079975,0.04334805967353363
0.03748482825557883,0.023385002528312708
0.05405173547145122,0.039951909744185096
0.05086886735867935,0.03676904163141324
0.061707386286814936,0.047607560559548824
0.046040156912258455,0.03194033118499235
0.05740224878842723,0.04330242306116111
0.06980042325372336,0.05570059752645724
0.05646481374442325,0.04236498801715715
0.051945508793028256,0.03784568306576213
0.0499990254324944,0.0358991997052283
0.049535680238818276,0.03543585451155216
0.044280611788100444,0.030180786060834335
0.040238122513065834,0.026138296785799705
0.06199056384414054,0.04789073811687443
0.05459249505947957,0.04049266933221346
0.05334093433695513,0.03924110860968903
0.04320132760937931,0.029101501882113186
0.04346011345340988,0.029360287726143765
0.05334926019427153,0.0392494344670054
0.05506447556799578,0.04096464984072967
0.04004159822069369,0.025941772493427585
0.060526415299609074,0.04642658957234296
0.0477149732880212,0.03361514756075508
0.03670330114074126,0.02260347541347514
0.04694530069927154,0.03284547497200543
0.05471935349924101,0.0406195277719749
0.05880067869194582,0.04470085296467971
0.05947522332406396,0.04537539759679783
0.05593949496570025,0.04183966923843413
0.048107596171147474,0.03400777044388137
0.05983828508977745,0.04573845936251131
0.06694161706407777,0.05284179133681164
0.06667400563457261,0.05257417990730649
0.05301921497909278,0.03891938925182666
0.058820969613312624,0.04472114388604651
0.06768934358361844,0.053589517856352326
0.07428926926481745,0.06018944353755137
0.05700471725126745,0.042904891524001336
0.0473444343522394,0.033244608624973304
0.043969391091926914,0.029869565364660792
0.06720259115114742,0.053102765423881294
0.05499699437955977,0.040897168652293654
0.05387969984039529,0.03977987411312917
0.04621734919763868,0.03211752347037254
0.06034255828292438,0.04624273255565828
0.060200249710177726,0.046100423982911615
0.06271108184895531,0.04861125612168919
0.04877738365859611,0.034677557931330004
0.0643481460682358,0.05024832034096969
0.06158955446351691,0.04748972873625079
0.05722894755746333,0.04312912183019722
0.05652533596077858,0.042425510233512445
0.05166421488833858,0.03756438916107247
0.04856785756358716,0.034468031836321036
0.04220730393920918,0.028107478211943062
0.051764531130263254,0.03766470540299714
0.05340596596213551,0.03930614023486939
0.06367725450062385,0.049577428773357746
0.0554631591713187,0.04136333344405257
0.05792013268112866,0.04382030695386254
0.03191787520744377,0.017818049480177657
0.048139588986626174,0.034039763259360076
0.05219284229941343,0.03809301657214731
0.053850179644136804,0.039750353916870686
0.043640625778220074,0.029540800050953962
0.05940868257225019,0.04530885684498408
0.06159938994351278,0.04749956421624667
0.05055112645770579,0.036451300730439666
0.05029130348511414,0.03619147775784802
0.0599434457478036,0.045843620020537476
0.06289731400741132,0.04879748828014521
0.04386101358091905,0.029761187853652955
0.04657370861406009,0.032473882886793974
0.05618916480567377,0.042089339078407666
0.05937277847200744,0.045272952744741315
0.0716315974612434,0.057531771733977256
0.0659403793215621,0.05184055359429599
0.06133774993473695,0.047237924207470826
0.06373083263366305,0.04963100690639695
0.04597801245522964,0.03187818672796354
0.052099387682770094,0.037999561955503976
0.0585016147764914,0.044401789049225274
0.04863342512569606,0.03453359939842995
0.04506933526451425,0.030969509537248127
0.05571286534583649,0.041613039618570366
0.06875962647272083,0.05465980074545472
0.06365717670881083,0.0495573509815447
0.05642174763957024,0.042321921912304133
0.042606730446489154,0.028506904719223014
0.06126008928468151,0.047160263557415386
0.054991392906437495,0.04089156717917139
0.04341643793668111,0.029316612209414988
0.04568915030772231,0.03158932458045621
0.06332168869888197,0.04922186297161587
0.05568879740902642,0.041588971681760296
0.040531371117163206,0.026431545389897112
0.0641936890203719,0.050093863293105785
0.0526606278817717,0.038560802154505594
0.06016135038570158,0.04606152465843549
0.06720557443159424,0.0531057487043281
0.04771891771467894,0.033619091987412836
0.053707444109295725,0.03960761838202961
0.058368450649034426,0.04426862492176831
0.034130931503683716,0.020031105776417608
0.037260911964736715,0.02316108623747062
0.03822698796711535,0.024127162239849235
0.04491434769051165,0.030814521963245543
0.046951321422521904,0.032851495695255785
0.06610030478282995,0.052000479055563834
0.04088082192387053,0.026780996196604415
0.03855595860817439,0.02445613288090827
0.0629561733293383,0.04885634760207219
0.05986191291788723,0.04576208719062111
0.04050534901413552,0.026405523286869403
0.04928709722640319,0.035187271499137085
0.04255216261628667,0.028452336889020567
0.05680955842576633,0.042709732698500195
0.044829551008498586,0.03072972528123248
0.06402679640702101,0.04992697067975488
0.057336755049180475,0.04323692932191437
0.05626716248493911,0.04216733675767298
0.057253542937357266,0.04315371721009113
0.05171190609061448,0.03761208036334838
0.04898819666846254,0.03488837094119642
0.042190896575593294,0.028091070848327175
0.04810163132638497,0.03400180559911887
0.04598058412291043,0.03188075839564432
0.0507088462846899,0.03660902055742377
0.04387812093173874,0.029778295204472616
0.039513011791056596,0.025413186063790484
0.05757564457252739,0.04347581884526127
0.05170890521461719,0.03760907948735108
0.05921127499753901,0.045111449270272906
0.0660102132857697,0.05191038755850356
0.07127859921118278,0.05717877348391666
0.05125722630367101,0.03715740057640488
0.04370079525605103,0.029600969528784927
0.06930980144493529,0.05520997571766917
0.04378998405178197,0.029690158324515853
0.051046448760376235,0.03694662303311014
0.04615500667345819,0.032055180946192106
0.05565213074138591,0.041552305014119786
0.061289220486435717,0.047189394759169584
0.06450805031489289,0.05040822458762675
0.05717450386957763,0.04307467814231151
0.0496397318518072,0.03553990612454109
0.04283969219412086,0.028739866466854738
0.060989448814922326,0.04688962308765622
0.06004511330494165,0.04594528757767556
0.05404774433970254,0.039947918612436434
0.05767183233964577,0.043572006612379664
0.03620705006135561,0.022107224334089504
0.06347565838326583,0.04937583265599973
0.0827400421777896,0.06864021645052348
0.040165256773624675,0.026065431046358563
0.04005789029724584,0.025958064569979716
0.04726145785895037,0.033161632131684236
0.06787314582392905,0.053773320096662934
0.044749868867638,0.030650043140371883
0.042824131007131956,0.02872430527986584
0.04422972459237593,0.030129898865109802
0.05733514191222232,0.043235316184956206
0.044554207616646586,0.030454381889380495
0.04278154643785443,0.02868172071058831
0.04394151870229467,0.029841692975028557
0.06363628327503718,0.04953645754777109
0.066356870898873,0.0522570451716069
0.05512410377482055,0.04102427804755444
0.06395160420967602,0.049851778482409924
0.06329273655552012,0.04919291082825399
0.04012836687482481,0.02602854114755869
0.042076273269759025,0.027976447542492913
0.07248118862706009,0.05838136289979399
0.05978720512259707,0.04568737939533095
0.06897206447447536,0.05487223874720924
0.060884010519663856,0.04678418479239773
0.03837381627718568,0.024273990549919577
0.05940556831324806,0.04530574258598194
0.048533842168580886,0.034434016441314795
0.04625883534321573,0.032159009615949634
0.06251608608180341,0.04841626035453731
0.043671134235307,0.0295713085080409
0.03460685439996987,0.02050702867270376
0.06623658893700668,0.05213676320974057
0.0647752737510967,0.05067544802383058
0.07397819812857571,0.05987837240130961
0.0635276562699654,0.04942783054269929
0.0593192204229797,0.04521939469571359
0.05235637752565787,0.038256551798391755
0.05682684910890572,0.0427270233816396
0.07256441618609089,0.05846459045882477
0.06140404583055636,0.04730422010329026
0.03124274635775294,0.017142920630486842
0.04540192417979823,0.031302098452532116
0.06310647581776638,0.04900665009050028
0.06927611507236076,0.055176289345094644
0.04505190811509056,0.03095208238782445
0.04702534855229441,0.0329255228250283
0.03996906516618498,0.025869239438918872
0.0365076982414763,0.022407872514210187
0.06733258535717156,0.053232759629905445
0.062489664026578545,0.04838983829931244
0.05597702063866761,0.04187719491140149
0.0490134378848522,0.03491361215758609
0.05324780206784995,0.039147976340583854
0.05784650640688434,0.04374668067961824
0.024406166324380498,0.010306340597114383
0.04145522406485406,0.02735539833758794
0.058154248910286366,0.04405442318302025
0.05036605669733693,0.036266230970070826
0.059619338709005196,0.04551951298173907
0.05758242223381756,0.043482596506551445
0.06601616059993967,0.051916334872673525
0.04692381731993865,0.032823991592672526
0.04301023276604952,0.028910407038783406
0.05198053050078377,0.03788070477351765
0.05627860815266705,0.04217878242540092
0.0677859816896162,0.05368615596235011
0.055811486004390495,0.04171166027712439
0.05120971072290363,0.037109884995637527
0.0675556829359376,0.0534558572086715
0.04233507608700405,0.028235250359737934
0.05093127020040091,0.036831444473134786
0.06244445252492809,0.048344626797661966
0.050361022964229,0.03626119723696286
0.04072436552553389,0.026624539798267784
0.05024042771274635,0.03614060198548023
0.038681100668653406,0.024581274941387284
0.0521360730325968,0.03803624730533068
0.054782212132476055,0.04068238640520994
0.06697699267518542,0.05287716694791931
0.06739572894616701,0.05329590321890088
0.06156933767593792,0.04746951194867181
0.048666148575919194,0.03456632284865308
0.050418040484967605,0.036318214757701486
0.0451019905702015,0.03100216484293538
0.04664646368290441,0.0325466379556383
0.04334321283610217,0.029243387108836044
0.044085561854421945,0.029985736127155826
0.05175463603972577,0.03765481031245966
0.06122328572783128,0.04712346000056518
0.056209528426303564,0.04210970269903744
0.06213527049713879,0.04803544476987269
0.060407564990256346,0.04630773926299023
0.054869278443159746,0.04076945271589365
0.040420646855648036,0.026320821128381924
0.04435173289934537,0.030251907172079248
0.0597370388381795,0.04563721311091338
0.0773876808230629,0.06328785509579679
0.054561190585625044,0.04046136485835892
0.06872384688423654,0.05462402115697041
0.09092814448684515,0.07682831875957898
0.06346182676313214,0.049362001035866035
0.06618810553537409,0.05208827980810797
0.05846325602290878,0.04436343029564269
0.05023717896087883,0.03613735323361272
0.05088437971599009,0.03678455398872398
0.06396250957992639,0.0498626838526603
0.05713643173045599,0.04303660600318986
0.05833984675327691,0.04424002102601081
0.0662610199134382,0.05216119418617209
0.04679610113894428,0.032696275411678154
0.07361189102379773,0.05951206529653159
0.0664120977670961,0.052312272039829986
0.0624262911610818,0.048326465433815656
0.05952693879220116,0.04542711306493504
0.059936934602539814,0.04583710887527369
0.06731886743621661,0.05321904170895048
0.04862898594845759,0.03452916022119149
0.041356353222901314,0.0272565274956352
0.04622991212474336,0.032130086397477255
0.044431051473364305,0.03033122574609819
0.05318185972083114,0.039082033993565045
0.034391519819229464,0.020291694091963356
0.05391149859414946,0.039811672866883335
0.04530132225602719,0.03120149652876107
0.05118523097500882,0.03708540524774271
0.03859057100121234,0.02449074527394622
0.06477777642314017,0.050677950695874066
0.06544016107837952,0.05134033535111339
0.06475434000695639,0.050654514279690276
0.07116083503471288,0.057061009307446724
0.06546317154364907,0.051363345816382966
0.06729953786397214,0.05319971213670601
0.05070762670499524,0.03660780097772913
0.05138754268225433,0.03728771695498821
0.06285370238449228,0.048753876657226164
0.05636307918697963,0.042263253459713525
0.07301341266698792,0.058913586939721825
0.038416821398889134,0.024316995671623022
0.0503931657261222,0.03629333999885609
0.03297315393646746,0.01887332820920133
0.047885534351527356,0.033785708624261224
0.05833706476285778,0.04423723903559168
0.06464203937850052,0.05054221365123439
0.03950105462807783,0.025401228900811704
0.0642575697311246,0.05015774400385849
0.07088409764443478,0.056784271917168644
0.0531986789908222,0.03909885326355607
0.06286773397124558,0.048767908243979426
0.052981132622478125,0.03888130689521202
0.055445232132216075,0.04134540640495
0.04060533069141555,0.02650550496414944
0.06565658253960673,0.05155675681234059
0.055750808582850066,0.041650982855583954
0.031218272832548723,0.017118447105282597
0.0615446840673956,0.047444858340129493
0.04387145003677884,0.029771624309512745
0.05276850738312264,0.03866868165585651
0.05839613180350638,0.04429630607624027
0.04209595808485883,0.027996132357592726
0.049612979488395104,0.03551315376112898
0.050903066112867455,0.03680324038560133
0.06013132823185833,0.046031502504592196
0.056201785666641815,0.042101959939375704
0.0712004074892522,0.057100581761986076
0.06700619330191958,0.05290636757465349
0.04796898282671133,0.033869157099445234
0.06352973008096698,0.04942990435370089
0.055894370739682724,0.04179454501241661
0.06600460742739961,0.051904781700133525
0.033865909298068715,0.0197660835708026
0.06691798681228937,0.05281816108502324
0.03931368917154574,0.025213863444279623
0.06447541935684349,0.05037559362957739
0.0500948573644155,0.035995031637149386
0.06260843437609054,0.04850860864882441
0.05893769781083834,0.04483787208357222
0.042418539721527614,0.028318713994261488
0.037226054461523876,0.023126228734257768
0.05011846974633702,0.0360186440190709
0.0573624788556563,0.04326265312839018
0.04612941540083235,0.03202958967356625
0.04695256647255131,0.03285274074528517
0.06333481350897463,0.0492349877817085
0.05523469042008166,0.041134864692815555
0.06559469579067805,0.051494870063411885
0.0493793524800534,0.03527952675278728
0.04594699924598506,0.03184717351871894
0.04502344846337711,0.030923622736110993
0.07060130871771289,0.056501482990446765
0.056399521227032436,0.042299695499766345
0.04768356760890975,0.03358374188164365
0.058329868239987565,0.04423004251272147
0.02877920235249823,0.014679376625232112
0.06507710046078462,0.0509772747335185
0.05933583016136104,0.04523600443409492
0.04559890993433924,0.03149908420707312
0.055508251557445924,0.0414084258301798
0.05134045590363018,0.03724063017636406
0.04940354970094029,0.035303723973674185
0.06350728558045603,0.04940745985318991
0.05415681021218313,0.04005698448491701
0.06322115322294913,0.04912132749568301
0.05041158288642653,0.03631175715916041
0.06580163707413153,0.05170181134686542
0.06642903354951946,0.05232920782225335
0.06064127239428857,0.04654144666702246
0.05214642088249193,0.03804659515522582
0.04673519546248131,0.03263536973521518
0.03473384949087485,0.02063402376360873
0.058711747131982274,0.04461192140471615
0.04371773265176065,0.02961790692449454
0.05681728370174903,0.04271745797448293
0.05786276001179018,0.04376293428452407
0.03680858277132696,0.022708757044060827
0.05295576290624601,0.03885593717897991
0.057294972018312344,0.043195146291046226
0.03902977018398884,0.024929944456722745
0.047752934097593916,0.03365310837032781
0.06365668634523981,0.0495568606179737
0.07756394852291267,0.06346412279564656
0.0557160723773509,0.04161624665008478
0.05166749409261394,0.03756766836534782
0.05344856462293915,0.03934873889567301
0.06728689894529435,0.053187073218028263
0.04581884777190586,0.03171902204463975
0.049716348712366895,0.0356165229851008
0.04665029019883826,0.032550464471572144
0.06682682665158686,0.052727000924320734
0.0592249798412793,0.045125154114013175
0.05560471000841951,0.0415048842811534
0.06411555090505719,0.050015725177791084
0.03337491087386805,0.019275085146601926
0.04805922168771452,0.033959395960448405
0.057501021899885534,0.043401196172619415
0.04814518116518612,0.03404535543792001
0.05559724658162184,0.04149742085435573
0.0506154277267134,0.036515601999447284
0.05974791035536495,0.04564808462809882
0.020282996009055535,0.0061831702817894164
0.054791755168900315,0.04069192944163419
0.06672442790606634,0.05262460217880026
0.042720311584498315,0.02862048585723222
0.06356520042958251,0.0494653747023164
0.05008985441993891,0.03599002869267279
0.04633094285439355,0.032231117127127444
0.047981458431280856,0.03388163270401475
0.053259279787751905,0.03915945406048579
0.056354931708142514,0.04225510598087639
0.053711012157859166,0.039611186430593054
0.04619130297743369,0.03209147725016759
0.05991710697681159,0.04581728124954549
0.06604860596892993,0.05194878024166381
0.07006698611832964,0.05596716039106353
0.06625523277557509,0.052155407048308955
0.05600942225909994,0.04190959653183382
0.04742094505376348,0.033321119326497374
0.047192613447756986,0.03309278772049088
0.04633807827608823,0.03223825254882213
0.040089690705628435,0.02598986497836232
0.0581544537547581,0.04405462802749197
0.06225941116455944,0.04815958543729331
0.04980942785402076,0.03570960212675467
0.06423687647468836,0.050137050747422245
0.054074472764354606,0.03997464703708848
0.054588519179107765,0.040488693451841654
0.03717578127360887,0.02307595554634275
0.06572878601931825,0.051628960292052155
0.05101128839991144,0.03691146267264532
0.06176676610384494,0.047666940376578835
0.03061789844556821,0.01651807271830208
0.04833420516022051,0.0342343794329544
0.049353647232433025,0.035253821505166934
0.06154278308159039,0.04744295735432428
0.05257017739959811,0.038470351672331995
0.05251355329893717,0.03841372757167106
0.0461378798948531,0.03203805416758697
0.057085732000785004,0.04298590627351889
0.049346775765687564,0.035246950038421467
0.047742752479726494,0.033642926752460375
0.06027655622719504,0.046176730499928945
0.04893504974968111,0.03483522402241499
0.04193202357223588,0.027832197844969778
0.0429633868317195,0.028863561104453386
0.052896161173419484,0.038796335446153386
0.0629400197008376,0.04884019397357148
0.0511588325189197,0.037059006791653575
0.040068844344393464,0.02596901861712737
0.07066218116561553,0.05656235543834945
0.05684179804174773,0.042741972314481624
0.05444865800978056,0.040348832282514444
0.056328439673552395,0.042228613946286284
0.04781554659160649,0.03371572086434037
0.06890395660406612,0.05480413087680001
0.049795334084906995,0.03569550835764087
0.06428627204622112,0.05018644631895499
0.052770289701454566,0.038670463974188454
0.05445250480496866,0.04035267907770256
0.04638676587981408,0.032286940152547974
0.06829989158377503,0.05420006585650888
0.05837681410822077,0.04427698838095465
0.05558895115876113,0.041489125431495015
0.050342969040377564,0.036243143313111466
0.05365381829268206,0.039553992565415946
0.05582686410163273,0.04172703837436663
0.04974148509293796,0.035641659365671846
0.06591393836632105,0.05181411263905492
0.04070906317399205,0.026609237446725918
0.059407893764926605,0.045308068037660486
0.05255147851955798,0.03845165279229188
0.058722771120159244,0.044622945392893146
0.06741839128234654,0.05331856555508045
0.046083975183836084,0.03198414945656998
0.0653842359634073,0.05128441023614118
0.0654768718709853,0.051377046143719206
0.0780296842709661,0.06392985854370001
0.04289796205048153,0.028798136323215404
0.05654423888212179,0.04244441315485566
0.05876682284087388,0.04466699711360779
0.055556064784191235,0.04145623905692513
0.05063840957399354,0.03653858384672743
0.05847410060259467,0.044374274875328565
0.05550376067358086,0.041403934946314745
0.044962226848196896,0.030862401120930767
0.05042296459523675,0.03632313886797064
0.04129365078328896,0.027193825056022837
0.05800504979456369,0.04390522406729757
0.04896272402264329,0.03486289829537718
0.05350444061807912,0.039404614890813004
0.055314252509494954,0.04121442678222884
0.05633793423043026,0.04223810850316413
0.04636391168455163,0.032264085957285506
0.0502822887883864,0.03618246306112028
0.05653443191829282,0.0424346061910267
0.06893594245382718,0.05483611672656106
0.052279551080080866,0.03817972535281476
0.07406998405070718,0.05997015832344106
0.0498591213824514,0.035759295655185305
0.06745517951644331,0.053355353789177225
0.04244772042316634,0.02834789469590023
0.05645238629817152,0.04235256057090541
0.04638848718646927,0.032288661459203144
0.040251575488663566,0.026151749761397454
0.053667187418623925,0.0395673616913578
0.06664335123752836,0.05254352551026225
0.06401729089716794,0.04991746516990185
0.04569225212999768,0.03159242640273157
0.05429575984710001,0.04019593411983389
0.05013420290728815,0.03603437718002203
0.06376620968252467,0.04966638395525854
0.060850553916246754,0.04675072818898065
0.05454832220625918,0.04044849647899307
0.06538026652138809,0.05128044079412199
0.04241706867162136,0.028317242944355225
0.06085770533211883,0.046757879604852705
0.055018428002524856,0.040918602275258745
0.046943508894658245,0.03284368316739214
0.02967848250112037,0.01557865677385427
0.04370139431502287,0.029601568587756748
0.060469833349094254,0.04637000762182812
0.030180108860443013,0.016080283133176915
0.03177313814896714,0.017673312421701018
0.05275255545278337,0.03865272972551726
0.05899165223121546,0.04489182650394936
0.044237321160392765,0.030137495433126625
0.05361472672775634,0.03951490100049024
0.049656553195344504,0.03555672746807838
0.07138977490939277,0.05728994918212665
0.04276002835886269,0.028660202631596583
0.06564702014482472,0.05154719441755861
0.06877899966198288,0.05467917393471677
0.0752465059451633,0.06114668021789721
0.07875001881455558,0.06465019308728946
0.06636289700369499,0.05226307127642885
0.039894542751352825,0.02579471702408672
0.06180057205426521,0.047700746326999104
0.07191535777235136,0.05781553204508525
0.04932983247536847,0.03523000674810235
0.04493223610645161,0.030832410379185507
0.040616859806410374,0.026517034079144273
0.06168405670648981,0.0475842309792237
0.05804527774724681,0.043945452019980694
0.048108884057150095,0.034009058329884
0.03657346057456958,0.02247363484730347
0.05868789091074413,0.044588065183478014
0.05310195664749664,0.03900213092023053
0.06186913201693156,0.04776930628966544
0.042422678232033564,0.028322852504767463
0.053478160813776404,0.039378335086510285
0.049283440291348964,0.035183614564082845
0.0619328586009696,0.04783303287370348
0.0656379360343789,0.051538110307112764
0.04350401822133441,0.029404192494068296
0.06952839536554159,0.05542856963827549
0.06792006789848563,0.05382024217121951
0.05804313398770656,0.04394330826044043
0.06314360333567266,0.049043777608406544
0.05469293801290702,0.040593112285640914
0.05929860341567709,0.045198777688410983
0.04235432601368961,0.028254500286423494
0.050790875246459616,0.0366910495191935
0.060528308435830264,0.046428482708564145
0.05486305699217371,0.04076323126490762
0.05896218632574601,0.044862360598479895
0.06967246339728671,0.055572637670020575
0.05925831791190711,0.045158492184641
0.045235414557310935,0.031135588830044823
0.06789067707556726,0.05379085134830115
0.04418263717210003,0.030082811444833907
0.04779253301703883,0.033692707289772715
0.06020916324160896,0.04610933751434284
0.03703601558602976,0.02293618985876364
0.06581919877599993,0.05171937304873381
0.058378148892839536,0.04427832316557342
0.07033422503095463,0.056234399303688495
0.06214574429421251,0.048045918566946406
0.06258209871013984,0.0484822729828737
0.05660150733425479,0.04250168160698868
0.05965154991267797,0.04555172418541184
0.04654322612065948,0.032443400393393364
0.07050828650965645,0.05640846078239033
0.06032305591351093,0.04622323018624481
0.06205009201885649,0.047950266291590354
0.04356483969213236,0.029465013964866255
0.06555243268802792,0.05145260696076179
0.06362368557088863,0.04952385984362252
0.06196749523142085,0.04786766950415473
0.06916884187411211,0.05506901614684599
0.04558100905406436,0.031481183326798244
0.05921853911830298,0.045118713391036874
0.04926701932612779,0.035167193598861654
0.05491671805599326,0.040816892328727136
0.034959391177018094,0.020859565449751972
0.05598679587386786,0.041886970146601754
0.04137638059044881,0.027276554863182693
0.048726229181885745,0.03462640345461962
0.048185602827971796,0.034085777100705685
0.060137569147629244,0.046037743420363125
0.06408462944421713,0.04998480371695102
0.05952923801232478,0.045429412285058667
0.04362766915712327,0.029527843429857138
0.05908462641269637,0.044984800685430246
0.05237949329572908,0.03827966756846297
0.04933107891931309,0.035231253192047
0.05878603806258599,0.044686212335319886
0.05285620182970794,0.03875637610244182
0.03789757293932008,0.02379774721205394
0.053392821334719294,0.03929299560745317
0.06530290072762383,0.0512030750003577
0.053440886941286084,0.03934106121401998
0.05378741570480731,0.03968758997754119
0.04912838182048832,0.03502855609322219
0.05103938995227647,0.03693956422501038
0.03840840234548114,0.024308576618215026
0.04710362718298166,0.033003801455715555
0.0646509452486853,0.05055111952141916
0.022829213439979786,0.008729387712713668
0.05750697567432386,0.04340714994705777
0.05284362163961193,0.03874379591234581
0.061763012702325454,0.04766318697505933
0.06088928359180026,0.04678945786453416
0.0653653440162012,0.051265518288935094
0.0423937807697089,0.028293955042442795
0.05466425617362419,0.04056443044635808
0.053080067341706116,0.038980241614440005
0.07526280080661746,0.061162975079351325
0.05755894243829119,0.04345911671102508
0.06506218775056517,0.05096236202329906
0.04807637748665017,0.03397655175938406
0.07257421297807534,0.0584743872508092
0.05527531407971362,0.04117548835244749
0.0364014051739955,0.022301579446729405
0.044497536681349564,0.03039771095408346
0.04404961013038534,0.02994978440311923
0.06175568891228787,0.04765586318502176
0.050952364280709844,0.03685253855344374
0.0416053337628262,0.027505508035560067
0.07770044793703135,0.06360062220976523
0.04611699697455386,0.03201717124728775
0.0571110927137281,0.04301126698646198
0.05646485986718704,0.04236503413992092
0.05781007991476426,0.04371025418749814
0.04576849239816831,0.03166866667090219
0.06035158601817805,0.046251760290911936
0.05662277289806815,0.04252294717080203
0.0529668046651308,0.03886697893786468
0.045819142775184535,0.0317193170479184
0.05611183184509769,0.04201200611783155
0.057894996342072375,0.04379517061480628
0.042256815710969495,0.02815698998370337
0.04883800179534954,0.03473817606808344
0.05163647851777254,0.03753665279050644
0.05148241826994136,0.03738259254267524
0.0505396183264748,0.03643979259920867
0.05422937964162202,0.0401295539143559
0.03177260985159296,0.017672784124326865
0.05927945761969072,0.0451796318924246
0.06754633919927241,0.05344651347200631
0.0530787203169485,0.0389788945896824
0.032791206763223175,0.018691381035957067
0.055961247018121975,0.04186142129085586
0.05483718443065882,0.0407373587033927
0.049102963953567814,0.035003138226301696
0.05785957627171001,0.04375975054444389
0.07092484368495851,0.05682501795769239
0.05633863447399189,0.04223880874672579
0.08370105387695431,0.06960122814968822
0.060060628365190605,0.045960802637924486
0.04595196647892654,0.03185214075166042
0.06987445921619746,0.05577463348893134
0.04805931257287728,0.03395948684561118
0.04637990203471739,0.03228007630745126
0.0336969192973086,0.01959709357004249
0.05195118652026397,0.037851360792997855
0.03415332060618969,0.020053494878923588
0.05642536939501727,0.04232554366775115
0.05943259342250357,0.04533276769523748
0.056006008690326146,0.04190618296306001
0.05701474491628145,0.042914919189015355
0.05037733376446248,0.03627750803719637
0.06207704731460425,0.04797722158733816
0.05665107893061116,0.04255125320334504
0.05159520153826889,0.03749537581100279
0.050849484419216905,0.03674965869195078
0.05983784162105472,0.04573801589378861
0.07748349100505471,0.06338366527778859
0.061747899068229306,0.047648073340963194
0.07068299775400924,0.05658317202674314
0.04761316157937624,0.03351333585211014
0.06548116836827023,0.05138134264100411
0.05302450254920775,0.038924676821941645
0.06350024442336001,0.04940041869609387
0.05093015761843138,0.03683033189116527
0.06392681206613972,0.04982698633887359
0.059449787327962855,0.04534996160069676
0.06572358192316971,0.05162375619590358
0.05217820299934174,0.03807837727207562
0.06530649503355349,0.051206669306287374
0.059018187850513,0.04491836212324689
0.037829534096076915,0.023729708368810814
0.05408833350171637,0.03998850777445026
0.06140258403220995,0.04730275830494382
0.04581096414014648,0.03171113841288036
0.05296688299193483,0.0388670572646687
0.03656678079513343,0.02246695506786731
0.0544781624630632,0.04037833673579709
0.05165312463189408,0.03755329890462796
0.0724141416653118,0.05831431593804568
0.06118568159343554,0.04708585586616944
0.06475398478761321,0.05065415906034711
0.07447842643036381,0.060378600703097716
0.045687551904812385,0.03158772617754627
0.059036076212789924,0.0449362504855238
0.055916119400261345,0.04181629367299523
0.05761329722205874,0.04351347149479261
0.05286621692073991,0.038766391193473804
0.06382055851948898,0.04972073279222285
0.05700363936314962,0.04290381363588351
0.04948935875827637,0.03538953303101026
0.05774926423241538,0.043649438505149254
0.0692865775204783,0.05518675179321219
0.06321468580222948,0.04911486007496336
0.061126868440894586,0.04702704271362849
0.04900217424901255,0.034902348521746444
0.04902670696328374,0.034926881236017615
0.051320087463387926,0.03722026173612181
0.06131833594097152,0.04721851021370539
0.064801828956539,0.050702003229272895
0.05423226163471879,0.04013243590745267
0.0344568647277049,0.02035703900043878
0.07458337682304134,0.06048355109577524
0.05784171550583441,0.0437418897785683
0.04922249004563746,0.03512266431837135
0.07410216008791735,0.06000233436065122
0.05136221051930543,0.037262384792039284
0.04062813623465837,0.02652831050739226
0.05762811620116961,0.0435282904739035
0.04481236277176512,0.03071253704449901
0.04349516159635593,0.029395335869089816
0.06213040649737228,0.0480305807701062
0.06215778901438313,0.04805796328711703
0.05287020065148402,0.038770374924217914
0.0740329073112626,0.05993308158399649
0.04595230679425017,0.031852481066984066
0.04669672945827739,0.032596903731011255
0.057361207355278214,0.04326138162801212
0.043811214881242,0.029711389153975885
0.041940420977181175,0.027840595249915053
0.05216709616808362,0.03806727044081751
0.0582773253488631,0.044177499621596956
0.07238448007028084,0.05828465434301472
0.056687948226808,0.04258812249954189
0.051290605226473995,0.03719077949920787
0.04368975013326559,0.029589924405999463
0.044348951582759075,0.030249125855492963
0.06616130716849501,0.05206148144122889
0.05621672555153408,0.042116899824268
0.04532090636602319,0.031221080638757077
0.04448262305234487,0.03038279732507876
0.06366480042777974,0.049564974700513596
0.03505429353585972,0.020954467808593627
0.05153652216791088,0.03743669644064475
0.037683030080295075,0.023583204353028967
0.04693412393095017,0.032834298203684054
0.05133942522445693,0.0372395994971908
0.04347313203793795,0.02937330631067182
0.07641217292457544,0.06231234719730935
0.04757369135526392,0.03347386562799781
0.05186614386476993,0.03776631813750383
0.04832475722773409,0.03422493150046797
0.043460648866389104,0.029360823139122996
0.03593779627584418,0.02183797054857808
0.06052394282148773,0.046424117094221624
0.060489294203578584,0.046389468476312465
0.05188066042739594,0.03778083470012983
0.039671729520150065,0.025571903792883953
0.05420601515119155,0.040106189423925444
0.05045213280081725,0.03635230707355114
0.057647153080719236,0.043547327353453125
0.06709248018769214,0.05299265446042603
0.0476768325639815,0.03357700683671539
0.061996840662872484,0.047897014935606365
0.04548864774256202,0.03138882201529591
0.059489984370337104,0.045390158643071
0.033896871750588885,0.01979704602332277
0.05230420439734427,0.03820437867007817
0.03647299348704118,0.022373167759775055
0.05982823258072405,0.045728406853457935
0.0493899559098582,0.03529013018259209
0.05335930288813667,0.03925947716087059
0.06995637247681019,0.05585654674954406
0.057553782473390054,0.043453956746123956
0.059113369464806755,0.04501354373754064
0.05325195627824931,0.0391521305509832
0.050179404555751185,0.036079578828485066
0.04158233201336927,0.027482506286103173
0.040503673051858306,0.026403847324592212
0.06142430573295351,0.04732448000568741
0.0534205056733442,0.039320679946078095
0.05083624745703268,0.03673642172976658
0.060183687365326685,0.046083861638060594
0.05343958991126128,0.039339764183995166
0.06213554735606856,0.04803572162880245
0.05737070876764795,0.04327088304038185
0.06141463621996377,0.04731481049269767
0.05829461791175403,0.04419479218448793
0.05236878190354192,0.038268956176275806
0.05983963673605597,0.04573981100878984
0.08000684595955813,0.06590702023229197
0.07866665958220836,0.06456683385494219
0.05634362241198378,0.042243796684717665
0.05178158872757994,0.037681763000313825
0.05907496441967824,0.044975138692412125
0.03397396329142416,0.019874137564158043
0.04540774124236544,0.031307915515099316
0.03316332089313158,0.019063495165865474
0.03512223862516391,0.021022412897897785
0.060900414121268065,0.046800588394001946
0.055486187580505886,0.04138636185323976
0.05871800811744742,0.04461818239018131
0.06294203973455059,0.048842214007284494
0.0717804621152423,0.057680636387976214
0.050724122908647175,0.03662429718138105
0.0474992008258773,0.0333993750986112
0.03981037160065375,0.025710545873387624
0.0650916833577221,0.050991857630455974
0.06035631846781793,0.04625649274055181
0.061742728761896334,0.04764290303463021
0.05564284794141884,0.041543022214152715
0.04140618676275679,0.02730636103549067
0.06129909713705257,0.047199271409786456
0.06251798565135981,0.04841815992409369
0.053949910579672786,0.03985008485240666
0.06691189258724678,0.052812066859980654
0.05581066060120085,0.04171083487393473
0.04917538715492961,0.03507556142766349
0.05528090635525056,0.04118108062798445
0.07386029024813157,0.05976046452086544
0.053554604751642615,0.03945477902437651
0.06094469234411598,0.04684486661684989
0.04268499007931818,0.028585164352052064
0.04773539418479505,0.033635568457528936
0.04700250981460747,0.032902684087341344
0.04329667658240552,0.029196850855139397
0.04677007680932373,0.03267025108205762
0.046852574428263113,0.032752748700996995
0.059455562926333555,0.04535573719906746
0.059940233495317255,0.045840407768051136
0.05673130087280562,0.0426314751455395
0.04942538988781325,0.035325564160547135
0.05992600198913675,0.045826176261870626
0.05931411743072375,0.045214291703457636
0.04667464911673288,0.032574823389466774
0.05370772061502746,0.039607894887761334
0.024996743775280876,0.01089691804801476
0.06182460034177267,0.04772477461450657
0.04930342061008063,0.035203594882814535
0.05392124054219634,0.03982141481493021
0.06825458027264199,0.05415475454537586
0.05782522646655916,0.043725400739293034
0.058089011207401786,0.04398918548013569
0.06602616455822197,0.05192633883095586
0.06068289611912934,0.046583070391863234
0.06462009808734509,0.05052027236007898
0.04702326477759399,0.03292343905032787
0.06261996788817371,0.0485201421609076
0.04987788188814547,0.035778056160879354
0.06690750834767425,0.052807682620408136
0.05295935861789376,0.03885953289062764
0.06222258563879675,0.04812275991153063
0.06347078369977685,0.04937095797251072
0.0617992461947309,0.04769942046746478
0.06277786823032562,0.04867804250305951
0.06702866119327723,0.05292883546601112
0.06002697770493608,0.045927151977669986
0.06577606512052818,0.05167623939326208
0.053648601447002404,0.03954877571973628
0.04293037328492667,0.028830547557660537
0.05524345221346747,0.04114362648620136
0.04935409608524533,0.0352542703579792
0.05526663343218743,0.04116680770492132
0.045268746910564,0.031168921183297872
0.07011135281077219,0.05601152708350607
0.03661908286853807,0.022519257141271974
0.03454615424426544,0.02044632851699933
0.05367449079461545,0.039574665067349336
0.05751097903682499,0.04341115330955888
0.05108710050226433,0.03698727477499821
0.05741080246112457,0.043310976733858454
0.055289710531753446,0.04118988480448733
0.036591723379768994,0.02249189765250289
0.08689819417471309,0.07279836844744698
0.07737507337537633,0.0632752476481102
0.03073867555084135,0.016638849823575243
0.055638429578510964,0.04153860385124484
0.07361062136251385,0.05951079563524773
0.057020012058925214,0.04292018633165911
0.05089966631278624,0.03679984058552012
0.048600735884121275,0.034500910156855163
0.05443256300240808,0.04033273727514195
0.06274527245130312,0.04864544672403701
0.06397708057461494,0.04987725484734881
0.05773122231649955,0.043631396589233436
0.06681759883158316,0.052717773104317064
0.0692087147873549,0.05510888906008882
0.03634304471149664,0.02224321898423052
0.04031811019797778,0.026218284470711672
0.038503762923368115,0.024403937196102
0.04647380440319096,0.032373978675924835
0.04943226947440044,0.03533244374713433
0.04548325742499731,0.0313834316977312
0.041246942477849456,0.02714711675058334
0.048572151109427024,0.03447232538216092
0.06980183275575333,0.05570200702848723
0.057952797552674275,0.04385297182540818
0.0604507988407424,0.04635097311347629
0.06278054019270433,0.04868071446543825
0.07906602151588203,0.06496619578861594
0.055084062144747675,0.04098423641748156
0.06118932681035449,0.047089501083088355
0.04836315048266671,0.03426332475540059
0.06364874310775945,0.04954891738049333
0.057515294588986646,0.043415468861720534
0.059548432802282676,0.045448607075016564
0.06360852034357949,0.04950869461631337
0.05828259708450893,0.044182771357242814
0.058745929017648454,0.04464610329038236
0.06634554354610317,0.05224571781883706
0.04202401825937658,0.027924192532110478
0.05897120972488607,0.04487138399761997
0.039436309378567416,0.025336483651301298
0.05720720580938745,0.04310738008212133
0.06595591294980792,0.05185608722254181
0.05128537979199928,0.03718555406473316
0.048410592883730216,0.034310767156464105
0.06407271985151557,0.04997289412424949
0.054536476198240876,0.04043665047097474
0.040859342337503546,0.026759516610237406
0.05307542114732337,0.03897559542005726
0.06561104582386282,0.05151122009659671
0.0627699531221697,0.048670127394903596
0.044756148947713716,0.030656323220447604
0.038361923291872574,0.024262097564606462
0.05150132796591319,0.037401502238647064
0.03337746661688647,0.019277640889620376
0.060778322568505516,0.04667849684123939
0.06257453785294652,0.04847471212568039
0.056052213111067326,0.041952387383801214
0.06881840522670375,0.05471857949943766
0.05969800453586604,0.045598178808599926
0.07045212917892185,0.05635230345165574
0.0518057761112732,0.03770595038400707
0.05053358720658652,0.03643376147932041
0.04581903749570726,0.031719211768441155
0.0603319085232626,0.04623208279599648
0.06808584878480076,0.053986023057534645
0.05762092993351231,0.04352110420624618
0.05783437608560997,0.043734550358343866
0.04331634588369887,0.02921652015643276
0.047386989622528054,0.03328716389526194
0.040454934104006364,0.02635510837674025
0.039454623784705385,0.025354798057439273
0.04873082165853186,0.03463099593126575
0.05819254206898797,0.04409271634172187
0.04432398618525913,0.03022416045799301
0.07222352977388798,0.058123704046621864
0.06149616860639677,0.047396342879130644
0.05063508363269997,0.03653525790543385
0.04983570230435225,0.03573587657708612
0.04770748795484575,0.03360766222757964
0.05764664332155335,0.04354681759428724
0.04407413979738289,0.02997431407011676
0.03788417490789482,0.023784349180628706
0.047349105375271254,0.03324927964800515
0.054317753593712326,0.04021792786644622
0.05809513138236947,0.043995305655103366
0.05834843878895651,0.044248613061690395
0.061393328114184575,0.04729350238691844
0.041905449050917844,0.027805623323651746
0.0468864946778942,0.032786668950628095
0.02712594430340423,0.013026118576138113
0.051548071197241925,0.0374482454699758
0.043774348221950164,0.029674522494684052
0.04841431937031939,0.03431449364305328
0.052391860693088266,0.03829203496582215
0.04739643007428299,0.03329660434701688
0.04539114035478438,0.031291314627518246
0.06585382459110921,0.05175399886384309
0.048772462375214744,0.03467263664794863
0.05319233781632363,0.0390925120890575
0.06468351709847886,0.05058369137121274
0.050006477164838914,0.0359066514375728
0.04838376047630464,0.03428393474903851
0.05510212894716374,0.04100230321989764
0.04839423661889455,0.03429441089162843
0.05422177876753821,0.04012195304027211
0.050718509261560386,0.03661868353429428
0.04137116997499949,0.0272713442477334
0.07837498985443049,0.06427516412716439
0.0530569026920805,0.038957076964814374
0.05362217031554128,0.039522344588275145
0.056333283408060465,0.042233457680794353
0.05498387304172461,0.04088404731445849
0.05867643731526473,0.04457661158799863
0.0666035377796818,0.0525037120524157
0.07481675506643848,0.06071692933917234
0.05738628460308159,0.04328645887581547
0.04767433406929685,0.03357450834203074
0.0679554582722156,0.053855632544949475
0.06322379151622849,0.04912396578896239
0.04727019066563009,0.033170364938363964
0.059074897946437416,0.044975072219171304
0.06230170808332178,0.04820188235605567
0.04584923280831297,0.03174940708104686
0.04057214480207837,0.02647231907481224
0.056470027394732426,0.042370201667466315
0.042645368063738566,0.028545542336472437
0.06222624697756366,0.04812642125029755
0.060116058878328334,0.046016233151062236
0.060570901131278436,0.04647107540401232
0.050036032959337576,0.03593620723207145
0.06632145107997066,0.052221625352704554
0.05774191990484081,0.043642094177574677
0.05256936539207167,0.038469539664805555
0.04456303260504905,0.030463206877782933
0.05337472849338621,0.0392749027661201
0.05795566040130729,0.04385583467404117
0.0667695923978932,0.05266976667062709
0.03848407848180793,0.024384252754541813
0.05357794031745618,0.03947811459019005
0.06478005609989558,0.050680230372629455
0.06281431914912566,0.04871449342185954
0.07350500303809235,0.05940517731082624
0.06658678475077351,0.05248695902350738
0.07207510590873409,0.05797528018146797
0.048432757318765826,0.0343329315914997
0.060055860006787094,0.04595603427952096
0.047520529927799274,0.033420704200533155
0.04512188067220898,0.03102205494494286
0.07678676803584952,0.06268694230858336
0.06734549177243808,0.053245666045171974
0.07219004362377343,0.05809021789650729
0.04079477506566503,0.02669494933839891
0.05401956498457035,0.039919739257304236
0.0627586726180956,0.04865884689082949
0.04924126040099742,0.035141434673731306
0.0526177697535545,0.0385179440262884
0.07114858431010754,0.05704875858284141
0.04964726279621233,0.03554743706894622
0.0443778873096692,0.030278061582403096
0.059017741736486364,0.044917916009220245
0.045894022237067955,0.03179419650980184
0.06671256560597741,0.05261273987871132
0.05475034689951278,0.04065052117224669
0.04973164464007289,0.03563181891280676
0.046598296792729775,0.03249847106546366
0.0341967570312411,0.02009693130397501
0.05155212816851209,0.03745230244124597
0.05450789056774624,0.040408064840480123
0.06161417610930379,0.0475143503820377
0.04970869343399462,0.03560886770672851
0.05987104289284989,0.04577121716558379
0.05956182028895548,0.04546199456168938
0.05574506369447335,0.04164523796720724
0.07445401563067407,0.060354189903407955
0.06569119919173913,0.05159137346447302
0.06783433731850076,0.05373451159123462
0.06428790370044397,0.0501880779731779
0.05279498731205705,0.0386951615847909
0.06133176467824874,0.04723193895098259
0.05972344497867974,0.04562361925141362
0.04712730044910288,0.03302747472183677
0.04800319573692582,0.033903370009659685
0.0561610084621693,0.04206118273490319
0.061572830324503815,0.04747300459723769
0.051290330875381714,0.03719050514811561
0.05026215356673833,0.03616232783947221
0.04609493848575267,0.03199511275848656
0.07148646654834946,0.05738664082108332
0.04549139673167267,0.03139157100440655
0.06862366433862216,0.05452383861135607
0.05774940063681779,0.04364957490955167
0.058813461068927764,0.04471363534166167
0.052177687502431014,0.03807786177516491
0.06094209771088244,0.04684227198361631
0.05323445499750171,0.03913462927023559
0.047338689031524016,0.033238863304257904
0.04767267662260078,0.03357285089533465
0.050525136682727095,0.03642531095546098
0.05885003761735908,0.04475021189009296
0.038424145980950036,0.024324320253683914
0.061700975548810065,0.04760114982154392
0.04175433311049518,0.027654507383229082
0.0398482216834889,0.02574839595622279
0.036547608202440636,0.02244778247517452
0.05436586757466089,0.04026604184739475
0.06264022957930541,0.048540403852039296
0.07505730058491368,0.06095747485764757
0.05771676495001231,0.043616939222746176
0.05341584187850154,0.03931601615123541
0.04801872048113949,0.033918894753873385
0.05746703017281959,0.043367204445553476
0.044903064960690214,0.03080323923342411
0.04558985129713334,0.03149002556986723
0.05684360670525013,0.04274378097798403
0.05059729853009158,0.03649747280282548
0.07895469197407402,0.06485486624680792
0.059981315692202115,0.045881489964936004
0.05166587067648366,0.03756604494921755
0.06179911087068726,0.047699285143421144
0.07455531156603872,0.060455485838772596
0.048104100408628184,0.03400427468136208
0.0641498589174365,0.05005003319017038
0.040107607630111404,0.026007781902845292
0.05017758379468774,0.03607775806742164
0.0568176001753208,0.04271777444805469
0.03111126785292911,0.017011442125662996
0.06089502385505831,0.0467951981277922
0.0521787233223943,0.038078897595128176
0.046423673073420706,0.03232384734615459
0.05302482948852093,0.03892500376125481
0.07359050033427594,0.059490674607009845
0.04738901324852127,0.03328918752125514
0.04617271802688469,0.032072892299618565
0.05656696554712627,0.04246713981986017
0.03089151445313887,0.016791688725872757
0.046773708485010994,0.03267388275774489
0.03470348630580844,0.02060366057854233
0.0461474137996029,0.03204758807233679
0.05459631369664085,0.04049648796937475
0.053784504395270216,0.03968467866800409
0.045749037863667893,0.031649212136401775
0.05635793469465809,0.04225810896739198
0.051801328627864664,0.03770150290059856
0.06247511405736604,0.048375288330099915
0.07460430182614815,0.06050447609888205
0.05136689488721949,0.037267069159953356
0.057102254251009725,0.04300242852374362
0.05921880547201586,0.045118979744749745
0.059785495519793404,0.045685669792527285
0.05054646523931629,0.03644663951205017
0.050016257377702156,0.03591643165043606
0.04848474648870741,0.03438492076144131
0.04091461825066255,0.026814792523396438
0.06091005394048619,0.046810228213220076
0.047616892354972115,0.033517066627705996
0.05088412381696094,0.03678429808969482
0.054971875680354984,0.04087204995308887
0.07253947940048783,0.05843965367322169
0.05483434142084845,0.040734515693582336
0.05999497327786469,0.045895147550598585
0.07457034895188368,0.060470523224617545
0.0713071769982537,0.057207351270987576
0.05195672553284523,0.03785689980557911
0.03864775420137598,0.02454792847410987
0.06400553616887698,0.04990571044161087
0.0631505448589353,0.049050719131669196
0.06590102871572051,0.051801202988454385
0.0633209248413027,0.049221099114036576
0.04755216331180173,0.03345233758453563
0.05259774771918399,0.03849792199191787
0.06888026345208507,0.054780437724818956
0.06680741662109133,0.0527075908938252
0.04170865457739003,0.027608828850123918
0.07032915610980595,0.05622933038253984
0.05101792608822799,0.03691810036096189
0.05236666168158863,0.038266835954322516
0.054462592707298134,0.04036276698003202
0.06471000530623293,0.050610179578966824
0.07727603704704636,0.06317621131978021
0.05476476739839928,0.04066494167113317
0.04327352154708002,0.029173695819813925
0.054013384694519884,0.03991355896725375
0.043697373912159096,0.02959754818489299
0.04489626938692123,0.030796443659655108
0.04696522260580017,0.03286539687853407
0.06733129266502283,0.053231466937756704
0.06426473208020257,0.05016490635293645
0.057275721840135976,0.04317589611286988
0.06536507558587705,0.051265249858610945
0.062115371765883394,0.048015546038617296
0.07417383678894512,0.060074011061679033
0.059818540138222,0.045718714410955874
0.04572937064352754,0.03162954491626142
0.054570070036443805,0.04047024430917771
0.04902846097939095,0.034928635252124834
0.047035085030785996,0.032935259303519884
0.06036466737542634,0.046264841648160235
0.047552160822241174,0.03345233509497507
0.04695733700658595,0.03285751127931983
0.05975842774278272,0.04565860201551661
0.04848882059483693,0.03438899486757079
0.049931735548874055,0.03583190982160794
0.04228910792805179,0.028189282200785662
0.05396473166188002,0.03986490593461391
0.05876075879235272,0.044660933065086623
0.06874776665717201,0.0546479409299059
0.03498475209939571,0.020884926372129593
0.041702730339247186,0.027602904611981057
0.054419891960211554,0.04032006623294544
0.03663130573897877,0.022531480011712655
0.058551637606500784,0.04445181187923467
0.05427197639926554,0.04017215067199942
0.06699604174352464,0.05289621601625853
0.045825914826440876,0.03172608909917476
0.06453322664507316,0.050433400917807035
0.049274271417624395,0.03517444569035828
0.049614947514554836,0.03551512178728873
0.0726685104181282,0.05856868469086209
0.06363408296151042,0.04953425723424431
0.05929205260204872,0.0451922268747826
0.03822963493139231,0.0241298092041262
0.057572194500342455,0.04347236877307634
0.04278304349825246,0.028683217770986348
0.06266571296554627,0.048565887238280155
0.04337672002328568,0.029276894296019554
0.043279482076266446,0.02917965634900033
0.05737330435537438,0.043273478628108264
0.04883905646411066,0.034739230736844526
0.05798320558609225,0.04388337985882612
0.0600116502458299,0.04591182451856378
0.057005926191376316,0.04290610046411021
0.05533451316237082,0.041234687435104715
0.031643139272986655,0.017543313545720536
0.056134331988940744,0.042034506261674626
0.06545776262959117,0.051357936902325055
0.056387468090106044,0.042287642362839925
0.062456111912852094,0.048356286185585975
0.05706488219273,0.04296505646546392
0.054079760948529385,0.03997993522126327
0.049497975044720366,0.03539814931745427
0.047423680385871345,0.03332385465860523
0.04196621132443848,0.027866385597172385
0.05130489237369001,0.037205066646423895
0.05707005693125555,0.042970231203989434
0.06823374324818923,0.05413391752092314
0.048588881918903634,0.03448905619163753
0.05486365579042454,0.04076383006315843
0.07203916896691547,0.057939343239649346
0.05951114247991475,0.04541131675264865
0.041351699814478234,0.027251874087212104
0.07288674169988821,0.05878691597262212
0.05037433548653971,0.0362745097592736
0.04709558216106722,0.032995756433801114
0.05150590072734575,0.037406075000079655
0.05422795096813187,0.04012812524086576
0.04618621517928562,0.032086389452019505
0.05920617263492928,0.045106346907663165
0.049299016937397924,0.03519919121013179
0.052491968864074416,0.03839214313680828
0.06616117565405415,0.052061349926788014
0.07439795671841189,0.06029813099114577
0.0592552915505455,0.045155465823279374
0.043661788911783996,0.02956196318451787
0.04859453652531694,0.03449471079805084
0.0428147919957923,0.02871496626852619
0.06826179415983753,0.054161968432571414
0.05671119151440851,0.0426113657871424
0.04670711742756053,0.0326072917002944
0.06446744855497837,0.05036762282771225
0.07200503271240559,0.05790520698513947
0.0470216341478932,0.032921808420627106
0.04123605717849814,0.027136231451232035
0.04344109462221431,0.029341268894948182
0.048043257362876284,0.03394343163561017
0.04219461270836895,0.028094786981102838
0.05755106691191753,0.04345124118465142
0.04609890290677944,0.03199907717951333
0.051686200297845486,0.03758637457057937
0.04950587370345072,0.035406047976184615
0.060752201666445835,0.04665237593917973
0.0572965689845913,0.04319674325732518
0.04840595286763717,0.03430612714037105
0.04164358309599725,0.027543757368731162
0.07022881866269938,0.056128992935433296
0.06363114360068603,0.04953131787341991
0.047994894071707525,0.033895068344441386
0.06327693639049957,0.049177110663233464
0.060532423664385195,0.04643259793711907
0.05250898197263345,0.03840915624536734
0.04498397111464154,0.03088414538737543
0.05625241763013736,0.04215259190287124
0.05736650461890533,0.0432666788916392
0.06020421335540051,0.046104387628134375
0.040975971690939327,0.026876145963673208
0.047877490523271275,0.033777664796005163
0.07439709341266518,0.060297267685399066
0.07382173204448786,0.05972190631722174
0.06464969329145932,0.05054986756419322
0.04364832694579888,0.029548501218532777
0.04443713593063043,0.030337310203364314
0.04623004874462605,0.03213022301735993
0.052509247526626064,0.038409421799359966
0.047835507441728216,0.0337356817144621
0.05809883019969918,0.04399900447243305
0.057439317697702566,0.04333949197043646
0.05666586780370458,0.04256604207643849
0.03881493892723286,0.024715113199966755
0.057906590609723106,0.043806764882456974
0.07961363878516947,0.06551381305790337
0.05972138235305253,0.045621556625786416
0.059217052262592704,0.0451172265353266
0.06639351450773247,0.05229368878046636
0.07592732793698485,0.0618275022097187
0.056780752982621044,0.042680927255354925
0.05699439825960548,0.04289457253233938
0.05655838329502079,0.042458557567754664
0.05643627741405331,0.04233645168678721
0.034528109650085306,0.020428283922819188
0.06064884355634115,0.046549017829075036
0.054601607254758176,0.04050178152749206
0.04197116241518711,0.027871336687920995
0.028781534300668193,0.014681708573402072
0.0683776649874703,0.0542778392602042
0.06812156629787297,0.054021740570606845
0.036641616539531394,0.022541790812265303
0.06637805209605793,0.0522782263687918
0.05540903295552797,0.041309207228261854
0.04779224643391368,0.03369242070664757
0.06241547495794534,0.048315649230679235
0.06779557428587388,0.05369574855860776
0.06574595750854814,0.05164613178128201
0.06115953251475875,0.04705970678749263
0.0570686032282517,0.042968777500985586
0.056657446959959834,0.042557621232693736
0.03390718722134797,0.019807361494081875
0.06027009265916959,0.04617026693190347
0.04531623841658906,0.031216412689322938
0.0524067222826065,0.03830689655534039
0.06310164370845364,0.04900181798118753
0.056282753157412865,0.04218292743014674
0.06709173966633208,0.05299191393906598
0.05047319116089147,0.036373365433625356
0.04988301601808557,0.03578319029081945
0.05798149607348174,0.043881670346215616
0.06085573849672893,0.0467559127694628
0.0632891162581681,0.049189290530901986
0.05209853664218275,0.03799871091491661
0.06344440977213982,0.049344584044873706
0.0442873846344528,0.030187558907186704
0.059225741096918326,0.045125915369652214
0.05705240269765673,0.042952576970390614
0.04913672117900842,0.035036895451742295
0.04077263631628332,0.026672810589017215
0.053067071216197054,0.038967245488930935
0.034789797575466366,0.020689971848200234
0.05985805812602428,0.04575823239875815
0.06593245857852183,0.05183263285125573
0.06734558343356468,0.05324575770629855
0.06251644108051371,0.04841661535324759
0.04978174534915174,0.035681919621885626
0.04542115383192368,0.031321328104657556
0.05496911551076708,0.04086928978350096
0.04337800804367649,0.029278182316410366
0.06739486563741262,0.05329503991014647
0.055467165707961966,0.041367339980695875
0.053418568194811306,0.03931874246754519
0.05945322444078813,0.04535339871352201
0.05607973410961047,0.04197990838234438
0.06258618483299426,0.04848635910572814
0.04492947809402931,0.030829652366763195
0.04835896993652571,0.0342591442092596
0.057800194462220573,0.043700368734954476
0.042713624593038894,0.02861379886577278
0.05126301231551563,0.037163186588249526
0.04359503532432472,0.029495209597058595
0.0548513271497737,0.04075150142250758
0.055502743296089604,0.041402917568823486
0.03827795912117259,0.024178133393906485
0.04354553999120207,0.029445714263935975
0.05273275539646092,0.038632929669194786
0.05483547053676049,0.04073564480949438
0.05114206875551653,0.03704224302825043
0.07489505093383308,0.06079522520656695
0.062175494263917275,0.04807566853665117
0.04483153283368636,0.03073170710642025
0.05099908203140467,0.03689925630413857
0.044360483612837426,0.030260657885571314
0.04770350849211907,0.033603682764852934
0.058068291614411495,0.04396846588714538
0.05540969323862247,0.04130986751135634
0.05045964782135821,0.03635982209409211
0.05582321333250613,0.041723387605240025
0.05983935338782553,0.045739527660559415
0.05580321813391729,0.04170339240665117
0.048157874978688266,0.03405804925142216
0.039645573650810145,0.025545747923544027
0.05640012664698234,0.04230030091971622
0.06122055012232124,0.04712072439505514
0.05895652317001643,0.044856697442750317
0.052418159831309784,0.03831833410404369
0.061202195611343435,0.04710236988407732
0.04805202594531903,0.03395220021805291
0.0427928348750363,0.028693009147770187
0.05221897816413084,0.03811915243686474
0.04099107211734832,0.026891246390082214
0.05185370756780295,0.03775388184053683
0.037210184126018925,0.023110358398752816
0.05196673786234628,0.037866912135080165
0.05889250198631688,0.04479267625905077
0.035590178426134135,0.021490352698868002
0.05623918567300014,0.042139359945734034
0.055104260857354224,0.04100443513008812
0.06098114972655634,0.04688132399929023
0.06279016360735831,0.0486903378800922
0.049732400075003125,0.035632574347737006
0.05249034240937837,0.038390516682112255
0.055408636596566724,0.04130881086930061
0.04750149949406272,0.033401673766796605
0.043630078680002564,0.029530252952736452
0.050380188785237756,0.036280363057971624
0.034112153221077815,0.02001232749381169
0.052530393136522524,0.038430567409256405
0.04731473760116439,0.03321491187389827
0.05304762496154512,0.03894779923427901
0.0425717243058764,0.028471898578610284
0.0345310012323613,0.020431175505095198
0.04975204811033708,0.035652222383070954
0.05036940022716812,0.036269574499902035
0.06118922103963559,0.0470893953123695
0.07358745955865093,0.0594876338313848
0.055929465755296476,0.04182964002803036
0.046862959225480144,0.03276313349821404
0.05552716430663563,0.041427338579369505
0.05425274157704643,0.04015291584978033
0.0725568138222731,0.05845698809500699
0.029902703376187535,0.015802877648921427
0.06635262283621828,0.05225279710895215
0.05450979511470001,0.04040996938743388
0.037887794903346546,0.023787969176080434
0.05249090792656764,0.03839108219930153
0.05538351429589598,0.04128368856862986
0.04359840730298026,0.029498581575714146
0.05029218058344682,0.0361923548561807
0.06281243692351904,0.04871261119625295
0.05933518729066509,0.045235361563398975
0.05290450429886355,0.03880467857159743
0.050287066870696125,0.036187241143430006
0.05128166073697232,0.03718183500970622
0.05321155621272308,0.03911173048545698
0.07605584963651554,0.06195602390924943
0.06647622349495708,0.052376397767690944
0.048922342654395476,0.034822516927129364
0.047953628691788736,0.03385380296452262
0.0448489981446872,0.030749172417421092
0.044905073133770214,0.030805247406504088
0.06349622387404567,0.049396398146779555
0.052927787310187456,0.038827961582921344
0.051351141922670644,0.03725131619540453
0.05478209859452579,0.040682272867259665
0.04472747142550044,0.03062764569823434
0.0548846833344378,0.040784857607171675
0.06107192697612249,0.046972101248856375
0.035150586401980675,0.021050760674714564
0.05360569592405609,0.03950587019678997
0.06463729806744128,0.05053747234017515
0.04172862970674863,0.027628803979482523
0.04956286937495161,0.03546304364768551
0.0500742589115556,0.03597443318428948
0.06266014018001548,0.04856031445274937
0.040203728056259234,0.026103902328993112
0.053375553510573964,0.039275727783307846
0.04422570339688151,0.03012587766961541
0.05658739520355628,0.04248756947629019
0.06045161674023163,0.046351791012965535
0.06195474549937629,0.047854919772110184
0.03577503178453719,0.02167520605727109
0.04864681872539093,0.03454699299812481
0.046848425030975624,0.03274859930370951
0.05308728583961742,0.038987460112351276
0.047841430079074786,0.033741604351808674
0.06297823004316097,0.048878404315894866
0.05338235755758506,0.03928253183031895
0.053308243513015774,0.039208417785749655
0.03768723840815554,0.023587412680889427
0.04428082528488676,0.030180999557620648
0.07087313386219887,0.05677330813493273
0.03994708245225556,0.025847256724989453
0.04284793227562502,0.028748106548358895
0.07205253886115216,0.05795271313388606
0.05155740911938434,0.03745758339211822
0.05188779443873155,0.03778796871146542
0.03610225993608931,0.02200243420882319
0.03606100824564177,0.021961182518375665
0.05149728762330513,0.03739746189603904
0.056202633434678344,0.04210280770741223
0.06404486062515273,0.04994503489788664
0.06582412043574033,0.05172429470847421
0.03147146199267617,0.01737163626541006
0.025134283265491913,0.011034457538225783
0.0640219655415474,0.049922139814281286
0.06878656223544621,0.0546867365081801
0.05650920983268694,0.042409384105420826
0.05224679309639954,0.03814696736913342
0.05553370288989402,0.0414338771626279
0.05632972901567128,0.04222990328840517
0.055802531484553164,0.041702705757287045
0.03475121905339695,0.020651393326130845
0.06257034757040877,0.04847052184314268
0.05272652968768782,0.03862670396042171
0.052535693753990975,0.03843586802672486
0.05752341078463937,0.04342358505737324
0.04778238040743034,0.03368255468016423
0.06162355771811315,0.04752373199084704
0.06452401005974487,0.05042418433247872
0.047963122159883166,0.033863296432617054
0.058837833567583694,0.04473800784031758
0.05683091921443382,0.0427310934871677
0.05471268000351358,0.040612854276247466
0.060561460159670566,0.04646163443240446
0.06379876569349786,0.04969893996623179
0.05109620398447863,0.03699637825721252
0.06024371668438626,0.04614389095712015
0.05085098903502835,0.03675116330776223
0.05050465161716135,0.03640482588989522
0.04674599957626507,0.032646173848998955
0.0451161322213498,0.031016306494083684
0.08996573639487151,0.0758659106676054
0.06748887096302608,0.05338904523575998
0.05204322554869053,0.03794339982142441
0.05720932413724866,0.04310949840998255
0.049366337284578406,0.035266511557312294
0.05144477626214691,0.03734495053488081
0.05747902356988623,0.043379197842620114
0.07385910057077409,0.05975927484350797
0.06464338856118713,0.050543562833921044
0.04895329732093207,0.03485347159366597
0.029842034828386804,0.0157422091011207
0.06631003116268677,0.0522102054354207
0.042980116496731176,0.028880290769465057
0.05916192965010803,0.04506210392284191
0.05624309871258923,0.04214327298532311
0.05162454118255498,0.03752471545528887
0.04746693636394347,0.033367110636677334
0.050722451491417235,0.036622625764151116
0.05313610114255021,0.0390362754152841
0.05000553024932448,0.03590570452205838
0.04036637678537679,0.026266551058110675
0.04754834093904313,0.03344851521177702
0.058354778946402605,0.0442549532191365
0.047486438094231656,0.033386612366965544
0.04897558614306503,0.03487576041579891
0.06376360282575291,0.04966377709848678
0.046786727973415446,0.03268690224614933
0.06250871420218714,0.04840888847492102
0.06306424870059119,0.04896442297332509
0.06557764416221701,0.05147781843495089
0.06054863137300121,0.046448805645735086
0.047934730239077385,0.033834904511811266
0.03809902265187948,0.02399919692461338
0.055941710467445706,0.041841884740179594
0.05546382255012981,0.041363996822863694
0.04706019943961248,0.032960373712346364
0.06706123034434254,0.05296140461707644
0.028981534392382692,0.014881708665116556
0.03876106261399778,0.02466123688673166
0.06454703069045438,0.05044720496318827
0.050591762903481045,0.036491937176214934
0.058541331451683755,0.04444150572441764
0.05496685468359693,0.04086702895633083
0.053499479769762076,0.03939965404249597
0.05520471306533213,0.04110488733806602
0.04270096267010144,0.02860113694283532
0.05143757656521632,0.037337750837950205
0.05287953579446872,0.0387797100672026
0.0570038236452958,0.04290399791802968
0.0492686524558919,0.035168826728625806
0.04812160660756835,0.03402178088030223
0.06142925680810952,0.047329431080843386
0.059804814894020064,0.045704989166753966
0.06623267040155016,0.052132844674284064
0.05721154375397117,0.04311171802670505
0.03348084806589946,0.019381022338633352
0.049965879010253046,0.03586605328298693
0.0631290422850811,0.04902921655781498
0.04218922329386537,0.02808939756659927
0.06640820511963409,0.05230837939236798
0.04226554306720539,0.028165717339939302
0.06890374569532651,0.054803919968060374
0.05412065665433324,0.040020830927067125
0.049254863380693216,0.03515503765342712
0.0582171470986024,0.044117321371336275
0.04540670717588478,0.03130688144861868
0.05390555364590065,0.03980572791863452
0.05464015615692599,0.04054033042965987
0.0621879942017001,0.04808816847443399
0.049652338961076424,0.03555251323381032
0.06436901204318893,0.0502691863159228
0.07478034803283927,0.06068052230557314
0.044546221404132516,0.030446395676866394
0.03877932303335788,0.02467949730609179
0.05510872970745308,0.041008903980186945
0.045757658459037995,0.031657832731771876
0.04716044540624243,0.03306061967897632
0.04025515173720939,0.026155326009943265
0.06217116781910989,0.0480713420918438
0.04649296459661044,0.03239313886934433
0.05186051274707939,0.03776068701981328
0.060242856355923136,0.04614303062865703
0.054497151854750035,0.04039732612748394
0.06497397557771369,0.05087414985044756
0.05426137690880992,0.040161551181543804
0.05593616305890791,0.04183633733164179
0.05218683077909274,0.03808700505182663
0.04503987730233195,0.03094005157506583
0.07804017750533226,0.06394035177806615
0.055799593245411554,0.04169976751814544
0.04555987965068544,0.03146005392341933
0.06173347986519952,0.0476336541379334
0.06294525287801128,0.04884542715074519
0.06008592973784699,0.045986104010580876
0.04218367231361202,0.02808384658634592
0.04866387123152663,0.03456404550426052
0.07485910106995841,0.06075927534269233
0.04691114412813262,0.03281131840086653
0.056482674330956724,0.04238284860369061
0.054109135676552726,0.040009309949286594
0.056248932476467554,0.04214910674920144
0.05574937543458719,0.0416495497073211
0.05814868117669554,0.044048855449429436
0.0510045420604079,0.036904716333141796
0.04484849421335504,0.030748668486088943
0.049433926948508025,0.0353341012212419
0.05951523002612447,0.045415404298858354
0.061886457960075046,0.04778663223280896
0.06252586729402468,0.048426041566758574
0.05778542194362042,0.043685596216354296
0.05015990052353251,0.03606007479626639
0.05036063768013067,0.03626081195286457
0.07047839044265389,0.05637856471538776
0.06345744286434071,0.0493576171370746
0.06765531321395177,0.05355548748668564
0.05325194700184499,0.03915212127457888
0.056981818570459405,0.042881992843193294
0.05572692995742752,0.041627104230161416
0.04544203924828244,0.03134221352101633
0.05715508642128563,0.04305526069401952
0.050990788791225226,0.03689096306395911
0.05657654366740727,0.04247671794014116
0.06671267192808646,0.052612846200820323
0.06627111602962107,0.052171290302354976
0.05793385740474466,0.04383403167747855
0.0702870849788372,0.05618725925157105
0.061313952041871685,0.04721412631460557
0.06204905558944895,0.04794922986218284
0.0636772542989541,0.049577428571687975
0.046220770076807784,0.03212094434954165
0.03810730876466604,0.024007483037399947
0.05550075641496675,0.04140093068770063
0.05017393838519491,0.03607411265792878
0.04869621656313036,0.03459639083586425
0.05543784042961288,0.04133801470234677
0.048181540504172234,0.03408171477690612
0.05340650466096488,0.03930667893369876
0.0441340850148807,0.030034259287614593
0.056963974696677994,0.04286414896941189
0.0599643166576321,0.04586449093036597
0.05264700274038376,0.03854717701311764
0.054914304098443535,0.04081447837117741
0.04881189855862263,0.03471207283135652
0.06740468388992275,0.05330485816265665
0.04746878686952251,0.03336896114225639
0.04607293956338583,0.0319731138361197
0.04490458330568834,0.03080475757842224
0.05798014664946614,0.043880320922200025
0.05531319623683926,0.04121337050957316
0.04551331294924962,0.03141348722198351
0.05668737063182975,0.04258754490456363
0.05610639165366344,0.042006565926397316
0.0741662973465868,0.060066471619320674
0.055580003983266346,0.04148017825600023
0.055543020772681945,0.041443195045415826
0.04940609441356308,0.03530626868629695
0.05662853289933002,0.042528707172063904
0.05699542807060628,0.04289560234334017
0.05791279636695888,0.04381297063969278
0.04270257966423802,0.028602753936971925
0.061857452112561,0.047757626385294905
0.04185521080502969,0.027755385077763553
0.04609010277808457,0.031990277050818444
0.05205626293744231,0.037956437210176205
0.06868832512553194,0.05458849939826584
0.07330455801210845,0.059204732284842354
0.05127811006512335,0.03717828433785726
0.06468699034713545,0.050587164619869326
0.05182380951510147,0.03772398378783536
0.05390005543052829,0.03980022970326217
0.0496299404952896,0.0355301147680235
0.05801900208241136,0.04391917635514523
0.05598251875076816,0.04188269302350204
0.07743691076264665,0.06333708503538053
0.06986282042877924,0.055762994701513115
0.055950271099241077,0.04185044537197496
0.05002211914625633,0.03592229341899022
0.05767292972806107,0.04357310400079495
0.059358173649497574,0.04525834792223146
0.06674868599301977,0.05264886026575364
0.04610097982372713,0.03200115409646101
0.054261138862021586,0.04016131313475546
0.05464346743137441,0.040543641704108305
0.0611940383187958,0.04709421259152969
0.06962556843986378,0.05552574271259768
0.06779799761907979,0.0536981718918137
0.0479924250970223,0.03389259936975619
0.04373722581617006,0.029637400088903938
0.05404448375891027,0.039944658031644154
0.04821826885372113,0.034118443126455025
0.05096206855956108,0.036862242832294966
0.05605030593108719,0.04195048020382106
0.03608985802994702,0.021990032302680908
0.0637809993123052,0.04968117358503911
0.052815484629278694,0.03871565890201257
0.040053730292340925,0.025953904565074817
0.0571715966557717,0.04307177092850558
0.058720987682251036,0.044621161954984924
0.04339178621123579,0.029291960483969683
0.05142457173242838,0.03732474600516227
0.0603273660290361,0.046227540301769975
0.05619217951128104,0.04209235378401494
0.05296487272892449,0.03886504700165837
0.052089141729359655,0.03798931600209353
0.0454812161943311,0.03138139046706499
0.05428566674783553,0.04018584102056941
0.051814108461731484,0.03771428273446536
0.04880630515691519,0.03470647942964907
0.05834081322829193,0.04424098750102582
0.058148848792454064,0.04404902306518796
0.05358978268080782,0.03948995695354171
0.0581154311616012,0.04401560543433511
0.06561306288251052,0.05151323715524443
0.039279236358400964,0.025179410631134862
0.05428473006845083,0.04018490434118473
0.06008277328834939,0.04598294756108327
0.050619334068547336,0.036519508341281225
0.04102402421431725,0.026924198487051146
0.0443796561393601,0.030279830412094005
0.0583007954420803,0.04420096971481419
0.05065399965002274,0.03655417392275662
0.05742353386418997,0.04332370813692386
0.06067152487909568,0.046571699151829564
0.08362753174321501,0.0695277060159489
0.047313946764055044,0.03321412103678894
0.05534947811840462,0.041249652391138515
0.06909280619682572,0.05499298046955957
0.040755096854420365,0.026655271127154233
0.0610944820339761,0.046994656306709987
0.04886423279334404,0.034764407066077925
0.06405814270549495,0.04995831697822883
0.046061405244367096,0.03196157951710098
0.04331789004997833,0.029218064322712213
0.06826915427815916,0.05416932855089304
0.06783915294526215,0.053739327217996034
0.05818167554942463,0.04408184982215848
0.06347626777150416,0.04937644204423803
0.05612542722483489,0.04202560149756878
0.059708575255888977,0.04560874952862288
0.05284408196034504,0.03874425623307893
0.047207062553965215,0.03310723682669909
0.05642972401089215,0.042329898283626016
0.05841072987956317,0.04431090415229704
0.041530982097273524,0.02743115637000741
0.07372248122287481,0.05962265549560871
0.054547754126234034,0.04044792839896793
0.05486625862474346,0.040766432897477355
0.04636871906016923,0.03226889333290313
0.049302243262140714,0.03520241753487458
0.062010404064513504,0.0479105783372474
0.06093238158920247,0.04683255586193637
0.04995912146729998,0.03585929574003388
0.06463761307054772,0.0505377873432816
0.060180474475616134,0.046080648748350016
0.02556024638323466,0.011460420655968558
0.06505729553660225,0.05095746980933613
0.0540942997396085,0.03999447401234239
0.0740952044016542,0.059995378674388075
0.05771973594984735,0.04361991022258123
0.04235245365973794,0.02825262793247183
0.058094843275584375,0.04399501754831827
0.05939816257898204,0.04529833685171593
0.05028634612934972,0.03618652040208363
0.026760261295521556,0.012660435568255437
0.05048494652778274,0.03638512080051663
0.050499537493115025,0.03639971176584891
0.05007411431928928,0.03597428859202315
0.04176935538285809,0.027669529655591957
0.0254238588233439,0.011324033096077775
0.05052305357945146,0.03642322785218537
0.04383066592256665,0.029730840195300545
0.03957272517152329,0.02547289944425718
0.06581788234096954,0.05171805661370341
0.05247254958379361,0.038372723856527506
0.07527091507767181,0.061171089350405695
0.06142354811379312,0.04732372238652702
0.05111179821782669,0.03701197249056057
0.07373785961475791,0.05963803388749179
0.030724500360541918,0.016624674633275816
0.06401255294219844,0.04991272721493231
0.03270010476652279,0.018600279039256686
0.06446489354219434,0.050365067814928256
0.058991146829935316,0.044891321102669225
0.05909424214209431,0.044994416414828195
0.06474146820140975,0.05064164247414365
0.05268793669075134,0.03858811096348523
0.053342981978827406,0.03924315625156128
0.051817466392742956,0.03771764066547684
0.0679550078501951,0.05385518212292902
0.056935936418646284,0.042836110691380186
0.04929572855415242,0.03519590282688632
0.04113348211251439,0.027033656385248295
0.05503917087579731,0.04093934514853117
0.07480653474575752,0.060706709018491435
0.04802910422259961,0.03392927849533349
0.06052262114133841,0.04642279541407228
0.06402265542307259,0.04992282969580647
0.05271344018438488,0.03861361445711879
0.06202778358346631,0.04792795785620018
0.05363477633986812,0.039534950612601975
0.03909337577360825,0.024993550046342124
0.05164127334837195,0.03754144762110581
0.05777190351355901,0.04367207778629288
0.041194135866877896,0.0270943101396118
0.06409153650662934,0.04999171077936322
0.04281092788221432,0.028711102154948206
0.06241119538313504,0.04831136965586892
0.05426470323430133,0.040164877507035214
0.07166713264665361,0.0575673069193875
0.043460785376505245,0.02936095964923912
0.05940221350147334,0.04530238777420721
0.03000036140819981,0.015900535680933695
0.056722541189252754,0.04262271546198665
0.062306488439365725,0.04820666271209961
0.055771337696330345,0.04167151196906423
0.06676883128367886,0.05266900555641274
0.05885750357177682,0.0447576778445107
0.04756437202415891,0.03346454629689281
0.05010167833800927,0.036001852610743144
0.06037925702409919,0.046279431296833075
0.05808839641246111,0.04398857068519498
0.06225854670423871,0.0481587209769726
0.06911637164231622,0.055016545915050154
0.05324939529310874,0.03914956956584262
0.0685948584765037,0.05449503274923759
0.0668190060200697,0.05271918029280359
0.04211459128789122,0.028014765560625106
0.06594202857252215,0.05184220284525602
0.056002537806959116,0.04190271207969298
0.053878876983528445,0.03977905125626234
0.05428057450467511,0.040180748777409
0.053437013365341623,0.03933718763807552
0.06329241613532503,0.04919259040805893
0.05141564792582411,0.037315822198558
0.03718902492077107,0.023089199193504967
0.058701185288886605,0.04460135956162048
0.061970352874244045,0.04787052714697793
0.07002587086259388,0.055926045135327764
0.05359678737500314,0.03949696164773704
0.05884417268460495,0.04474434695733886
0.0430922315343106,0.02899240580704449
0.057032733999044065,0.04293290827177795
0.051023649693162476,0.03692382396589637
0.04522552298988878,0.031125697262622678
0.06163972304292366,0.04753989731565755
0.062316469062073436,0.04821664333480733
0.03721003661715662,0.023110210889890487
0.06969824874173348,0.055598423014467366
0.04793045710685357,0.03383063137958746
0.04932713197910614,0.03522730625184002
0.0701384600922176,0.056038634364951476
0.055809710440322964,0.041709884713056866
0.06319455867180925,0.04909473294454314
0.05511160748643088,0.04101178175916474
0.06416618028136475,0.050066354554098656
0.0687285236138573,0.05462869788659122
0.03953299896803687,0.025433173240770764
0.0541773704145522,0.04007754468728608
0.05827938584042152,0.04417956011315542
0.05416387966673029,0.04006405393946418
0.0462309038381131,0.032131078110846985
0.04820357002161885,0.03410374429435273
0.044137823691477195,0.030037997964211093
0.06141120721735787,0.04731138149009175
0.046919447795536307,0.03281962206827018
0.06292250182485816,0.048822676097592055
0.053698851792505095,0.03959902606523898
0.04938862545509819,0.035288799727832075
0.05553788523773148,0.041438059510465364
0.060303134883406176,0.04620330915614007
0.060168522528784,0.046068696801517886
0.06659068594616593,0.05249086021889985
0.05622418141619566,0.042124355688929555
0.05826895680743374,0.04416913108016764
0.06324801746874745,0.04914819174148134
0.06485160848422325,0.050751782756957124
0.05794594206013917,0.04384611633287307
0.0361969405715987,0.022097114844332577
0.04118527534829558,0.027085449621029465
0.05145616302661295,0.03735633729934682
0.06970916348619617,0.05560933775893006
0.04902265161698674,0.03492282588972065
0.05697210857502365,0.04287228284775754
0.05104930472457454,0.036949478997308445
0.06232137615124113,0.048221550423975
0.05745818460303965,0.04335835887577354
0.0705654195803243,0.05646559385305819
0.06177054551622128,0.04767071978895516
0.05848259707830002,0.04438277135103392
0.04283616689382435,0.028736341166558224
0.04544351901126099,0.031343693283994875
0.06086718294675925,0.046767357219493134
0.07734696586521385,0.06324714013794774
0.06799383438570351,0.05389400865843739
0.04485670196966466,0.030756876242398538
0.07501454404056093,0.06091471831329483
0.03781021879888597,0.023710393071619835
0.05311879653855869,0.039018970811292575
0.0372147143773011,0.023114888650035005
0.06202704454514805,0.04792721881788193
0.05220914444023832,0.0381093187129722
0.05087349795858205,0.036773672231315925
0.052131295338577584,0.038031469611311486
0.05538396885254619,0.04128414312528008
0.05838762391395297,0.04428779818668685
0.053016868189081884,0.03891704246181578
0.056058003551378986,0.04195817782411291
0.06026416219893963,0.04616433647167353
0.06157701002390378,0.047477184296637664
0.06211756453342474,0.04801773880615863
0.04691972833331096,0.032819902606044844
0.06103402349512817,0.04693419776786205
0.05102897107140364,0.03692914534413752
0.03615413310140039,0.02205430737413428
0.035464414153560345,0.021364588426294233
0.0673257870495196,0.05322596132225351
0.06323264557953617,0.049132819852270075
0.0622977351559354,0.048197909428669305
0.04119165760667376,0.027091831879407675
0.0507917386883364,0.036691912961070286
0.03619878821803294,0.02209896249076682
0.05364499479945891,0.0395451690721928
0.0652341424050958,0.051134316677829666
0.06874013296261061,0.05464030723534449
0.04963789560601698,0.03553806987875088
0.051670555354806774,0.037570729627540676
0.05001659444494212,0.035916768717676004
0.045226013351152936,0.031126187623886824
0.04166494271861298,0.027565116991346877
0.050336115311978825,0.03623628958471272
0.054689656126574185,0.040589830399308094
0.05155445874394427,0.037454633016678174
0.04907519714050571,0.03497537141323959
0.055914896688251184,0.04181507096098507
0.06674029452529505,0.05264046879802894
0.057201528958608965,0.04310170323134285
0.0562246489959406,0.042124823268674505
0.06025937535918494,0.04615954963191883
0.06940610057759129,0.055306274850325174
0.048814142951362244,0.03471431722409613
0.04512247682379022,0.031022651096524113
0.05051156229030376,0.03641173656303766
0.055297276424827874,0.04119745069756177
0.0552000254314547,0.04110019970418857
0.04772353900499647,0.03362371327773034
0.06082834719397531,0.04672852146670919
0.05061404081485859,0.03651421508759248
0.03855527275038711,0.024455447023120996
0.05762351167261707,0.04352368594535096
0.042104973080984764,0.028005147353718656
0.03640240303617528,0.022302577308909173
0.0697042895172777,0.05560446379001159
0.0525771080648562,0.03847728233759011
0.06394996789671716,0.04985014216945106
0.050904779376627775,0.03680495364936167
0.04919198526735847,0.03509215954009234
0.06041183043248076,0.04631200470521465
0.05148434267711181,0.03738451694984572
0.04922796246156788,0.03512813673430177
0.05687708608290225,0.042777260355636115
0.05640250256940858,0.04230267684214248
0.05518805622598841,0.041088230498722296
0.04633097062473527,0.03223114489746917
0.04802886352506014,0.03392903779779405
0.06168509642265825,0.04758527069539215
0.04442939891244949,0.030329573185183385
0.05904903764610368,0.04494921191883758
0.06283506687835103,0.048735241151084935
0.0583115256278813,0.04421169990061518
0.048718860196620264,0.03461903446935415
0.050227007876508384,0.036127182149242265
0.06293615257655466,0.04883632684928855
0.05980747692939968,0.04570765120213356
0.03669888042876143,0.022599054701495314
0.059164264943862996,0.045064439216596884
0.06503484626221198,0.05093502053494585
0.055769076826673994,0.041669251099407875
0.05256578823973819,0.03846596251247208
0.04507713381776878,0.03097730809050266
0.03902338490034391,0.02492355917307781
0.04948645732891035,0.03538663160164425
0.05187274901274619,0.03777292328548004
0.07327164551775114,0.05917181979048503
0.06970495221598406,0.05560512648871795
0.0740199145916965,0.05992008886443039
0.04800155106627914,0.033901725339013034
0.06491274816924181,0.050812922441975716
0.05006894882025809,0.035969123092991974
0.06644040812782749,0.052340582400561386
0.056848427800834996,0.042748602073568856
0.04435732336090854,0.03025749763364244
0.05060851825991709,0.03650869253265098
0.07283694402096705,0.058737118293700936
0.04793752305515179,0.03383769732788566
0.05893848282228576,0.044838657095019656
0.049778952263021384,0.03567912653575528
0.039390762844381436,0.025290937117115303
0.059722072730199485,0.04562224700293338
0.04613325127349276,0.03203342554622665
0.06374807634173026,0.04964825061446414
0.05073739111383456,0.03663756538656844
0.04776317820170685,0.03366335247444073
0.05907050100149008,0.044970675274223965
0.03434074253948069,0.020240916812214575
0.054202554968174325,0.040102729240908214
0.06431341097204368,0.050213585244777564
0.059505996166266166,0.045406170439000054
0.050282323211827955,0.036182497484561836
0.07124947434014436,0.05714964861287825
0.07639904922538428,0.06229922349811817
0.05304411077454763,0.03894428504728152
0.052228459088394304,0.038128633361128185
0.04198226752562563,0.02788244179835953
0.06961704287882241,0.055517217151556296
0.05659455634388768,0.04249473061662155
0.043877536215776475,0.029777710488510363
0.05019249744843164,0.03609267172116553
0.04848780773828398,0.03438798201101786
0.0673015362078886,0.05320171048062249
0.05972835699028947,0.045628531263023346
0.06397061398337976,0.04987078825611365
0.04896812093326745,0.03486829520600136
0.06333316172228033,0.04923333599501423
0.05322981745314873,0.03912999172588261
0.01771773465402402,0.0036179089267579
0.052047305723601466,0.03794747999633535
0.06829003975525773,0.05419021402799165
0.05822776718088867,0.04412794145362257
0.04879373424132233,0.03469390851405621
0.04681136209418304,0.03271153636691693
0.0596611873001765,0.0455613615729104
0.06482840648612676,0.05072858075886063
0.031240422201591376,0.017140596474325268
0.05019432727740476,0.03609450155013866
0.04752174817810156,0.03342192245083546
0.0607796515620913,0.04667982583482517
0.043920177885874205,0.02982035215860811
0.04736361660603213,0.03326379087876602
0.059941251685939875,0.045841425958673784
0.04203798671018545,0.027938160982919357
0.05453688940172202,0.040437063674455924
0.07039851922890314,0.056298693501637
